Country,1949,1950,1951,1952,1953,1954,1955,1956,1957,1958,1959,1960,1961,1962,1963,1964,1965,1966,1967,1968,1969,1970,1971,1972,1973,1974,1975,1976,1977,1978,1979,1980,1981,1982,1983,1984,1985,1986,1987,1988,1989,1990,1991,1992,1993,1994,1995,1996,1997,1998,1999,2000,2001,2002,2003,2004,2005,2006,2007,2008,2009,2010,2011,2012,2013,2014,2015,2016,2017,2018,2019,2020,2021,2022,2023,2024
,,,,,,,,,,,,,,,,,,,,,,,,,,,,,,,,,,,,,,,,,,,,,,,,,,,,,,,,,,,,,,,,,,,,,,,,,,,,
Africa,,,,,,,,,,,,,,,,,,,,,,,,,,,,,,,,,,,,,,,,,,,,,,,,,,,,,,,,,,,,,,,,,,,,,,,,,,,,
North Africa,,,,,,,,,,,,,,,,,,,,,,,,,,,,,,,,,,,,,,,,,,,,,,,,,,,,,,,,,,,,,,,,,,,,,,,,,,,,
Algeria,...,...,...,...,...,...,...,...,...,...,...,43.143085155943,45.9787808938923,...,66.4363001462409,99.8569999149291,105.528391390828,104.515642912989,99.2493508282257,99.2493508282257,99.2493508282257,98.8442514370901,99.9462610734758,109.942841328331,136.757097791798,260.168630030497,332.25215918327,480.640373503177,471.669447954548,627.852442068635,711.681247356142,890.174464813874,806.569334609262,932.452707749462,952.43067156699,929.290821271549,953.299653924182,1127.10321713537,1196.97138403296,1028.61142529633,854.300945251138,904.269155155841,565.098062567328,1053.30164269261,1276.91108312558,1334.9116476746,1234.65519158587,1452.43100774627,1752.39527754721,1910.9620524694,1826.49656997712,1881.16364911945,2091.6272744933,2100.60252077322,2206.39576200013,2802.22479413161,2924.82016695712,3093.97824536867,3945.81512546831,5172.33690704026,5280.58815594226,5671.30911730702,8652.23704000252,9326.28714403632,10161.5882391481,11863.2125278272,10407.3452443615,10217.0816995693,10073.3640213013,9583.7242883703,10303.6005752107,9708.27744022726,9112.46110534894,9145.81017420728,18263.9679682621,21811.2425550313
Libya,...,...,...,...,...,...,...,...,...,...,5.57199777120089,5.57199777120089,7.16799713280115,16.6879933248027,18.675992529603,21.4759914096034,29.1199883520047,58.5199765920094,79.5199681920127,95.4799618080153,143.079942768023,242.479903008039,243.035871645628,202.768227100414,298.307480018398,431.682379049556,287.788252699704,326.295131582059,479.64708783284,729.941800568145,853.569148558863,1074.13925303411,557.334522313648,709.332450608506,...,...,...,...,...,...,...,...,...,...,...,...,...,...,1251.99081728745,1443.62175826714,1153.48708849079,1085.53466487046,819.747993600677,452.513614757453,541.401766516621,685.073220074025,690.930769348354,614.356296200431,639.137046188937,1100.06865212985,...,...,...,2987.41340773267,3964.69015413652,3755.65249635093,...,...,...,...,...,...,...,1214.86455824526,1573.68277731469,...
Morocco,...,...,...,...,...,...,...,23.7142857142857,35.4019797233071,41.6922776372152,41.8805173475672,41.5967623688615,48.2759574665694,53.84854035874,74.8939331961925,69.9932220002411,63.175700376841,67.9380850471002,70.3489187805924,90.9002883120014,84.9720086394796,88.9241950878275,111.288010202061,140.446991603665,185.783993844536,241.889161214435,413.326127886805,577.239433305199,731.455472037483,772.559381952495,896.353802001985,1117.95562216605,975.581462792181,959.485440858573,628.1534229932,512.454401205829,692.472049689441,728.545632680319,815.38610613657,917.269144795746,990.555090202011,1069.7204919962,1148.44571041342,1228.5265528756,1251.78653813271,1365.25001874448,1437.89870073909,1447.12868924308,1400.94950095045,1444.95971646388,1007.81076290081,1043.42343020629,1470.31761479253,1474.87432626173,1819.23007024998,1937.52382155205,2031.13138056246,2134.59487606275,2408.3502495627,2944.958472736,3055.06944185873,3160.80483203361,3342.69895560745,3402.70083584055,4065.55231693534,4048.61252435018,3268.36337566571,3327.03188964856,3461.46153138359,3696.8569447441,3721.32383745287,4830.95639351169,5378.36653520747,4995.02807383515,5184.92839954239,5517.92439923385
Tunisia,...,...,...,...,...,...,...,3.71428571428571,6.41114982578397,9.52380952380952,14.2857142857143,15.952380952381,18.5714285714286,14.2857142857143,15.2380952380952,17.4789915966387,12.7619047619048,13.7142857142857,15.4285714285714,17.5238095238095,16.952380952381,22.4761904761905,24.8605419215669,31.6506771358443,38.1882181045361,46.5054477810258,75.3231062950727,83.9601189435018,121.692504953957,148.496651616763,160.900649999262,194.096119559259,228.835732395849,328.600426283294,383.489474296776,249.474468772568,215.938722294654,206.793454647122,194.409783482288,232.920340777147,234.062029597997,247.855881539234,260.43103066013,289.677115168701,276.167134915416,297.068854727893,342.902458366376,397.469509188336,358.16657775045,365.849374736546,357.013395378637,332.389762745499,335.647906805402,345.42423666941,407.385561057386,444.651416734245,468.46457997734,497.212663971991,490.650558781295,578.911487330985,564.775933702148,571.189045689535,715.239597096137,681.225950611119,759.358881242845,908.359962890424,979.306829765545,987.7347052158,858.949581256569,844.227367128514,1000.92213114754,1157.37236701178,1250.45438022537,1156.18691569354,1208.20418972994,1313.68326315451
sub-Saharan Africa,,,,,,,,,,,,,,,,,,,,,,,,,,,,,,,,,,,,,,,,,,,,,,,,,,,,,,,,,,,,,,,,,,,,,,,,,,,,
Angola,...,...,...,...,...,...,...,...,...,...,...,...,...,...,...,...,...,...,...,...,...,...,...,...,...,...,...,...,...,343.271609064777,504.712881877131,497.35944916104,618.89163714152,668.493883280968,778.628250551507,1066.24774383314,1146.46700982686,1156.49441807607,1487.39889030015,1469.38298014573,1948.55939568153,1751.15315194866,1031.24778804428,794.138821161656,1774.39787682742,594.991178694447,233.8437148893,159.741933468199,456.780475026196,170.278292568682,1066.58878923285,583.621333598924,404.299139990661,438.686245411232,670.021164432494,817.533582152083,1365.05539869044,1970.30911518376,2032.4328834343,3163.59114740902,3311.19324527722,3500.79483644649,3639.4963735446,4144.63485146856,6090.75170200884,6846.24931334052,3608.29911461674,2764.05493715976,3062.8729139838,1983.61374800089,1470.93871728754,993.594404625879,981.451011871799,1622.76373195097,1247.84634508517,922.050813886942
Benin,...,...,...,...,...,...,...,...,...,...,...,1.3010053222945,2.17320394683193,2.73453761825855,2.96307179939269,3.80366245352553,3.99492371287149,3.72438720601763,3.9105532091333,4.29382182457132,4.01598701343663,4.09908720238203,4.2853614956638,4.90421699176282,6.6984014464599,6.44772647016057,7.8576661238469,7.16049382716049,10.147346141322,8.55284149324636,17.562828480364,23.6179477470655,17.1861142085371,16.554779888377,17.7659513050233,21.2377876999339,19.8102225199939,26.277338538749,35.6029374087051,36.9315892670087,28.525930384191,32.8172919765669,...,...,...,...,...,...,...,...,17.8431343887192,14.4962751553423,13.112535622252,26.0004476404185,34.5440467997247,41.7804783402898,44.7060295600871,46.7861309261986,...,64.7246011098581,...,...,...,78.2230910412182,86.0031576390576,92.9907061881213,90.8960858906078,79.5815680520594,116.14278236694,90.2124259945842,68.1123903078378,71.8178184788086,97.4244888098852,110.010370317322,149.035288004743,154.107719732787
Botswana,...,...,...,...,...,...,...,...,...,...,...,...,...,...,...,...,...,...,...,...,...,...,...,...,...,...,...,...,5.65050596227849,14.3058622942268,24.355619031493,31.8440606002123,31.1626817474526,23.5514635899229,24.4546142415651,26.1096605744125,20.9979133487861,34.3109081814021,73.8263428115359,93.7470947560689,102.798415794411,156.250839841545,172.269188151724,177.986045607732,185.671482870903,170.433762315386,165.873977801105,140.560134769268,160.507675114223,181.051047355817,169.578756162962,184.718394612119,210.322093556759,223.549258826132,301.014357778797,314.038897140142,283.835745105521,272.934274753837,306.451402712573,332.400254289673,330.14727873948,348.67272529226,363.324481153045,326.87416165079,306.438573576809,346.281321660338,383.739877542959,514.463449229697,522.430455515621,498.087432354654,514.720930232558,499.027479519605,536.630400905482,512.727689054822,485.567870046926,567.822651448639
Burkina Faso,...,...,...,...,...,...,...,...,...,...,...,1.26837822957238,1.64315420370219,4.9017607157142,5.28128775263656,5.35859313463414,3.50933032999947,3.90755378992014,3.69510693045963,3.76062852180235,4.0236804751482,4.18591694012004,4.34346809221517,4.94786293586427,6.07925918282194,6.26908456409298,18.0623667253036,19.5312826951245,22.9037772712471,32.372283475733,32.0324178975376,35.360658841348,33.9158947635713,32.8661071313366,29.3177559792792,26.9683286913815,27.1066168369084,51.180170138548,50.7125578547733,57.1868872713599,66.8165061691243,84.4655023598333,69.5055422233408,71.1166185604401,60.5269756288781,30.2590934879909,36.8628142354572,37.1418741398724,38.5492462337386,39.4947385550011,41.7411754769782,36.6585390518782,36.832965231045,42.4684499589663,50.7570543702684,65.6842424070341,73.8433421553535,72.6328673334736,107.816728462423,116.999586873751,127.333296624635,123.700474683864,138.850860201837,147.72969891896,166.136345235204,177.166971776294,147.93473666413,149.467363227452,191.065838764304,305.781079057984,357.921557517774,382.464677360491,458.279098444886,562.583349170273,827.153018861823,1023.67222014258
Burundi,...,...,...,...,...,...,...,...,...,...,...,...,0.38,8.42,1.012,1.162,2.15348148148148,2.28685714285714,2.376,2.59085714285714,3.33714285714286,...,2.62857142857143,3.6,5.92306759919576,7.68253968253968,8.53333333333333,9.97101449275362,13.9555555555556,17.0333333333333,20,27.7633333333333,29.9955555555556,36.6655555555555,34.3696442000553,29.9384340358703,32.2202981166781,34.6077375165322,30.7848564306756,34.2554934292532,37.9032817157947,39.6023473767189,42.7517588271914,38.9864764309684,36.267402586704,41.9097450348687,42.1089298798432,50.8939807826337,61.87012382539,58.7360362332111,50.5711882632257,42.3215522157761,53.2303731063777,44.9100670535236,43.4132013079382,44.8723771459715,49.5571293847889,44.7175020414512,46.3087062216348,43.8563199487218,...,...,...,58.9666622761714,60.8595000932422,62.1774287401455,66.1645844355924,66.4628430779874,63.9086784320088,65.4365952627955,84.6894139182017,67.474092716297,68.3763971357831,101.434221215165,145.168021651148,171.829784578258
Cameroon,...,...,...,...,...,...,...,...,...,...,...,...,...,...,...,...,...,...,...,...,...,20.3398660651295,21.5012565551504,24.8940593902265,31.6368237104568,34.6253713051245,46.7703779052134,48.4703912952501,55.1672907847607,71.436168327011,88.3547540921954,99.8674744414994,120.247597808126,131.616586428732,129.898757695517,127.24364182288,116.190293881312,145.41186118635,163.128000878428,154.37068571889,146.869357508276,180.577745946045,178.198343181842,183.796639112629,168.175220632639,94.5173404418188,113.575532707734,116.936303640686,118.711118801924,137.245911531786,144.704636518818,123.034343854287,124.301708367495,145.626610501185,188.499655884377,221.107924699736,223.084623143015,256.92784333225,296.698917304968,346.586125657373,343.265153985929,354.054397842016,347.477885670932,354.447463111647,392.840630898917,401.529118101393,353.815494553489,387.43783087299,408.15757513556,429.89218057235,422.294771980244,393.299390063774,443.336832005677,416.638021640202,456.569091888027,534.85200533635
Cape Verde,...,...,...,...,...,...,...,...,...,...,...,...,...,...,...,...,...,...,...,...,...,...,...,...,...,...,...,...,...,...,...,...,...,...,...,3.68765014214536,3.39402193782283,4.45443191020264,4.96786070118594,5.07857217192216,...,...,...,3.55790266048787,2.73541340800183,3.43139888729869,6.20663003410394,4.26193978799271,4.09973738069711,4.51315487863892,5.00473420803463,6.80107279821535,4.6385561722985,4.52085893759388,5.78283164283594,6.45215049162459,7.0824165475926,6.98515483949502,7.94365959432723,10.7587159680387,8.40292729263226,8.23936929189467,9.75753656239718,9.73638583866217,9.81567163454704,10.0488620699012,8.92221945508732,10.171216502214,9.35438416628162,10.714071127336,9.72806108978655,11.279268103582,11.2137234293559,10.2506682732186,14.3539383205322,16.8272249254434
Central African Republic,...,...,...,...,...,...,...,...,...,...,...,...,...,...,...,...,...,...,...,...,...,...,...,...,...,...,...,...,...,...,...,...,...,...,...,...,...,...,...,...,...,...,21.5981879216042,23.1854381696462,19.1444503695751,10.6897452292396,13.0141761561701,12.1962185662455,...,...,...,...,...,10.6819629606249,15.0189263592567,15.1035899183206,15.3961946506708,...,19.1125197436919,31.5114837931689,35.9923843570119,51.5852745029549,49.8743287289188,42.7460251857394,47.9232414489087,38.4070099214563,26.7038856228391,26.8329988201935,27.5162641779352,30.5176484136581,40.7776666587025,44.348098076355,55.5150120969341,42.0018026564659,62.5270218134447,71.1749699459274
Chad,...,...,...,...,...,...,...,...,...,...,...,...,...,...,...,...,...,...,...,...,...,...,...,...,...,...,...,...,...,...,...,...,...,...,39.3632599077325,40.0497074082804,37.8397508808871,48.8007715719624,34.2719864775385,77.8920791813274,56.4249172434547,34.3415422474428,...,35.3240747736992,39.2000367279623,22.1539791608505,20.0341381714441,24.8264106092831,16.6190083763229,16.1030049902365,20.9517962510902,21.3490342371091,26.1923308309653,34.2904038520032,40.949759119064,50.5409012180925,55.4915179688626,222.991451356882,389.135909628662,611.426848739965,738.903737086657,615.817007452395,609.70699308702,...,726.459396000324,392.382954592792,220.982331558035,309.567431726812,219.081031370278,253.174123337364,234.709654958205,322.86652649139,330.998078191986,331.746766049468,372.751855723359,557.711240140698
"Congo, DR",...,...,...,...,...,...,...,...,...,...,...,...,...,...,58.2178217821782,49.8181818181818,78.9090909090909,78.3636363636364,45.9076486811277,50.4790419161677,72.4550898203593,102.395209580838,101.796407185629,94.0119760479042,102.395209580838,189.221556886228,173.652694610778,120.795356005498,161.471103327496,214.951895990555,190.944707620256,152.183674978539,71.6715839625418,147.162426614481,78.9197997904784,53.4035414105844,40.3713441672132,67.4363129447526,28.297227672553,214.939929101904,67.4947490973167,45.933813550475,43.8919872097209,85.5272943626357,469.173805489934,...,...,89.2698799838198,83.8250409227607,26.629667191379,149.277860267765,132.883821703899,...,...,78.708031879861,137.637805525238,165.205060897896,205.102086576592,205.217223028544,159.998426584992,122.378010980679,183.68209750826,238.787546588275,332.493979374942,374.475653351818,341.224634406213,491.276877079054,395.733745247056,295.23607431758,295.34836463547,352.70956559682,362.091615539271,306.078782560613,371.08159985082,794.244598072275,899.187778403836
"Congo, Republic",...,...,...,...,...,...,...,...,...,...,...,...,...,...,...,...,...,...,...,...,...,13.1004366812227,13.7494734089688,12.7446156776231,19.4267101561764,24.1374296337841,33.4930685492714,34.3377275580665,36.6330185607294,37.9604353529266,52.5662601893551,57.4166982203711,63.5352609750084,72.4271620116492,...,49.4236274965271,55.6466924718929,...,100.513414321697,...,...,...,...,125.617699061551,109.477580051066,...,...,...,...,...,...,...,54.4459435309718,70.7042302019547,93.7766689607708,124.298437396481,100.91607452964,126.569641798466,168.079588204487,207.724344301649,...,218.390920636331,...,...,367.05729547164,704.893729407907,...,501.812144937836,371.937055076808,292.260465250187,299.953238969346,298.382191947452,313.055831486947,265.847972729665,284.994429664049,182.044402521739
Cote d'Ivoire,...,...,...,...,...,...,...,...,...,...,...,...,...,8.7668459761483,8.06477944297515,11.190603484514,12.9029098877422,13.2694014116038,14.7113223116979,15.3050713953911,16.1562695942853,17.727738121511,23.9689710774416,31.7425048010539,28.7138441107457,41.1291830248645,45.8861571626546,52.4628583385646,51.4490394008466,86.764810153508,102.735025056177,118.473116243847,92.0027527223615,86.4256891231444,76.2518828759323,70.1647988245983,69.5650431929627,96.5591124612337,122.780223400114,128.102253498429,129.676998695957,143.973702091712,144.168701946425,156.797334260197,148.635238360944,84.0716492106519,...,102.660140122607,93.5256112625478,...,...,...,...,...,213.007570543703,250.811588441845,249.872978076395,267.360247853277,323.619193476705,368.910574915421,420.059044529063,387.692139954006,357.330259014212,407.596534123237,430.003610836489,521.26052925103,569.671621544538,602.538731235354,501.578732245649,607.848217884494,535.951382180975,607.1558899682,637.656912817499,607.24569955657,682.177111349214,658.353218218127
Djibouti,...,...,...,...,...,...,...,...,...,...,...,...,...,...,...,...,...,...,...,...,...,...,...,...,...,...,...,...,...,0.045014376466484,0.045014376466484,1.81745544983429,5.35108400245328,29.6082061208298,30.9023694442413,31.133068123632,31.3919007883143,30.6041492001508,30.8179674883666,31.0599197618739,31.0880537471655,31.1161877324571,31.7745229882794,33.6257392204635,31.0655465589323,30.7110583442587,29.6082061208298,24.5272083771755,26.5528553181672,26.7047788387416,26.7790525599113,26.0250617540977,26.0481316220368,33.2509945363801,41.763775805898,37.3557429904176,44.8472605938522,49.5158141131324,34.5187119136174,36.2748352755161,...,...,...,...,...,...,...,...,...,...,...,...,...,...,...,...
Equatorial Guinea,...,...,...,...,...,...,...,...,...,...,...,...,...,...,...,...,...,...,...,...,...,...,...,...,...,...,...,...,...,...,...,...,...,...,...,...,...,...,...,...,...,...,...,...,...,2.379301339145,3.44787517930554,...,...,...,...,...,...,...,...,...,...,...,196.314371738509,292.754658835877,371.927587857327,...,...,...,...,166.540270521497,137.262659565475,139.200817641802,136.210361388331,149.498690044337,148.636933022503,162.373364380419,162.807132671218,156.791634919832,162.192394152675,113.135237554975
Eritrea,...,...,...,...,...,...,...,...,...,...,...,...,...,...,...,...,...,...,...,...,...,...,...,...,...,...,...,...,...,...,...,...,...,...,...,...,...,...,...,...,...,...,...,...,107.737649233228,80.1983112103967,124.996349879465,152.27180856,92.7563194081848,263.001685699266,272.856734575223,230.67012987013,166.550245368938,150.76442521242,181.583668998912,...,...,...,...,...,...,...,...,...,...,...,...,...,...,...,...,...,...,...,...,...
Ethiopia,...,...,...,...,...,...,...,...,15.0736374357509,16.2006383655267,15.1943875353697,15.3352626515917,18.5552653080939,20.1853916529481,27.2895225138561,36.14,42.9,43.42,37,34.66,34.42,34.54,36.1342380929464,41.0434782608696,48.4335914234664,74.7584541062802,125.072463768116,128.04347826087,135.048309178744,178.212560386473,276.328502415459,359.323671497585,366.980676328502,387.367149758454,408.405797101449,423.019323671498,429.444444444444,439.202898550725,476.618357487923,614.855072463768,781.521739130435,785.048309178744,529.033816425121,255.343443354148,163.85,148.691674290942,122.460147475046,126.454733235931,225.41710511019,458.549925448748,703.704869526897,617.5416136279,349.808276450815,288.932333459776,278.673159931532,311.038748989645,342.066638665934,345.687017021091,360.140308612027,388.187596747412,339.627767966309,303.617033089052,332.441772391593,366.539017667525,345.064165844028,414.476025830071,442.532624456259,490.177248532075,513.827452373392,516.9770761594,535.978018203675,754.47412879764,1595.54372901487,1785.60382839192,1409.02010100844,921.66526386463
Gabon,...,...,...,...,...,...,...,...,...,...,...,...,...,...,...,...,...,...,3.00811785317946,2.98911397006847,4.35065259788968,4.63815515750553,5.49833669867372,6.67386163442157,9.42173009883844,10.4941733657381,16.8445217975578,20.1171793262189,28.9278736567893,...,56.8817517699157,68.6293070806513,88.322642613467,88.5558997705459,86.5991717970116,80.3282702874654,95.4897242817681,136.006884085173,...,...,...,...,...,...,...,...,...,...,...,...,...,91.295212198164,90.0361372314433,94.6931654490465,108.396421197522,125.12185657363,118.111430456445,130.237717301918,...,...,...,268.738503907914,265.965337617035,278.143957126655,282.163387579953,208.124773338136,170.374503339251,202.815390680402,267.43077080282,261.217395059596,266.879196119858,263.471597129303,311.454928635429,277.674768990569,265.385802631879,319.095920726509
"Gambia, The",...,...,...,...,...,...,...,...,...,...,...,...,...,...,...,...,...,...,...,...,...,...,...,...,...,...,...,...,...,...,...,...,...,...,0.727666880166151,0.846805020005245,1.2442634191691,1.04693594340481,1.39234422707226,2.161462758742,2.72298835114814,3.4649111117034,3.99627167318971,3.50168789225368,2.55638866762778,2.31689969598519,2.88655170751845,3.92970623149338,4.17638869826082,4.04957202318873,3.51905643653851,3.32353217179142,2.45423020041818,2.25928566407937,1.99786193722507,1.93139549984849,2.98508507317483,2.78631924377443,4.54702614037486,17.1635334619059,7.09529957514525,...,...,11.1730798607106,10.3788906934834,14.5999702849394,14.288131905326,...,...,11.4872249434107,14.4564462017733,14.8050159297537,15.8742598668246,15.4462822276314,13.9509354823512,14.4336777042713
Ghana,...,...,...,...,...,...,...,...,...,9.99417298393649,11.7100611276397,20.8217773519574,27.4542102992509,27.9444640545947,31.0960953389474,33.3022372379944,35.5784153878047,47.3445055160551,0,44.2712163553464,49.0268176692651,46.9186645094867,41.1393322955844,30.2025257565639,41.0522428437696,64.1215263881397,78.8251057091649,88.9610050635995,121.71779568115,101.354226354936,66.3629880808581,120.610364850902,195.559792179064,...,71.1482873534174,44.6244870269248,63.1627766592191,51.6509227625224,43.338474855354,22.7604246502865,22.6269663337718,27.6125535020052,41.4271841755229,41.6639960444269,41.0043285772423,37.8232508302971,49.0543222642894,44.4178126165567,45.4833102209028,57.4530856613862,59.27776090128,50.8826082408578,32.3521404988099,36.9754813437874,53.2440202869524,56.3538429896775,64.1965663995304,75.7326079270927,126.077788992866,113.668160248048,118.290743895514,122.48046847703,234.327479578,337.260972703278,254.997057393618,252.653833716615,190.540362002907,161.751874263817,189.129841490359,218.444253592195,233.320137038447,239.887164283223,298.345433057572,229.278866209078,285.375934691637,268.736705433852
Guinea,...,...,...,...,...,...,...,...,...,...,...,...,...,...,...,...,10.4922017419486,13.8950779825805,...,14.1786510026332,14.7052866113024,15.0698804942273,26.3277644152636,31.7114042302397,36.058910702304,...,...,...,...,85.2282809846123,71.0210917464804,60.3092430241079,52.5107288966541,52.2668335866941,...,...,...,...,...,...,...,...,71.7641783996456,55.6540402948555,43.9565039927158,45.8717475087955,...,...,44.3701898058119,45.0344833162197,55.211186391812,45.9679312141144,87.7183988188008,98.0848651712689,84.1339493080361,81.0185700979977,...,...,...,...,...,...,...,168.913357467903,196.818705594191,196.945589753241,221.414232310207,161.856744453218,181.637775870545,197.079526352476,197.754330707634,206.992890786064,244.558590415803,441.260169726193,504.667180286275,562.455950499682
Guinea-Bissau,...,...,...,...,...,...,...,...,...,...,...,...,...,...,...,...,...,...,...,...,...,...,...,...,...,...,...,...,...,...,...,...,...,9.40775185709348,18.0647551994071,6.4651287120096,4.6525674826345,6.1288201382815,3.88366222371057,...,4.43472515476652,...,...,...,...,2.01672876510656,2.21191991051615,1.89774365673021,1.81781112239985,2.90023595139944,...,9.53136060766093,6.1831635151745,6.36309376918971,7.50516173434274,...,12.1163748322173,...,...,...,13.7445837021852,17.1298081679545,17.5198043512353,24.4917506811589,21.7107926483686,21.4708312086587,17.0369572925502,15.7300784677087,19.0219353520215,21.1984294927161,22.5712423074691,24.1658991780631,25.6737403256251,24.5386781421994,25.2923921705683,...
Kenya,...,...,...,...,...,...,...,...,...,...,...,2.58999896400041,0.895999641600143,0.671999731200107,1.8619992552003,5.87999764800094,9.89799604080159,13.0479947808021,15.9879936048026,16.3659934536026,15.7499937000025,17.0239931904027,22.0779911688035,29.7359881056048,37.3199171554816,46.7636839663565,54.090933232015,75.9100481167998,147.766705007878,239.47586999216,291.024720045055,271.691156156379,241.171594363084,243.721560477189,208.691732712316,175.004682979624,145.781732097541,181.25566231349,249.810082348294,250.942407491928,228.606148985296,246.456438633547,191.908506283649,156.036602021306,105.704527312319,117.331482624628,149.096438251753,170.804816256353,175.834896938286,171.964013272218,151.917777442831,165.584735249522,195.365005498758,213.894508000726,245.938663815128,259.807840715185,316.799485401851,375.807203248785,494.684896668925,580.011940678248,578.071672354949,622.049847791077,646.678106716751,840.072589956654,860.560896114738,819.042626799535,843.667802797011,933.103002549572,1015.3847819759,1113.6483616452,1116.87241991312,1115.3217703237,1191.03519916162,1155.1795230194,1053.79557224243,1231.30643654642
Lesotho,...,...,...,...,...,...,...,...,...,...,...,...,...,...,...,...,...,...,...,...,...,...,...,...,...,...,...,2.29137557284389,2.78012569503142,4.01350100337525,5.37099342892059,11.6391939745825,12.3927669544448,14.9656480816342,14.0696526344134,12.285803372919,10.6677973858849,13.3696275322425,18.1112262589451,16.9564586293199,22.6104595299465,24.1659323160645,22.308171454232,24.2372922956091,22.1406843873748,25.8533288273065,34.3732854712731,28.3473083140475,28.7003359404161,27.8070213520299,34.0781866869193,30.5555035209796,23.3907294306775,19.5598964015673,27.3637595426154,31.3869551015606,33.6198939196425,35.2245793060673,39.8346715644459,27.3506818605484,47.3997689312895,70.6610373680889,58.1693207531059,53.2401458227009,47.9411831723469,47.6933960282348,44.0259262497655,41.4895433648543,52.5948103725972,51.0643477548233,44.8459674627899,38.6188365314549,37.0440549502605,34.6684998975518,34.4462365154005,36.2959769958149
Liberia,...,...,...,...,...,...,...,...,...,...,...,...,...,...,...,...,2.7,2.8,3.05,3.05,3.05,3.55,4.05,4.05,3.75,4.55,5.5,6.4,7.75,8.9,9.4,12.75,26.35,43.35,38.75,24.95,25.15,24.35,22.25,25,...,...,25,22.65,30.45,39.3,...,...,...,...,...,...,...,...,...,4.525,6.467,3.9005,2.882,4.895,6.7395,8.982,12.5405,15.179,15.1115,14.531,14.799,14.712,13.3355,13.229,12.901,12.901,29.723,52.198,62.518,33.825
Madagascar,...,...,...,...,...,...,...,...,...,...,...,1.60419358889704,8.48278125037978,9.17955220313304,8.95674753800845,9.45501978910526,10.7108279016257,11.3427829517972,12.1124717949549,13.0442003945668,13.0145161911363,12.134982778767,12.7556773589433,16.1292562488468,20.3464961180142,25.8824653567563,30.1896300720445,33.0404541545389,43.9598906701238,52.1814274002349,81.8913036324575,90.4020049366121,86.482746692035,...,...,55.0598721917297,50.8698441450621,50.5662832303279,36.6624112082229,32.9044385458086,30.2474679439206,37.9481241780416,34.7070874378868,23.1026333648969,37.8307908150602,27.5809456743395,27.1706641222985,49.4429055093875,52.5447366870298,50.4465762487595,45.0364429167064,47.2109346139638,65.0375654549594,57.7433968339932,72.5170188883416,54.4717100264332,54.018162483837,53.9140176445876,81.9369436676841,103.271539537688,70.9852214230579,56.9228928921745,71.9898080113771,68.6360178043436,71.8778744942023,69.6766552533081,58.9328477562419,59.3949959205237,66.9060901851672,73.2584252386784,76.576631109179,87.3577520692398,99.1859200335487,98.1491692229319,101.866161117001,121.6342467323
Malawi,...,...,...,...,...,...,...,...,...,...,...,...,...,...,...,...,1.77100177100177,1.84800184800185,2.13337089170761,1.8810007524003,1.95900078360031,2.05500082200033,2.34386094977217,2.6978708964292,4.71155747489814,5.30490262160263,9.36234202675749,9.20580365406331,13.6251173958499,25.570521899389,43.0296812987986,53.1341122231854,38.5066888268612,26.9774800807193,22.2173039599578,18.8395902022103,19.8112384387179,24.7438301622185,21.6435614875449,20.1674930699254,22.781135849713,24.312172026619,23.7041211995819,25.2381163828512,25.7280627240062,17.0608030767822,11.0477175029607,20.1522030244635,26.4074871383223,14.4741203693274,14.4029794887963,11.7275014359178,12.681914697641,14.8151697949837,13.1188258537962,21.9657385810575,38.213561898328,31.0905495022571,33.5996055931465,44.4642514036848,58.7973818243641,49.9842179058656,52.8048429862952,46.1559536903969,62.925520091546,49.4545359108862,40.793415429498,35.74812198667,47.4165370668233,58.3691734379987,85.1819349548313,98.8639907621744,92.5704385525757,117.546956731674,149.58233654066,117.589994544906
Mali,...,...,...,...,...,...,...,...,...,...,...,...,3.92236809916008,4.34260899377178,4.37522447513632,5.17493990458194,4.6478223789179,4.636149756999,5.08128015739773,5.25114616363379,5.67392801227876,6.15043975644259,6.32343583886305,8.33240751027664,10.9740722960756,11.6324962090526,19.1308973324063,21.7618748692195,26.0501465320742,31.0206686283547,36.1974783990372,38.33775085195,31.6489469364923,29.5186332568486,26.7670167372581,25.402957270395,29.8266271649346,37.5390550553557,44.2541184612876,48.0110660471113,46.0803490821547,52.1550695094852,...,...,44.4973389884978,29.8988661845625,40.4689591063172,39.6831602652321,40.2625460663493,41.0202863961814,43.8525968046075,43.6812476825062,44.8816502259771,49.3552256279879,66.7584308327598,77.4203318284638,86.4507420355358,96.0048958671996,110.376888039444,142.919351056822,144.434608395844,146.786545710784,161.062674572866,148.865779870604,153.833697676302,218.118403124955,309.170682221659,362.398902198564,460.196191968391,481.728184477863,475.638185672011,593.865883538673,652.883353286504,582.017552543412,785.265008467223,929.278520861402
Mauritania,...,...,...,...,...,...,...,...,...,...,...,...,...,...,...,...,...,...,...,...,...,...,...,...,...,...,...,...,...,...,...,...,...,...,...,...,41.0585717065577,42.4605042016807,43.7205512308756,42.9838641098686,38.8797245066285,40.1816174372589,39.4407034893796,39.3786741555475,30.1557869642236,29.488165081934,31.9878552493681,37.8875107490053,41.5994415651979,25.6106878329336,31.9596781122025,37.8783122595983,51.8524893497999,36.281137414946,62.4491502870395,0,66.659636648489,81.9061801935964,0,123.323383836476,114.824329371946,0,0,142.299912345762,144.215483467584,144.844330663143,132.931217691719,136.06487596938,143.769318593189,159.013352980386,162.397954976499,198.530037214248,230.935492879084,225.35213553644,277.16149632525,260.059017269229
Mauritius,...,...,...,...,...,...,...,...,...,...,...,...,...,...,0.302400302400302,0.315000315000315,0.316050316050316,0.317100317100317,0.312756315192086,0.270900270900271,0.336600336600337,0.414000414000414,0.473954383713469,0.543220699331089,0.643113994711766,0.789047321798046,1.08681223866729,1.31706557789246,1.42266671307991,1.75231654624899,2.48093327478436,5.53727149808245,5.33204125981644,2.82823637617843,2.93434248517879,2.62313138120186,2.3636069289299,2.8960969524149,3.64957835722384,4.68830231363998,6.32795184199137,9.1835704914724,10.4968598864065,11.4275984373394,10.7774252039891,11.8538562615532,13.447369480568,12.9735180882656,9.80182644498582,8.45673892475628,9.04080870966973,9.36014263074485,8.97721538107679,9.5020359121554,10.882927441177,10.9351419168318,10.886148046189,10.8142714322208,11.632288742627,15.5801889444976,15.3161158705624,14.8744169124622,17.5120183933672,16.6622296173045,23.200896376061,19.7442220827661,17.0866054135158,21.9994380281682,22.6335066411266,23.0174607749502,22.1312189596584,18.4783993883013,20.231427796008,17.8845959703586,19.9367158630761,23.0098533257139
Mozambique,...,...,...,...,...,...,...,...,...,...,...,...,...,...,...,...,...,...,...,...,...,...,...,...,...,...,...,...,39.1354679154937,76.3333333333333,78,92.2833809667842,99.2941908655002,102.99261047877,116.316977450832,136.654509127579,148.214364287749,170.669991021274,83.5824181115877,63.8527003974116,79.0691055928304,84.5989996652635,71.8035232524905,59.6054121714252,59.3664822003799,72.8646919231145,33.4650882669406,36.0377909808123,42.0146228213036,49.2648173412157,56.5161916540771,55.3614584427866,50.6192159817616,53.509586958358,59.7713425530752,77.6306058552873,62.2479510862495,57.4391357752512,68.6253642566069,83.7094557336033,84.3028094031971,99.189931713982,118.871183035407,139.100553342967,157.89211436316,173.752248992546,134.033726386182,110.463709309065,129.258386223763,196.53545284959,217.451322290032,288.25894594244,309.99969354295,417.175309415635,404.399185336049,450.448587393598
Namibia,...,...,...,...,...,...,...,...,...,...,...,...,...,...,...,...,...,...,...,...,...,...,...,...,...,...,...,...,...,...,...,...,...,...,...,...,...,...,...,...,...,156.919128673686,144.767719786189,124.561274329333,70.1555203290347,56.9589951560212,68.2365201856033,66.4635351855513,83.6595803783019,78.9124284587611,105.765957168204,92.3977964878102,96.7571824494319,87.9922585786523,129.449089527083,166.997177883149,192.072120805179,199.559185120098,228.174673579954,266.250021183312,299.516030244274,396.539101406596,443.591424475254,412.163503642522,389.958736662434,537.456013694723,518.203685056455,425.388449607111,456.081144821039,455.569084303806,414.059489986834,368.224738887539,400.199634567233,365.631268764472,339.405131876536,362.39230429255
Niger,...,...,...,...,...,...,...,...,...,...,...,...,...,...,...,...,...,...,...,...,...,...,...,...,...,...,7.3303999290757,8.18162795563926,11.010257245197,14.7747013152763,17.4829119696129,17.0390003786445,13.9844184137989,12.7812638844087,12.3548151763736,10.6326251782212,10.8778154444056,14.4121095216369,13.6622113084246,...,...,...,...,...,...,17.4710242162805,18.4314071177286,17.3980357813086,17.3043283093671,22.035691039271,23.5504686543262,20.0849466835961,24.8281469335192,20.6603270070647,24.6042670337233,31.6117247319155,32.7981981845344,...,...,53.6304864840723,53.00030072895,66.8898414422636,83.9475613839522,148.865779870604,106.064286292608,145.600369857069,...,166.192292328363,200.183929970367,229.639906143836,247.632082845528,238.26958833649,202.404477202902,242.507046323759,331.917310325695,435.880522487372
Nigeria,...,...,...,...,...,...,...,...,...,...,...,23.3799906480037,28.2799886880045,38.6399845440062,45.4999818000073,54.3199782720087,65.9399736240106,55.7199777120089,239.959904016038,369.039852384059,684.45972621611,662.339735064106,639.259541899065,904.095638361745,1020.22359191056,1351.14123519314,3028.58479744989,2644.42603826039,3138.19894803948,3022.64226976791,3070.82533811694,3029.91508483287,2135.47501408432,1651.91451323833,1627.39332698334,1210.91624952546,1091.66299310564,516.893509335887,201.691218214958,271.106046546484,170.705511267894,277.297783483801,243.705781024049,173.657679322943,289.231103900224,319.694489907256,639.40663064676,701.412878580176,818.784525338,1149.68472996436,491.671368589997,368.644109462423,570.632287761505,896.913201413193,587.461887294733,639.990066823189,674.20814479638,776.148058327892,971.321378608673,1615.53321073676,1504.4861721132,1990.09966865827,2384.93602171384,2316.47819986159,2418.76017087063,2357.67121929062,2065.55766335091,1723.20426639515,1621.21817640317,2043.05171921673,1860.26042956134,2567.91781904386,4466.39781579541,3109.38493912352,3101.25956289729,1133.30362327648
Rwanda,...,...,...,...,...,...,...,...,...,...,...,...,...,...,...,...,...,...,...,...,...,...,...,...,9.36583970830056,7.78674639836091,9.3197351894778,10.2976632859957,16.0629425517876,14.3930073227777,19.6330171517821,23.5522675593367,28.682783331402,28.1753707285622,28.0246717013255,25.4606766234673,27.2507284310336,34.8894691115173,36.0933594762687,36.6263471628316,41.6224781344745,95.1327354335092,105.333802051708,88.5701700027625,89.4361363589093,40.5105753923129,56.4493367202935,73.6588227625318,77.2725765263821,87.091837061419,80.8523635840954,61.3298571193956,56.8859031314335,51.1186141175728,45.196268982898,41.2157610455642,44.9963518893986,54.557648039731,55.5804408040881,67.6603596239547,75.2784860541411,74.5144172864531,75.3839285565552,79.7939100920567,82.4807155803265,90.9377932166852,103.56321470551,107.278618685189,115.716812449004,118.959174046815,124.073352626892,147.873731887278,167.837803023925,176.431664557581,179.433009477331,175.924380585353
Senegal,...,...,...,...,...,...,...,...,...,...,...,...,...,...,...,...,...,...,...,...,...,...,...,...,...,...,...,...,...,...,94.3908011395154,96.5022718667172,86.8432383496914,73.0723115220051,70.6176882744721,65.1368441288273,64.9664005270855,85.4764283610449,99.8712304974096,105.288603583036,99.6025178051961,118.215708960021,110.014994310669,109.772868088193,119.937986248203,66.1467385920516,80.9158806606457,79.7748811460028,70.8004022828007,75.0908548492081,78.2850061474844,62.3616526399766,68.8912868210286,74.3613950311913,96.8565037852718,107.553687876809,124.4037552989,148.55514544168,192.807975512606,216.870289523342,214.824242988992,195.732892906394,230.190350650397,196.661489010376,236.737915958222,239.893634512306,214.827965170344,304.764264245112,305.441261623352,385.132363102436,356.82079602975,345.637478930266,483.22491309553,421.013743846819,448.993705877196,514.941285308382
Seychelles,...,...,...,...,...,...,...,...,...,...,...,...,...,...,...,...,...,...,...,...,...,...,...,...,...,...,...,...,...,...,...,...,...,...,...,...,7.24665105202591,9.76235228978159,11.3214083546279,12.1480727472662,13.0364240522024,14.840075699376,16.5617065363913,20.4998848101711,12.9498430000405,11.8871962435669,11.5918411917757,10.5433019851187,11.3983534738995,10.5423787434509,11.0901474568467,10.3258415560868,11.0653960536334,11.6999359492558,12.2391088595595,15.9272727272727,14.7272727272727,14.3663865180834,15.1767033872253,11.1248101983242,8.65120243352266,7.15755978720231,8.7127049511348,9.9241097489784,13.7664513239843,30.9091527178874,18.1013487758118,21.9200043921913,22.2909352644799,21.561447814228,23.4962551154351,19.4130713619403,40.1066986265872,24.5058371537579,33.2262611275964,26.8608696918082
Sierra Leone,...,...,...,...,...,...,...,...,...,...,2.23999910400036,1.95999921600031,1.93059922776031,1.98379920648032,2.15599913760034,2.35339905864038,2.5059989976004,2.53959898416041,2.88315357349487,2.65800106320043,3.29760131904053,3.98640159456064,3.77063740982604,4.23461066807196,5.02240482542856,6.77997009799395,6.52638984449494,6.02063189676863,7.06498037505451,8.11812347188264,10.7855473665289,15.9077919603734,15.7881114657924,14.1282848262221,10.2369346480457,9.92051634494711,6.28170296967508,7.22714872515085,4.58544466475729,9.01147502160601,14.3949121258326,12.3872535425168,23.1797497155859,26.6617545180421,23.3391311090317,26.4955516924021,25.0233045910044,18.5928152817541,9.49074970300016,10.0542331256955,17.0004267843187,23.3108043515668,29.9111346071545,27.1339618776292,28.4679335928516,22.9615370377226,23.5521302330088,28.0224584811827,29.0768761787357,23.6457365563087,26.4055646626202,25.0622786312024,25.4761839067774,29.7589340797967,31.6849394114253,48.8106307877162,39.2265142658403,37.414732169548,39.5778260041243,29.6224780996257,24.5577468422701,32.5991686395998,43.4278522644433,41.7958003353869,37.8263503837256,36.4470488625476
Somalia,...,...,...,...,...,...,...,...,...,...,...,...,3.16,3.7,4.48,5.42,5.17,6.5,7.53,8.34,9,11.2,11.4,13.2,16.1,21.4,23.1,26.3,31.7,81.4,87.7,95.5,134,83.9,83.9,89.2,44.3,34.9,28.5,49.5,8.56,...,...,...,...,...,...,...,...,...,...,...,...,...,...,...,...,...,...,...,...,...,...,...,26.05,60.258,46.614,47.706,61.813,76.562,71.72,98.1566,111.029,118.661,140.974,201.854
South Africa,...,...,64.7499741000104,74.5499701800119,65.7999736800105,62.9999748000101,67.1999731200108,76.9999692000123,81.8999672400131,63.6999745200102,60.5499757800097,69.9999720000112,113.749954500018,186.19992552003,188.99992440003,271.599891360043,289.449884220046,324.449870220052,373.09985076006,399.699840120064,425.599829760068,417.899832840067,485.866527221808,492.386546204331,752.92632561866,1102.31840077,1431.6951270304,1677.27541931885,2073.7380184345,2067.988016997,2160.86733972825,2661.67116484386,3011.97954827998,2744.6998581717,3052.68826855758,2770.15210671872,2117.40634548856,2497.88843034884,3595.96862521672,4263.08682322617,4181.88646727775,4364.45820385573,3874.41513479061,3677.40646070666,3254.31337866538,3478.58229131463,3292.44656184434,2591.78713061277,2414.13770952873,1905.65600874051,1738.03662504829,1891.72501343693,1802.262236357,1766.08289772027,2574.17627813213,3099.06512541623,3566.96381537049,3506.13965783314,3525.68424369479,3285.92508128339,3592.68770202285,4188.16809220321,4594.15407794655,4489.59009594432,4118.20848342734,3892.48509106944,3488.86794783997,3139.31212841824,3591.50761336993,3622.91874255151,3435.42978752855,3231.01773135778,3392.81605305901,3247.39071821223,2876.46603891346,2835.95604323652
South Sudan,...,...,...,...,...,...,...,...,...,...,...,...,...,...,...,...,...,...,...,...,...,...,...,...,...,...,...,...,...,...,...,...,...,...,...,...,...,...,...,...,...,...,...,...,...,...,...,...,...,...,...,...,...,...,...,...,...,551.454504427754,587.966866722881,896.390706931527,609.898632648716,650.91066782307,1052.72197036864,988.225988700565,981.983050847458,1301.52542372881,1151.92037675944,135.338143589744,72.3881045738804,149.092424699547,186.49892522647,128.916014125595,213.222017503455,520.445647167204,1076.1661292799,2027.89037309995
Sudan,...,0.0479551576202756,0.0384789887492031,0.0493909407825593,0.055134073431694,0.0835625800449113,0.0778194473957765,0.0964846285054646,14.1010913268237,14.3595634692705,16.5996553704767,18.6674325100517,20.5054566341183,24.842044801838,28.1447443997702,41.8724870763929,56.3756461803561,50.315910396324,52.2688110281447,57.7254451464675,87.0189546237794,108.2711085583,109.994256174612,107.983917288914,113.153360137852,111.430212521539,119.471568064331,179.207352096496,216.538485838843,175.916407914119,239.999813592378,228,203.987417197213,172.214638244251,230.769230769231,355.384615384615,205.2933568285,260,310.333333333333,369.333333333333,...,1177.77777777778,1365.79811491107,183.718440712828,257.981093940269,226.167004478452,138.75642566202,106.332797671871,97.7318593168924,259.957570143724,429.61789744605,587.267572329197,388.091317423136,484.607263032365,398.110221738581,1240.76694907039,1164.99593606069,1647.83919437107,2427.07259474802,3228,3180.48300973066,...,...,...,...,...,2279.6216395619,2748.51197624707,4382.99881669717,1047.87871998741,722.256177420763,934.311153803525,375.212619388697,...,...,...
Eswatini,...,...,...,...,...,...,...,...,...,...,...,...,...,...,...,...,...,...,...,...,...,...,...,...,...,...,...,...,5.39062634765659,8.25987706496926,10.1835594762639,13.1357618870299,12.3795842969822,11.0745795804093,11.7359303473656,9.11691339949027,6.64666294783438,7.34126028979926,8.34958227531029,8.7201502548967,8.73152653011424,14.2232116630336,16.0068373096925,20.9764341639756,23.7243477143224,25.8040441590627,28.7696197226978,26.486561922151,25.6621151225271,25.7313305404213,25.8532641075836,24.4710605303012,19.66505520851,18.338440521028,31.9276909349284,42.6955473095458,59.4716739027539,58.520575052979,61.8775167237491,66.6578301994137,75.9116179884277,102.032174965375,106.629408921201,90.6397952733079,86.0403767558151,81.355664003534,73.5274557424242,80.5277799028584,87.7628231282349,95.8633803230956,86.5322859713475,76.7952999757105,82.7925153955471,83.2005804806773,70.513370260132,79.6552646081486
Tanzania,...,...,...,...,...,...,...,...,...,...,...,...,...,...,...,...,...,...,14.6299941480023,16.2399935040026,20.0899919640032,29.5399881840047,42.5599829760068,53.6896778619328,77.9160102444597,120.044738214172,138.323476032302,136.68752991905,190.729876550359,421.677764018646,375.458521873958,232.291721313375,331.019096977006,366.761862799068,332.950425386797,293.025202390761,345.976202331691,260.704018594409,161.608082115891,124.833697746346,105.316752338241,87.1544582068739,108.14165187514,96.9070364249533,58.7257016240864,58.3755697749941,85.5136560872152,101.038489457341,118.603807737673,134.276958073994,128.497943630087,135.055952644211,150.728196327755,140.753561773795,125.254713892259,127.567862814758,139.493591276696,147.417924754373,166.215543275718,194.000300925345,219.476865281638,282.725098810022,307.473984174236,359.739418825016,443.379945514983,507.285798994075,517.075761799188,544.218297944157,562.697119586873,599.968275122704,618.94344556818,676.410078539629,759.492508121023,874.97905771882,946.24987574141,920.849885868755
Togo,...,...,...,...,...,...,...,...,...,...,...,...,0.326999918453886,0.714244900291412,1.13461977993274,3.3833006158505,3.36242813013903,2.88996165712844,3.10567843220149,3.28802536707531,3.43513065421352,3.65046689073563,4.18367495169889,5.1264145253702,6.87337643400975,8.09704825408695,11.1145847428761,14.2331031596568,21.1087593617714,22.7337185804942,22.4988482620509,24.7633472169633,22.525953976543,18.5419621065957,16.3987340775614,15.6926196399188,18.8798098218638,30.011030706947,43.4122919973248,43.0890924229808,41.8610191593941,50.7483517896167,45.9045681248604,49.1136868511326,50.1477947330689,25.3960248917067,30.852572784024,...,...,...,...,...,...,...,28.8312112869924,31.7196210378867,33.2380352931363,...,...,57.00918926765,55.1308170932641,56.8328430353116,59.0188740023651,62.9310496800365,72.4192373087199,83.0800115611006,69.9771747400457,82.0196904123156,88.4141149221704,104.378994645016,170.566832435089,163.926877161277,198.773240635232,336.608323297713,276.349076678811,195.347349222552
Uganda,...,...,...,...,...,...,...,...,...,...,...,...,0.139997200055999,0.727985440291194,2.72994540109198,5.48789024219516,10.7377852442951,14.2657146857063,16.8416631667367,19.942601147977,22.8615427691446,26.627467450651,52.6879462410752,64.9447011059779,64.8726402666116,80.157512314408,86.5678961778084,101.074621015537,131.916696936675,151.699852760007,206.806782995204,398.813536470271,108.14687836523,87.4884498871305,93.7235964695636,75.2150391157124,104.818308978899,131.071428571429,130.971749223296,140.904123011985,139.82123966794,107.00621422159,73.5615999782019,52.3313459689724,62.6366504326287,104.12784791387,127.002622515654,135.393564545733,139.615977691803,154.712531544533,159.704570293436,141.303025880522,136.157342537849,142.191594114211,152.379921781109,196.015853725902,216.667041057579,218.533948510743,252.119246412802,311.856269326451,293.527670660776,608.685868586859,607.135070855218,351.838247037404,300.075573371887,325.663027213463,306.144695426773,318.551679284802,346.762883760461,408.36756671345,647.6066069308,984.759731680869,1066.56438252959,924.75588570222,976.660986243341,1116.76182870832
Zambia,...,...,...,...,...,...,...,...,...,...,...,...,...,...,...,...,...,...,...,...,...,...,...,...,...,...,...,...,...,...,...,...,...,...,...,81.6240989637049,53.1908116854162,61.6297209329199,66.9154900430381,86.7406563255351,167.587250338432,139.324047264528,86.2473062220276,97.7562799772376,51.1282944940289,62.8694699949654,55.2655363439526,37.8359135690041,43.3624952453404,...,56.1134328858217,...,...,...,...,98.3494040444623,139.509353646242,205.85223156919,232.278664441402,278.055135810511,220.962285800349,280.187778551387,309.113764151856,346.30142309,381.345802082696,443.604666534936,372.447569820527,299.504759876729,339.664531368041,378.025430958942,292.072462646125,212.142427391566,217.57724472933,326.078759598148,377.172056162625,349.668209787907
Zimbabwe,...,...,...,...,...,...,...,...,...,...,...,...,...,...,...,12.65,15.6,16.95,19,30.6,42.35,45.95,49.85,58.45,86.9,118.55,148.6,199.8,285.35,347.75,441.15,442.75,389.7,437.45,431.75,360.65,309.3,342.2,392.6,407.05,408.6,416.3,376.05,296.35,249.8,247.9,262.9,291.65,311.4,...,263.4,346.3,286.7,677,194.8,256.1,131.4,161.7,...,...,...,98.293,198.438,318.272,356.7,368.1,376.677,358.065,340.522,420.364,546.939,242.179591836735,473.945274725275,332.717337278107,870.433537886873,98.3942927162675
Americas,,,,,,,,,,,,,,,,,,,,,,,,,,,,,,,,,,,,,,,,,,,,,,,,,,,,,,,,,,,,,,,,,,,,,,,,,,,,
Central America and the Caribbean,,,,,,,,,,,,,,,,,,,,,,,,,,,,,,,,,,,,,,,,,,,,,,,,,,,,,,,,,,,,,,,,,,,,,,,,,,,,
Belize,...,...,...,...,...,...,...,...,...,...,...,...,...,...,...,...,...,...,...,...,...,...,...,...,...,...,...,...,...,0.695125,1.12825,1.682,2.07925,2.576875,2.89975,3.256125,3.263,...,...,...,4.355375,4.76875,4.732875,5.292125,6.130375,7.899375,8.052875,7.965875,9.395,...,...,7.116125,7.4546625,7.8299375,8.552225,9.48615,10.7109625,12.2830375,13.759075,18.7177375,17.2675375,15.33725,15.41625,15.219125,17.778875,19.916875,19.717625,21.7128875,23.05595,23.3411625,24.42495,26.025325,26.703375,27.8050375,30.5665875,30.1378
Costa Rica,0,0,0,0,0,0,0,0,0,0,0,0,0,0,0,0,0,0,0,0,0,0,0,0,0,0,0,0,0,0,0,0,0,0,0,0,0,0,0,0,0,0,0,0,0,0,0,0,0,0,0,0,0,0,0,0,0,0,0,0,0,0,0,0,0,0,0,0,0,0,0,0,0,0,0,0
Cuba,...,...,...,...,...,...,...,...,...,...,...,...,...,...,...,...,...,...,...,...,...,...,...,...,...,...,...,...,...,0,0,0,0,0,0,0,0,0,0,0,0,0,0,...,0,...,...,...,...,...,...,...,...,...,296.933962264151,62.047619047619,78.5571428571428,76.5874439461883,83.3656387665198,89.057268722467,92.4625550660793,94.2775330396476,93.7444933920705,126.872246696035,119.383259911894,125.638766519824,118.370044052863,123.658947448659,122.552919006641,128.60912695598,...,...,...,...,...,...
Dominican Republic,...,...,...,...,...,...,...,...,...,39.6,...,38.3,36.3,38,39,42.5,40.2,37.2,35.8,37.3,35.6,35.9,36.6,39.5,42,57.6,65.9,76.2,86.5,103,120,105,125,126,126,139,61.0420193985112,82.2909242407027,59.3275002861037,47.2963687644376,53.5173501577287,47.7989044373805,33.8942989505531,63.1272408448279,95.9939412108112,100.956679660489,84.4499683763072,107.001292233531,150.664189828608,159.053096301731,175.000467782275,246.810843740481,305.900327992638,271.663317176971,155.802495564486,152.878466844661,272.200481144258,259.240325136752,274.77568076273,333.538881607062,320.85528920837,354.856781373805,348.559830088199,396.187178568069,383.3802540656,437.572465844162,458.007157526361,479.722172766986,533.073157821471,593.678722089905,613.299023334698,599.052525398084,611.467713114467,773.360376516256,946.42577318119,980.991970499619
El Salvador,...,...,...,...,4.43223484686075,...,...,4.98626420271834,5.50208463748231,5.44477125584187,4.47044376795438,4.38447369549372,4.44178707713416,6.21850190798782,6.10387514470694,5.72417399133902,6.48357629807486,6.59103888865068,6.77730737898212,6.6196955794709,7.50805299489773,7.13551601423487,8.51658362989323,11.1406120996441,12.4756441281139,13.3503202846975,15.6520996441281,20.531871886121,28.5880996441281,34.9870462633452,54.6442419928825,62.0559715302491,78.3525693950178,94.3729537366548,124.526263345196,235.932384341637,250.43359430605,163.311245551601,176.891743772242,178.963345195729,213.029679715302,163.886690391459,145.1271886121,134.193736654804,116.470035587189,109.334519572954,111.636298932384,110.830676156584,112.211743772242,110.830676156584,114.743701067616,110.370320284698,150.651459074733,161.7,126.6,128,132.9,142.1,165.6,173,189.9,201,220.7,224.3,237.5,233.9,247.7,247.6,260.9,294.61,317.2,343.9,351.578,458.494,454.766666666667,425.2
Guatemala,...,...,...,...,...,...,10.6547770700637,11.4343949044586,12.2140127388535,12.084076433121,13.1235668789809,12.084076433121,12.084076433121,11.9541401273885,14.8127388535032,12.9936305732484,18.5808917197452,19.1006369426752,21.1796178343949,20.4,17.6,32.3,22.2,24,23.4,28.4,44.9,55.5,75.2,71.7,90.2,103.76,162.64,176.59,184.25,207.48,224.42,140.853333333333,124.028,146.588384397499,151.627061346818,132.196105007847,119.310860469926,153.753024292978,144.445075381165,153.011545416609,158.348657492683,141.370462942145,132.112832569696,139.804367713636,123.754165194209,157.848092786958,196.765577539991,158.368119258724,178.771793951529,114.893349273265,104.467679861251,130.546929154779,135.925872831767,166.494048304041,147.410544062655,169.798840125742,197.433150684228,224.366543649735,249.757853378152,245.672875883208,252.455480635391,290.91270400085,275.014798544949,273.114976844026,331.882551643497,342.766481025774,337.658309640734,441.379595096671,437.645003824207,415.185334034068
Haiti,...,...,...,...,...,...,...,...,...,...,...,...,...,...,...,...,...,...,...,...,...,...,...,...,...,...,...,...,...,...,...,...,...,...,...,...,...,...,...,1.9308,2.07265,2.4308,2.41574234733194,1.70039901363747,1.4494443361279,1.52782579787234,1.91195060126938,0,0,0,0,0,0,0,0,0,0,0,0,0,0,0,0,0,4.48084338790874,5.29604973106428,5.6345589108878,6.5860840095186,6.52113354820062,9.70384993652791,11.8330750498118,15.8348870714861,29.2304082065952,12.7045283042124,11.7863774421066,19.7510912623219
Honduras,...,...,2.30625,2.28125,2.60375,2.54875,3.0225,3.22625,4.90375,5.45,4.98,3.92,3.83,3.83,3.82,5.85,6.25,6.5,6.8,7.05,7.2,9.9,11.4,15.4499227503862,15.95,16.9,21.4,23.7,31.8,43.1,49.55,57,60.5,67,70,81,94,105.5,122.5,132,138,67.1209490318533,47.3980894055866,...,40.5928691293316,...,...,...,...,...,...,52.4623968947113,62.9519765796157,63.6021760560809,82.1951767914075,60.5617866441103,62.5892748097683,75.5959185401584,95.924340172849,132.428400639025,156.802557276754,170.186979693148,200.358405886737,209.705674231625,254.071606749817,241.887992174126,288.148902676174,334.217134297924,367.92859643675,358.497584489476,392.630140339426,341.210438870203,420.766993518365,458.31072789078,522.96085738268,581.271651183095
Jamaica,...,...,...,...,...,...,...,...,...,...,...,...,...,...,...,...,...,...,...,...,...,...,...,...,...,...,...,27.4450274450274,30.5800305800306,...,...,...,44.9220284941227,53.6089187277565,50.1625073749366,25.1534442528153,18.7143792636942,23.5220881261375,25.3250149908779,30.9325778211003,40.9338096033868,38.6099445575812,31.8919766587707,47.1923276263812,44.5425795435415,34.2185039548569,35.2988296089306,41.7912639144818,54.8546088774026,47.640218878249,45.1310717533008,43.5662324912703,46.3743822872709,56.8981470963051,54.8458718170309,54.5331322348081,59.3297763191486,72.6455230066972,83.5119420975197,130.699170654872,114.8083318448,115.571395968398,133.638559827692,137.635505668112,128.431323011542,121.310243549976,123.854135722601,137.649061819234,143.5455554269,209.675820865544,266.015074510509,236.865671641791,217.577299176505,220.530651098199,230.360218360918,262.511269974231
Mexico,34.7976878612717,41.0404624277457,46.8208092485549,49.4797687861272,55.2601156069364,50.56,55.52,59.44,67.84,70.72,71.04,84,86.4,99.2,112,120,119.2,130.4,133.6,148.8,180,176.8,191.2,242.4,300.8,407.2,504.8,531.576968455445,437.692985836999,518.287192596399,679.66358844835,810.422203825541,1284.94856126553,858.130162743322,778.556797175546,1155.94537264342,1241.86365193559,817.296611651707,813.391574395217,981.914645573685,1153.37582826522,1210.87250231103,1459.13604092194,1824.550066238,2122.98033778189,2635.28407878831,1562.61537239288,1882.87310265874,2184.06104217234,2263.22345348751,2652.91201204971,3031.45450930458,3229.46927643396,3172.2687335076,2960.49680229864,2854.38596491228,3123.45497756449,3035.13101879037,4223.03764572391,4334.65412365113,4514.23391423391,4789.03133903134,5498.45854161133,5717.03557462318,6473.14437832759,6758.69384500224,5468.83781191633,5336.87574046474,5062.07664582129,5839.52127101987,6650.80825406726,8044.8808637379,8680.83259346947,10065.2684027818,11825.9099980324,16726.4254520934
Nicaragua,...,...,...,...,...,...,...,...,...,...,...,...,...,...,...,...,...,...,...,6.89106297072754,6.98812019566737,8.34692134482491,8.44397856976473,10.9674664182002,10.4337529481418,14.9953412532029,18.5379299635065,25.2348784843544,35.2317726531563,44.5492662473795,32.2781950033354,47.159888987657,71.9273127005992,...,...,...,...,...,...,...,...,1142.47597961993,67.6683454972453,47.2,40.2105896189068,35.4014945975534,35.1198514629075,31.5334005097505,30.2707005021126,26.2712745348189,26.9279296825383,30.8252656806786,28.193450444589,34.8319100713619,35.3071249817936,32.6280651557363,34.1235739513425,37.2851451337507,39.4720437975987,42.6597287824116,41.7217729049387,44.2724429210916,51.4531111339038,70.1329698004391,74.5320109372725,81.3919299411777,98.9329471510318,85.0735984439089,86.7254448392143,81.5939326938754,76.9315068493151,79.3433096033706,77.9196503033963,84.2140478636538,98.5929365029424,105.264016309888
Panama,...,...,...,...,...,...,...,...,...,...,...,...,...,...,...,...,...,...,...,...,...,...,...,...,...,...,...,...,...,...,...,...,...,...,...,...,...,...,103.8,102.9,101.9,73.1,78.6,78.8,95.2,101,96.6,101.2,118,104,111.6,0,0,0,0,0,0,0,0,0,0,0,0,0,0,0,0,0,0,0,0,0,0,0,0,0
Trinidad and Tobago,...,...,...,...,...,...,...,...,...,...,...,...,...,...,...,...,...,...,...,5.0875,5.2625,6.2,8.62077695860002,9.12152315123251,8.94488623023448,8.58403588492278,10.7037514978339,12.6139773954241,15.3645833333333,18.3125,27.21875,36.9270833333333,35.1666666666667,...,...,...,...,...,...,...,...,...,...,...,22.6448767543122,24.2028175860306,...,...,...,...,...,...,13.945440719243,19.4921167350544,33.7365570046544,75.8891504828552,97.75285892983,115.560463097328,124.75051477316,139.098455662914,138.523710218802,143.063064758741,146.08069523973,168.762442453652,211.176025939717,188.88580675642,202.106905459739,216.27666000375,201.814603265352,166.008530068204,172.525849335303,170.175114526378,210.674621041573,217.163250585468,243.294649278985,234.544782155796
North America,,,,,,,,,,,,,,,,,,,,,,,,,,,,,,,,,,,,,,,,,,,,,,,,,,,,,,,,,,,,,,,,,,,,,,,,,,,,
Canada,...,426.308539944904,986.467236467236,1747.95709908069,1979.90844354018,1871.27440904419,1832.65720081136,1901.16869918699,1922.87636230902,1815.61454263719,1737.53567083057,1702.4427114107,1677.82088108423,1671.31375319292,1610.09170058692,1657.45728298458,1574.70453997291,1614.42282701519,1775.50036617812,1797.26581714572,1770.10875117249,1889.15791790681,2077.65971142515,2233.73703068794,2363.06095512359,2809.46552928173,3180.91549018837,3581.8057351487,3752.17452630589,3969.15847703543,4084.14573765174,4744.40225107336,5141.12819144056,6017.32145607224,6947.10407166388,7349.79576393554,7460.56331839353,7780.13673983447,8694.44716777653,9897.33568427981,10747.1346886376,11414.6318468936,11338.5032992354,10788.80312394,10268.8226220283,9577.37763978794,9176.90390836758,8615.88447123883,7945.14018286606,7748.60798403732,8210.77853984237,8299.38523072365,8375.57142488184,8495.39928121734,9958.24560151315,11336.4898310556,12988.1329636232,14809.8928029902,17417.1399311051,19342.0584045584,18936.226051964,19315.6888250369,21393.7208637223,20452.1071109741,18515.7312099437,17853.6404776849,17937.6418947407,17782.7755430736,22269.6963233229,22729.3275803404,22394.8756593821,23082.774049217,25362.2408293461,25567.9438760417,27227.6531141228,29346.897810219
United States of America,14088.1555906981,14926.9971144278,34491.6193196245,49660.6702070687,51516.7635786048,44640.1410874331,42120.4865105587,43311.9753415279,46072.6403561903,47050.2454653131,47819.1835287319,47346.5526702126,49879.7706050578,54650.9426050773,54561.2157754246,53432.3270581665,54561.7912632266,66442.7515273178,78398.4422405239,84329.0312182481,84990.1654307737,83407.9930048882,78237.97989308,80708.0709664935,81469.7944075887,89278.92033982,92080.9287536472,94715.2510797143,104665.218971628,113382.063749093,126879.927116756,143688.354872676,176558.875270821,221673.54258402,223427.16500573,245149.168288537,272163.229313057,295546.223803599,304086.648682908,309661.269300954,321866.55880832,325129.313986031,299372.779114591,325033.735954804,316719.443747423,308084,295853.097724661,287960.66867894,293167.825790971,290996.055088378,298094.891322404,320086.324211196,331805.610572137,378463.138753841,440532.069586192,492999.376159397,533203,558335,589586,656756,705917,738005,752288,725205,679229,647789,633829.639,639856.443,646752.927,682491.4,734344.1,778397.2,806230.2,860692.2,916014.7,997309
South America,,,,,,,,,,,,,,,,,,,,,,,,,,,,,,,,,,,,,,,,,,,,,,,,,,,,,,,,,,,,,,,,,,,,,,,,,,,,
Argentina,0,0,0,0,0,0,0,0,0,0,0,0,0,305.162407203668,242.219771188823,245.740498034076,252.407602894431,279.225436289744,251.930719052261,337.142857142857,442.857142857143,445.713893877895,519.719484172883,766,1294,1626,798.35953520164,2050.24895880214,2058.22394163377,3103.98994659127,5057.06280325292,6477.38901347732,5882.76712646132,2279.87269746359,2848.05318138652,2527.74981485341,2027.22126123072,2449.54572061181,2485.65965583174,2696.34165847862,1440.92219020173,2050.90762917129,2858.77884210019,3254.45519168378,3368.55045217659,3754.72468688939,3801.95048762191,3379.13876976541,3340.67033516758,3398.69934967484,3461.73086543272,3266.63331665833,3183.59179589795,1114.17248291036,1374.87373432668,1465.80918824616,1699.57915182907,1847.55312983947,2296.44824188781,2788.98020456974,2981.85229009382,3475.34840746349,4051.93010457065,4563.21785877234,5137.9743009699,4979.4427244582,5482.61670096393,4509.64766005234,5459.64367245401,3842.8523653176,3132.65492606745,2830.92970521542,3073.43332280813,4338.26131030872,4882.35299899977,4177.61845220522
Bolivia,...,...,...,...,9.07936664557866,...,25.0338606354972,1.26443476853092,2.90887007769374,...,...,...,4.93541796405309,5.19561857100147,6.40429235811651,...,...,...,...,11.5831237931858,12.254609230472,16.7871359321534,15.8638434558849,20.7006409421659,21.1291399666588,39.7666360693248,58.3044664174311,66.7760555550065,73.2543296013878,97.672439468517,119.737096068101,159.008134942347,238.715537624444,123.726843539984,89.9734825986752,144.680785749052,131.208000213663,92.8692072219058,103.362387152732,92.9169516674937,101.690872434517,137.06512751571,143.643960107356,141.441910309395,109.897117990753,134.595240362557,140.76086277222,146.963017847677,180.200446875488,228.677000361153,176.744242061382,173.245422524961,188.91947855279,157.345536246862,173.406474535753,166.38314175173,163.95886622217,167.909985854297,195.364180930425,365.826318090386,305.420456957265,547.246000161045,403.569202360977,499.873229567294,564.512107577424,625.909654613603,580.617340150506,519.30993432642,574.12611337395,602.855917994829,593.158568591264,510.495827347146,536.247233213096,429.365590625774,588.816403688688,655.130126365488
Brazil,...,...,...,...,343.93069796436,...,...,...,605.445986649916,411.20332395313,383.002648846319,382.729752052851,342.339720821958,387.449035549939,441.999606218533,354.22785706906,632.869026537902,718.216574564932,746.139163630054,755.307566684812,816.622810997187,1026.23437382096,1075.07145291974,1195.50148756211,1512.67097708737,1790.11421337072,2141.12669328147,2576.47698166804,2499.64465835739,2690.62310176157,2829.16119958493,2259.30747886009,2517.85975717182,3031.32892409642,2082.66925091503,2013.15175788161,2687.04998434728,2758.18656847748,4323.6747701207,5874.16775284461,8761.48696581023,9236.29695540526,6694.66529515063,4993.80446692814,7099.89915509737,10591.4991183781,14318.9196080931,14073.2265446224,13934.2665516378,14357.3570468411,9866.97391850843,11344.0325349018,10930.2315683746,9664.56190332699,8392.90588403499,9780.11158516574,13588.6197363611,16404.867307489,20485.7580146477,24452.9030358224,25648.8099108246,34002.9444700238,36936.2098958053,33987.0050740629,32874.7872305887,32660.2393694525,24617.7016830655,24224.7469014667,29261.8330966693,28177.4068722637,25906.8711967546,19591.2090044634,19187.1224754493,20542.0635673716,21788.2910724883,20947.7232650291
Chile,...,87.5025521577713,107.145918454813,109.680603630428,136.623759294289,102.176911713713,141.979690731195,136.908836572517,117.011114137628,114.951337267224,91.0721736386298,126.79104264183,160.930923495915,162.62622442419,152.917455404214,149.950377692931,168.215772366996,186.697964758487,182.705341270295,173.781024275537,179.980922718443,388.383950343605,651.589862883541,745.661188757487,1005.91972016376,1103.19048084936,486.720076897699,599.806958679965,924.042756712079,1036.14503503307,1312.89970949745,1787.17948717949,2292.30769230769,2160.7478544756,1497.68430084162,1462.26295346653,1137.63521074226,1114.39382159332,1166.7813697831,999.951022807046,988.934423159046,1031.4755840382,1038.03949418125,1168.85839106836,1291.05367596483,1466.04883180184,1827.99736877257,1904.10583432581,2120.70260794906,2112.37312291435,2043.1348115186,2103.46060968852,1893.09822376358,1779.5531376599,2067.98399763957,2687.32086578325,3100.3915908019,3855.3580689265,4022.47810375452,4641.87757555109,3902.22158827515,4894.08112509775,5686.75206960146,5466.10178201784,5529.87948060968,5102.77742211734,4630.77277372175,4796.01096208952,5370.01813487068,5545.83193277856,5182.15652866016,5246.20473345184,5194.05917429763,4649.29573632937,5470.07856890418,5105.44170726122
Colombia,...,...,...,...,...,...,...,...,...,76.09375,67.65625,75.9608138658628,97.3134328358209,153.596253410634,170,190,185.202863961814,172.592592592593,178.541884961121,141.184847796596,131.63896282354,162.662459131057,263.898574646672,170.587589638519,173.879934001777,194.904101810536,227.942151191927,229.146910551999,280.082338769106,360.663621062755,467.687274675792,611.248236580563,638.643433259008,667.866120930581,859.813605599187,889.730898558775,716.735060992748,679.498200874082,721.331206436748,862.374404192878,865.205662784133,889.979074541223,911.467589191922,1102.35722695915,1529.43289323516,2005.12288775573,2619.33818712438,4318.55231554274,2988.71126069275,3389.80673753892,3247.29676636887,3027.92279323722,3264.43819223092,3347.52260166757,3278.36950289299,4056.89699118546,4914.19018196076,5326.66423846108,6775.76276650516,9051.13050195405,9033.20267252324,10422.0544936452,10306.5785059573,11706.2719127386,12503.812627422,11845.9508953824,9127.16537488958,8675.98082276398,10018.0298175824,10134.7195905505,10167.5478555704,9554.13150535102,10180.1342920766,9661.01316174645,10779.2383415916,15096.2591119062
Ecuador,...,...,...,...,12.1,...,...,...,19.3,18.8,16.5,22.4,18.7,18.3,17.1,20.6,23.8,22.9,25.3,29.3,39.7,30.7,29.7,37.3,49.2,74.8,102,117,205,164,186,209,234,229,200,193,284,207,207,198,189,202,209,211,276,291,475,419,499,549,296,266,384,505,739,710,954,950,1310,1646,1949,2094,2453.7,2589.776,2735.825,2786.519,2597.51,2513.2,2462.7,2549.4,2346,2356.3,2408.81,2586.48,2692,2698
Guyana,...,...,...,...,...,...,...,...,...,...,...,...,...,...,...,...,...,...,...,...,...,...,...,...,5.03280821202366,11.1367575869161,32.4363796924488,34,24.2745098039216,17.3333333333333,17.1764705882353,21.8823529411765,22.4,24.71,22.1,20.7408451365889,38.9712713289509,27.8296609415741,10.6192912340621,11.02,6.02383021341149,3.58932849015893,2.03137437282557,3.62534999440009,4.4365264736053,5.48555210065804,5.69156061385037,5.55834016028495,...,...,...,12.5856492901387,14.3710528985004,16.6522434636666,16.3453305687082,22.1322387397382,18.5065666041276,19.1769736447739,24.9719541184203,30.5205934205163,31.0556508948272,31.0750554911705,32.4167475418836,33.5426066021394,35.1634857882898,39.2809674697968,46.4305084745763,51.5621308232153,59.5108958837772,61.7454659624678,67.2069377130284,76.5418396831168,76.5449451631718,88.1982412136681,109.674872536337,201.841558938087
Paraguay,...,...,...,...,...,...,...,...,...,...,...,7.0885415940611,7.1874613157632,8.27681092143356,9.2089348108216,9.81537685933912,11.6796246381152,13.5887940501148,14.9364430468204,16.6210042927024,17.8563492063492,19.3166666666667,20.75,28.8515873015873,30.915873015873,31.434126984127,43.4888888888889,46.7579365079365,55.4865079365079,69.5222222222222,63.5301587301587,89.3261904761905,131.942063492063,208.02619047619,221.221334920635,172.997512437811,158.363306126841,191.435349311696,116.922830909091,178.435818181818,98.1423567059893,112.234255698035,197.613496807981,169.556285205336,157.930499273865,161.100272278829,206.926409311294,202.012224837222,167.982106865488,139.262988039667,116.55325485737,110.2481671987,91.2988939250821,69.8927412933427,63.5118800569179,84.4669862603802,77.468937966578,106.557406138984,132.393616175746,168.154857399547,168.486261904906,204.605254822129,285.106240844392,320.909756560571,371.215575362154,398.370830477549,386.538864264704,343.232340562483,348.179657473011,386.556389586348,375.779511383923,364.342199983714,372.601369313781,365.68825257561,397.579485362559,413.97134808491
Peru,23.9027683997299,28.695652173913,35.7329842931937,35.7051282051282,31.6239316239316,35.5263157894737,41.578947368421,49.6315789473684,51.8421052631579,44.8449287510478,42.2939068100358,49.0856874926738,63.0204312984073,66.3683818046234,97.3154362416107,120.432513049963,132.736763609247,145.041014168531,243.980653458211,113.178294573643,128.940568475452,218.087855297158,247.286821705426,276.485788113695,364.341085271318,454.780361757106,710.909865546385,778.394355385449,1031.6401297326,665.178542875234,520.650234292605,948.572813349258,994.511245080721,1268.69533679202,927.159637241117,666.310916249621,666.976464478036,867.538985481269,1455.23230259328,736.618231495281,862.65419943815,777.066944849536,697.734627831715,904.617804997472,956.586464955339,1111.16173120729,1413.46362938407,1396.4692886811,1178.75360806555,1141.80887372014,992.217726322883,912.005730659026,904.23544910931,839.613251812882,891.253913358459,922.04607447036,1203.03942137744,1291.06013952319,1332.65537570731,1503.66389138051,1848.56293006419,2178.94572333363,2355.16783384937,2857.98338219855,3305.45187131791,3217.57465689716,3312.21457018629,2536.0723348143,2665.78531329571,2648.68328736167,2766.84733514002,2653.59290008589,2657.50177459326,2799.1909850433,3308.61184831344,2565.26861371996
Uruguay,...,...,...,...,...,...,...,...,...,...,...,...,...,...,...,...,...,...,...,...,...,...,...,51.4292819115868,112.465598243483,187.55747361904,156.541418623062,133.232399697199,160.545078518595,185.943655751885,279.396248945885,477.266464590796,709.69953582315,599.135224098229,274.611790852867,221.851277344512,203.645853928586,242.349802554248,223.924938586923,259.96702993247,297.821236424986,328.351062010466,268.62801463081,366.965197814078,418.919638983124,450.443306000095,523.862025515829,575.65201465661,575.206289458717,573.248407643312,574.285890663445,555.968792356772,523.00831137239,344.263066284048,269.526777199942,279.301971522835,347.323784856977,392.798690671031,416.045332538026,567.703932828305,577.056008507621,755.659469672421,824.83354216069,924.640335588313,1045.08436840872,1034.49944667959,969.906845518716,988.223629628739,1165.71034853799,1271.11773100881,1154.91614880395,1091.53535961401,1258.23138803514,1297.89783681388,1511.44976030372,1736.764487451
Venezuela,...,...,...,...,...,...,142.857142857143,173.403270595495,228.932672303922,251.940298507463,225.693874321948,234.35774037342,114.632682852563,203.900682753824,245.397307794499,200.459770114943,227.272727272727,238.636363636364,270.454545454545,272.727272727273,263.636363636364,272.727272727273,352.272727272727,404.651162790698,420.93023255814,602.325581395349,711.627906976744,593.023255813953,748.837209302326,827.906976744186,925.581395348837,1002.32558139535,1009.3023255814,1523.25581395349,2006.97674418605,1325.41504730877,820,1004.53649671608,765.51724137931,1096.55172413793,1196.25155296512,737.87045468601,983.721953365596,992.932484978058,1287.95476086423,939.683231420828,1198.81023738705,733.197556008147,1541.03386386102,1450.96399162112,1408.06471583639,1788.32208033625,1911.40013652858,1071.36396916319,987.890177726888,1448.71598293265,2665.39059696136,3630.08849557522,4351.56031672101,5660.45645086167,4055.37959944108,3991.19483474435,3577.53158743851,5114.84709999301,6199.69850015542,1554.72710823932,320.539157963524,218.154892929075,2127.93659643571,763.623333345644,4.11270217652861,2.59157673264645,2.02483303910593,4.62733350193864,3.91705734020454,0
Asia & Oceania,,,,,,,,,,,,,,,,,,,,,,,,,,,,,,,,,,,,,,,,,,,,,,,,,,,,,,,,,,,,,,,,,,,,,,,,,,,,
Oceania,,,,,,,,,,,,,,,,,,,,,,,,,,,,,,,,,,,,,,,,,,,,,,,,,,,,,,,,,,,,,,,,,,,,,,,,,,,,
Australia,0,170.800027328004,294.000047040008,440.160070425611,462.000073920012,417.200066752011,432.320069171211,445.200071232011,437.920070067211,439.600070336011,450.240072038411,459.760073561612,470.960075353612,489.440078310413,553.280088524814,655.760104921617,787.36012597762,986.720157875225,1197.84019165443,1321.60021145603,1314.88021038083,1277.36020437763,1331.75478944566,1484.44374494753,1855.72930659264,2127.27476294236,2268.70767446336,2441.08402461737,2500.48512738059,2816.31620575076,3100.68507926643,3657.86728972814,4323.64415690375,4459.54458175223,4511.67106602643,4925.31943274361,4386.8593257862,4606.71002760751,5057.13565516952,5836.34786820948,6300.01581527756,6704.21369803132,7023.50906711535,6882.0915800683,6733.82928952236,7459.6965819777,7665.87844599453,8202.77651698934,7936.88491739524,7107.54289088659,7770.25065324688,7273.76031261052,7043.14589539887,7946.76620159082,9926.64941533553,11995.2197095054,13237.7984986292,14239.7795130914,17186.4409616173,18633.0923182741,18960.1385130129,23217.6928157335,26597.1986553381,26216.5808484356,24825.2625888168,25783.7087140042,24046.2058602554,26382.9470500183,27691.1124168515,26839.8209144018,26079.3463143255,27300.8947006194,32718.0668168168,32445.330432014,32387.989797746,33819.5723684211
Fiji,...,...,...,...,...,...,...,...,...,...,...,...,...,...,...,...,...,...,...,0.344497343925478,0.344497343925478,0.413396812710574,0.535616768530885,0.787703106216311,0.931727069441367,1.35302208032731,2.05625374901294,2.75143001954963,3.65146494593652,7.23926539761045,9.57232067752886,10.3671917502583,11.3616817629211,14.9391548492196,15.102947827968,15.6013301311657,14.0089289584327,14.5912593678004,25.1314456610873,24.6738355264078,29.083211422947,30.5420315886853,32.4825828837865,30.539125343482,32.0410956238609,33.665273338251,34.70024816366,32.8511366065702,30.9625401751081,22.5989269284585,23.8116997187275,32.0395373528389,32.811655824618,30.9143042680947,37.2968980797637,46.7988112755706,43.1113502900702,54.0671680587807,75.576918299923,53.5856586204517,51.285722320794,50.4089537144674,60.7855274678088,59.2215164060361,58.1082768995161,74.7879411272158,42.6175576035115,54.4116080036804,75.2765550115658,81.3783135709352,79.0221989772199,71.18100399754,68.7268518518519,68.0967657079601,73.3482974657349,77.6383356893706
New Zealand,...,...,...,...,...,...,...,90.4397105929261,89.0397150729118,91.8047062249401,97.8946867370024,101.219676097036,96.6787512194031,96.3231061438221,100.042547629708,123.402030606484,126.982427550842,148.22148126931,149.591230887079,135.520021683203,147.560023609604,171.920027507204,180.841169784024,206.172013195009,246.331492972427,291.444123102643,292.259947351158,271.671526236703,307.431743844086,388.573502345957,436.892310899722,676.939260529084,660.354444434806,608.767756507905,567.555469444203,530.331804602067,529.191398508429,691.134040017563,925.756538570484,961.838312368973,959.60290643782,1057.74967187686,989.033810015518,870.398917171109,866.788074638883,979.531816995944,1146.41572827257,1238.27198680276,1180.88890652068,969.356349524957,970.3060419875,858.414919473911,796.636889122438,865.788852968518,1091.06720643873,1193.49561074877,1290.64196184914,1359.53075205294,1591.74076299788,1534.98279109377,1462.02451098675,1756.91655318014,1937.68654063406,1953.0815536183,1952.41346224814,1994.77549722439,1734.77884900364,1921.81561669147,2145.34564777,2302.33873347458,2726.15128543177,2810.18234912395,2905.57107496464,2829.08583902203,3029.02471466575,2998.52751758211
Papua New Guinea,...,...,...,...,...,...,...,...,...,...,...,...,...,...,...,...,...,...,...,...,...,...,...,...,...,...,7.93304821486779,21.9851741975033,22.2767523199159,27.4218006136051,30.1507396485036,38.7959686770619,38.2485322460091,...,...,...,34.2893702952085,37.4505617584264,42.3835690974437,46.2947478412508,53.0742422248797,68.6910994764398,52.6421416630504,58.5696766642859,68.5969921599056,83.2558783396286,56.4054881860232,78.7448732819335,79.5565971473675,49.7205329886815,35.6780264278796,33.6069816257872,25.2307655988102,17.0208614661046,19.3071321331855,24.4217294432342,30.4647076838763,31.3079663562042,39.2870993306018,39.3320222659245,52.0481717807444,46.3356243725384,64.1931361425914,110.623185275838,105.100890617551,112.375755926034,99.8406426789849,79.0513193098808,80.8607555171601,79.956905785118,91.7345399698341,93.4619815668203,87.7855274629468,132.790940612421,97.0492570231916,91.0050561232259
South Asia,,,,,,,,,,,,,,,,,,,,,,,,,,,,,,,,,,,,,,,,,,,,,,,,,,,,,,,,,,,,,,,,,,,,,,,,,,,,
Afghanistan,...,...,...,...,...,...,...,...,...,...,...,...,...,...,...,...,...,...,...,...,...,2.93958550125376,...,...,3.34127155123016,3.58136635143003,4.20366456865451,5.3932512159455,6.1272880633346,...,...,...,...,...,...,...,...,...,...,...,...,...,...,...,...,...,...,...,...,...,...,...,...,...,...,125.111557457054,122.727193134874,131.346231269517,219.580214296198,240.532594620985,251.869514820335,298.147102825701,325.80694972333,238.583385374322,217.194107113298,268.238787719988,199.517108764826,185.878310062383,191.407113244397,198.074728574408,226.306243729258,279.576954925193,278.250788014927,...,...,...
Bangladesh,...,...,...,...,...,...,...,...,...,...,...,...,...,...,...,...,...,...,...,...,...,...,...,...,48.6068001313768,72.2982350382714,80.8305594733651,105.287729075513,128.522908761231,134.871031705263,136.251932925634,167.255351167634,174.106138716989,184.674562508557,231.804492459502,244.337571539817,224.94800705318,248.796417166614,288.311839747867,331.995586627989,378.796135246148,373.023438959292,381.720110052258,427.723624979361,471.044672335061,547.417522185003,620.095155928424,638.958844832812,681.915123987305,701.58560035317,737.412573607247,740.798160005685,705.481695212977,681.816161719721,719.442956940887,770.641160288967,773.677668179153,829.682794837739,953.464223599622,1030.02001823876,1258.79115660238,1624.62508596641,1801.53980181356,1823.42507637789,2047.98907087034,2355.99152471152,2815.28164095454,3239.75350963918,3266.03323935658,3649.62380757659,4348.50189483657,4651.18334826269,4849.92946984836,4214.35032915342,3782.79303825623,4034.56189272044
India,...,...,...,...,...,...,...,518.385518385518,654.885654885655,687.540687540688,663.443163443163,681.765681765682,748.388248388248,1065.43606543607,1795.4492954493,1986.65448665449,2125.98962598963,1661.15490641015,1487.73333333333,1586.86666666667,1691.43333333333,1832.96666666667,2255.25698283756,2497.24470568716,2529.9210543991,2895.41572035154,3323.64680051911,3294.91061234921,3477.08094450128,3975.81912987438,4589.73835159412,5420.80951908574,5879.00703584446,6302.10795621001,6830.76869758092,6956.68244943939,7567.02402030933,9539.36308560916,10877.40616441,11346.4191534156,10589.796924594,10537.0354500528,8622.47388138455,8083.23140970982,8253.54258148511,8880.5512260269,9754.4646298929,9904.67273630381,11464.8833898324,11920.6108183832,13895.562461387,14287.5142407035,14600.6423460997,14749.6672515907,16333.986643282,20238.5665265411,23072.3129251701,23951.9279581522,28254.7734500647,33002.3767273797,38722.1543921843,46090.4456565003,49633.8157937027,47216.9200482061,47403.5288014226,50914.096277083,51295.4837539436,56637.6226408741,64559.4352806927,66257.801718275,71468.9005243041,72937.0640477993,76348.5387939209,79976.789327937,82293.3321625812,86125.9762485524
Nepal,...,...,...,...,...,...,...,...,...,...,...,...,...,...,...,...,...,...,...,...,...,5.18518518518519,5.89135802469136,6.5037037037037,7.15274793487084,8.4469696969697,10.5291380375904,11.876,13.208,14.867263944511,17.3,20.0833333333333,21.9595826949734,25.4911732282275,29.0817589307813,29.2112713707669,30.5320501578394,31.0530480739338,33.9288333211117,35.7891211376947,36.3311363502619,37.9291911253967,35.4314857066166,37.6075378943056,37.0418374232624,39.2529986335341,39.7665845061601,39.5470260354195,42.5878519897603,42.2730758854004,47.4849573706686,51.3581353085642,64.7017383751416,85.4058857217701,102.934146206926,130.650327932937,159.326023750306,157.24768952493,169.575397124144,187.069695835967,209.703501957568,254.950072106677,284.518851062623,256.686839473598,281.038425693598,328.115662238927,323.797729640271,356.495278640587,436.745563546622,429.373005932663,428.696895057622,434.381673461464,453.263783607849,454.509775336887,436.46292387932,426.517834461529
Pakistan,...,...,249.658457558062,287.439701135251,251.094144813995,216.637650671599,204.389259344421,169.365169365169,153.352653352653,164.556164556165,187.404187404187,208.845208845209,210.10521010521,200.3402003402,219.66021966022,257.880257880258,439.63543963544,549.67554967555,478.275478275478,492.555492555493,552.720552720553,635.250635250635,739.410739410739,478.207381775708,477.624634164645,609.191919191919,771.161616161616,833.181818181818,913.585858585859,1031.86868686869,1181.81818181818,1429.29292929293,1737.37373737374,1852.71154251952,1985.97240222612,2114.43583007625,2143.96926244946,2282.62501877159,2500.17242568453,2721.72323962829,2580.14263807414,2810.10162433087,3067.12379415818,3388.77637265377,3308.7607445779,3320.61792937389,3665.93242675246,3547.79967127419,3320.23886260535,3218.88173828494,3080.76451444121,2973.07272191798,2842.04679042489,3273.40189338254,3722.81479429284,4128.19548936711,4587.1174251653,4969.19761146682,5342.57513768038,5226.67878650153,5274.56497076961,5974.61317607619,6954.78751126317,7478.83188857671,7655.67898926487,8676.51071011249,9506.44163123121,10004.7095988137,11378.1689550744,11537.4260757681,10223.1173310075,10241.0244845759,11649.4078104994,10358.1385902913,8626.15758837011,10165.9527562448
Sri Lanka,...,...,2.48325248325248,3.21825321825322,4.44675444675445,7.04550704550705,6.42075642075642,7.65450765450765,10.7362607362607,15.4560154560155,16.7895167895168,16.6530166530167,17.0835170835171,15.8497658497659,13.9177639177639,13.9387639387639,14.4742644742645,15.2827652827653,15.7114321626131,14.3052263216164,15.8634291887097,21.0420387173512,32.258064516129,...,25.146427176884,28.4178476111717,30.4787810200124,23.669757489301,28.0812322562249,21.9464854234596,28.0731835754376,30.8115202245016,27.6846256566402,25.9746687039333,45.9525853641951,55.7507999779859,188.947302540994,172.74326933716,226.699541853033,165.486625501465,125.682787242247,187.023405694545,277.389023844917,326.765473561246,354.785171204953,437.032405074562,763.663963661622,767.105591680327,698.792770863774,733.435634700334,631.014150108657,822.127365590071,675.0165020194,571.657950222711,541.695589560821,619.305492420499,644.211825110948,791.491040668245,1054.81681024742,1511.36300699688,1522.232372004,1532.02610910635,1753.3215755438,1474.90262768117,1600.84141040839,1914.59122029078,2057.8664069716,1741.45664997426,1866.53443899382,1638.91432687567,1560.09445893163,1486.44086079499,1539.69480394051,1001.95581894468,1165.82464021347,1333.31235341663
East Asia,,,,,,,,,,,,,,,,,,,,,,,,,,,,,,,,,,,,,,,,,,,,,,,,,,,,,,,,,,,,,,,,,,,,,,,,,,,,
China,...,...,...,...,...,...,...,...,...,...,...,...,...,...,...,...,...,...,...,...,...,...,...,...,...,...,...,...,...,...,...,...,...,...,...,...,...,...,...,...,11251.332630388,9926.34925081692,9802.37536607312,12244.2678422149,12360.2258606446,9867.12006627418,12385.1294749875,14275.4008199732,15699.5867685755,17031.7801996918,20473.9150947667,22237.1401512145,26561.4629982924,30284.1274099972,33144.0004814458,37904.571826996,42789.9536509024,51453.3732338486,62136.5907545887,78840.8028198629,96601.6667529542,105522.648101838,125286.373164011,145127.609596207,164070.469321744,182109.20461908,196538.82723079,198538.361427554,210443.034740968,232530.595985266,240332.555458151,257973.429833565,285930.518056053,291958.42846021,296821.377591502,313658.330217176
Japan,...,...,...,356.549432290224,395.833333333333,475,488.888888888889,456.944444444444,451.388888888889,459.027777777778,463.194444444444,480.555555555556,492.361111111111,538.194444444444,629.861111111111,718.055555555556,821.388888888889,932.430555555556,1039.02777777778,1168.19444444444,1335.41666666667,1575.34722222222,1896.54041599416,2567.51942791551,3374.56110002871,3962.15788716867,4534.90213520134,5008.39650381721,6157.31257681278,8657.13593294114,9173.58766085607,9711.74159062543,10851.1762251968,10193.9360117554,11429.3172555492,12225.0780980288,13087.7519535835,19457.3344410159,23642.2907001666,28216.1027529808,27966.3535415036,28800.4516824134,32785.4157541924,35999.1235758107,41353.9362218745,45285.594082655,49961.6732369689,44047.1046801313,40634.8406079791,37849.0126427562,43122.8985049207,45509.6738273094,40757.9672341581,39333.7081698408,42486.177361062,45339.8094146571,44300.6133299461,41552.5928855794,40530.0456884692,46361.4682804594,51465.1582075898,54655.450735305,60762.2138408911,60011.5301946974,49023.9324068581,46903.4666125187,42106.1033057928,46471.287714246,45058.4687606493,48535.909410587,50778.0065860079,51396.5360585254,53602.0025686803,43198.1663588616,48189.1086213905,55273.9043167083
"Korea, North",...,...,...,...,...,...,...,...,...,...,...,...,...,...,...,...,...,...,...,...,...,...,...,...,...,...,...,...,...,...,...,...,...,...,...,...,...,0,0,0,0,0,0,0,0,0,...,0,...,0,0,0,0,0,0,0,0,0,0,0,0,0,0,0,0,0,869.62962962963,912.592592592593,961.481481481482,1604.44444444444,...,...,...,...,...,...
"Korea, South",...,108.4,...,64.8333333333333,62.2222222222222,213.333333333333,141.2,250,266,302,330,275.643564356436,157.061350086544,186.153846153846,185.384615384615,137.48147039706,132.131636142507,176.901786339497,218.100895692322,278.696524426612,347.028223805442,386.403740388207,460.899849343362,531.950093409418,544.785374646643,852.963864000475,1030.99173553719,1708.67768595041,2237.60330578512,3190.0826446281,3543.38842975207,3980.69248903581,4463.8399595905,4646.52488633317,4714.15975290945,4759.44693142228,4883.79577480977,5325.29207423189,6040.84530500251,7732.39567554562,9468.97488443025,10110.7148710587,10956.5243477561,11614.6651960992,12377.4248727063,13519.2657627271,16085.0956794805,16408.6652669578,14848.4845299378,10457.9575293983,12095.1868239094,13801.1070241211,12941.8508276594,14101.7033147096,15847.047272178,17829.8641427723,22159.5125571222,25177.2377410344,27726.1295852493,26072.4105076902,24575.6619391823,28175.1812189679,30991.7079464761,31951.760810319,34311.2207151665,37552.2989538232,36570.7693225744,36885.2834300234,39170.6821356216,43069.9733428752,44102.240752179,46117.0965745819,50873.7881052917,46365.4207074157,47801.8630388787,47571.3185967228
Mongolia,...,...,...,...,...,...,...,...,...,...,...,...,...,...,...,...,...,...,...,...,...,...,...,...,...,...,...,...,...,...,...,...,...,...,...,...,...,...,0,0,0,0,110.838314608565,33.0418912017593,14.057102955483,16.3936412249437,21.2811487852559,21.6081968917019,18.6925943553859,19.9208399339698,18.0218618806698,24.2655595493512,23.124715313838,25.2821284145869,24.3332112268216,27.7490930566101,29.7979672267164,39.1896244808002,56.5618591934381,66.7498713329902,37.6337460008346,54.8557175069636,87.1578481572792,113.622769928844,103.464069871976,105.114434894888,101.73306981011,96.3667898371294,87.5117434962015,88.1551894740417,93.9804803368221,95.5945941377913,97.194681713412,89.8013137445336,111.467041986021,180.843441375323
Taiwan,...,...,...,...,...,...,...,...,...,...,...,...,...,...,...,...,...,...,...,...,...,...,...,...,...,...,...,0,0,0,0,0,0,0,0,0,0,0,0,7110.09174311927,8142.20183486239,8701.14899788049,9304.49375349618,10071.0900473934,11653.4657217569,11953.3582794724,11470.210677339,11765.2414596839,11325.0994347917,9231.57422634175,8746.5650116738,8800.64051240993,7982.24852071006,7531.45336225596,7472.83398221861,7833.16378433367,8011.31594491249,7645.01552365436,8157.23768345411,8960.24367801504,9122.81763442162,9092.34561658555,9998.2351344013,10496.825825623,9964.30495689655,9802.43661508067,9803.312169782,9663.66897608823,10479.9763461349,10504.7758099683,10993.1717420148,12029.5715352753,13932.664756447,15261.4464373251,16344.5647916894,16475.0087980741
South East Asia,,,,,,,,,,,,,,,,,,,,,,,,,,,,,,,,,,,,,,,,,,,,,,,,,,,,,,,,,,,,,,,,,,,,,,,,,,,,
Brunei,...,...,...,...,...,...,...,...,...,...,...,...,...,...,...,...,...,...,...,...,...,...,9.86809773741424,10.3455858360879,14.2155227814429,21.8189726985847,41.281153797495,67.6692946528306,71.6856604082971,89.2296461772544,171.46457214333,142.386781305897,155.27124187647,168.998420575509,117.11980312818,97.3662497421569,101.752153262278,110.162485877782,104.464429861632,178.392184534044,186.129028949986,231.168587554413,245.434285548899,251.692787466927,233.941291875801,261.876080238831,285.738475214833,328.359479163712,369.070790202113,293.977055449331,258.413177892104,244.205201976844,217.667939186927,226.182431489062,243.373245014866,199.381149311041,248.588079788512,293.436463532062,323.137150819455,361.989034484219,349.759722804678,390.719540010708,415.371528964711,411.261473947038,412.09427975415,527.785180451652,424.022039167265,403.366488712977,346.70680442155,357.708767503726,414.728739002933,436.548223350254,453.337798615762,435.857351159602,448.911490729443,558.608208955224
Cambodia,...,...,...,...,...,...,...,...,...,...,...,...,...,...,...,...,...,...,...,...,...,...,...,...,...,...,...,...,...,...,...,...,...,...,...,...,...,0,0,0,0,29.0909090909091,43.2946836634263,62.2937358871923,44.6262551134251,107.258618996169,123.101153486778,113.563610865522,103.419601187951,83.3239860913039,88.172003477046,81.0258413070364,70.8469408859825,65.1827160998753,67.5252244339131,69.2187986305633,70.9590714722053,75.8813135928837,79.0154258820513,82.6307234279766,136.58973795276,167.857927989066,192.159418504374,217.305727746095,243.470109876467,277.974068111455,325.188062343281,382.205260411544,458.262797923612,543.204689086157,595.407617667785,621.329326832404,630.407255027116,618.689402034712,667.985733158485,720.543532173392
Indonesia,...,...,...,...,...,...,...,...,...,...,...,...,...,...,...,...,...,...,...,...,...,...,...,...,...,698.192771084337,1063.85542168675,1275.30120481928,1468.67469879518,1627.66234206925,1552.43116578793,2114.45404581224,2654.10592996991,2741.0680943,2047.25795010256,2002.31007661267,1923.3193466477,1734.61670409182,1347.5986251787,1356.70641276621,1409.55673818967,1613.97539626983,1697.02920546372,1887.6359659494,1933.30458530976,2239.73157468472,2478.75354107649,2874.84523758699,3231.35857124198,972.702125109851,1135.14700546775,1129.54283956935,919.022697814032,1369.85712889545,2134.74670431718,2428.94779529805,2146.27079138648,2611.87511736679,3348.75834153813,3232.20221549527,3304.45913820152,4663.36575937552,5838.02618571723,6531.09795528321,8384.02860092532,6929.24870420671,7595.03052764333,7396.62607468605,8797.52844954204,7493.7446333578,8154.24476761856,9386.95671764656,8802.51480045036,10133.9234941363,11258.79756951,11042.8438099082
Laos,...,...,...,...,...,...,...,...,...,...,...,...,...,...,...,...,...,...,35.5447916666667,35.461875,36.1339583333333,38.0458333333333,39.0614583333333,20.2545681282978,21.2202979661701,...,...,...,...,...,...,...,...,...,...,...,...,...,...,...,...,...,...,102.292611331368,107.643979057592,116.105380350497,103.704532180094,78.4454660149269,67.0645565802632,33.3502105611021,15.3829473867998,13.7176645992971,12.5745707783056,11.4356174736235,11.0133409026398,11.4969675213029,11.9659884375704,13.4105650646168,14.8388655400931,16.2678889597929,13.9736145278621,15.3564029510448,19.0098205990989,20.3271576570726,22.6777131196136,...,...,...,...,...,...,...,...,...,...,...
Malaysia,...,...,38.2200560560822,63.0467591352467,82.3201207361771,72.1934392170442,62.7200919894682,57.820084802791,62.7200919894682,65.0067620099176,55.5334147823417,51.2867418872214,42.4667289512025,43.7733975343164,60.7600891147974,84.6067907566264,118.580173917588,148.633551329209,143.406876996753,148.30688418343,143.733544142531,199.593626070652,228.027756482082,251.103008980125,296.726189258103,397.163356279626,440.725547042752,439.885582533631,637.879477345121,607.070689625395,778.636837199101,1035.88622248355,1446.53924274777,1438.30366662527,1342.38018309101,1273.65977709887,1076.90572846189,894.074625015495,1334.71448302138,855.741986726644,1019.25547466812,1125.00785620011,1571.95998647307,1766.5208959794,1923.3981717811,2120.59780661977,2444.09838683916,2420.96393395709,2089.08747720559,1158.65731314835,1663.28947368421,1533.15789473684,1934.47368421053,2237.89473684211,2881.57894736842,2823.15789473684,3120.33777913913,3266.19740579797,3970.53732723988,4411.79556512172,3964.81770463896,3854.28535061113,4692.48366013072,4507.25200725201,4915.72275945679,4919.24532285852,4532.06985224432,4169.37400050693,3494.83225687397,3445.04371960008,3265.28146895385,3374.58353165159,3675.48901231587,3673.78824783366,3925.41927489009,4312.85846681122
Myanmar,...,...,32.0617820617821,46.6777966777967,64.8690648690649,77.6055776055776,70.974820974821,75.022575022575,79.4378294378294,85.3703353703354,86.2575862575863,89.5125895125895,85.6170856170856,90.7043407043407,100.32235032235,97.9125979125979,107.241857241857,105.456855456855,102.039102039102,104.590604590605,114.418614418614,122.781872781873,127.758749506804,117.181275174055,152.452317457742,159.99934190502,138.92372323416,155.142207477541,169.293678193446,183.42928925931,190.86635407303,202.083467163444,205.288116626087,195.419415596713,192.169991457716,188.720829263652,196.758644695776,231.843369647958,203.653743546581,255.256828481799,550.194633775299,814.025583097738,942.677085156834,1370.45767651236,2061.80962388967,2801.9668915515,3932.07918066574,4675.44110166842,4780.52910764952,5873.09795117891,6950.08105584183,9030.56440883695,9464.41721700245,11000.3568159372,24189.1095027961,29853.9140829132,32954.2622508452,...,...,...,...,...,...,2969.23607631588,2366.98908491061,2372.89591161414,2552.37044182802,2455.7841201322,2221.96106022858,1529.36447794262,1532.07714600976,2498.22913793854,2642.72550860325,2489.90598668778,2493.48645134248,5011.27241512673
Philippines,...,...,...,...,...,...,...,...,...,117.75,120.5,123.821339950372,128.712871287129,82.8896012446853,94.235401823845,93.6058987061414,93.1143951273544,109.615384615385,129.487179487179,153.846153846154,189.230769230769,155.055171187345,161.310133696948,196.259385992773,301.201252760395,521.5185323231,...,714.759968065632,754.442226070606,622.746328959944,874.273979844257,879.326572969461,982.322001607666,964.63700234192,800.165576322586,513.453143059041,609.330746534962,593.79859411254,652.382133150522,931.561008215334,954.928761035484,951.48186997388,913.219741908249,1078.84370406663,1173.01750012906,1392.1990218494,1700.40249664586,1879.30317629243,1576.44711527042,1225.56128050943,1341.01665430172,1303.07768547914,1122.10399155956,1199.12176669845,1301.28608405761,1243.22134764694,1372.70243530512,1607.27126746346,2014.37102911477,2270.90491908319,2115.78512448694,2438.18956898405,2701.49215826159,2898.68525745463,3377.02786115129,3103.13146015886,3335.55004902957,3331.50284706337,3836.46420962757,4107.40127880522,4268.12989272253,4693.07349710808,5546.091354063,5321.93319764622,5142.60480785825,6117.53523286185
Singapore,...,...,...,...,...,...,...,...,...,...,...,...,...,...,...,...,...,...,...,...,...,103.635151998223,128.085357458944,150.044444444444,198.891497820841,225.904541481491,269.156159068865,306.272360816564,380.523899319505,418.861751435783,452.160437053933,560.080515222701,681.003838707998,738.310856907879,732.945268687442,918.624711684512,1049.58752812308,1021.16266039625,1052.36042127656,1205.88644517546,1410.45296524566,1801.90120991101,2022.80686521374,2332.1485355777,2481.44870311117,2797.16388205101,3672.79769715955,4100.23829111231,4457.30430156047,4466.27031548757,4493.17388020956,4330.72693101928,4309.12754224991,4528.11643089708,4723.67952794774,5043.39646083669,5463.83080990147,5830.52746187686,6518.5289629089,7454.32410273808,7537.76185794529,8108.85142023161,8922.26780518056,9171.94801869278,9345.68049228802,9596.60234402747,9383.83066935792,9873.33156427443,10178.7065500118,10581.9156900465,10402.5843108504,9801.64974619289,11017.5725986597,11996.5505734536,14181.4643367468,15061.0258022031
Thailand,...,...,...,...,...,...,...,...,75.6381896954713,70.1821663697253,67.985035498179,62.8251612233144,58.7414048550697,80.3037341775183,85.5012697970725,87.2355769230769,94.2668269230769,105.540865384615,126.346153846154,154.639423076923,184.903846153846,217.223557692308,262.65625,284.086538461538,312.408499092311,363.88778459983,416.034898156463,531.909157308053,688.722114107284,942.007071169005,1199.04843062065,1373.22722744232,1415.8539715129,1507.63474941413,1583.03659549306,1698.83753394756,1629.59471849007,1635.66727125469,1698.68754567932,1809.00335654051,1939.69340907322,2214.01770534092,2598.33717394031,2961.76983555183,3156.29986255707,3611.13320079523,3849.02589583868,3938.04724832003,3264.80265779883,2110.23975202735,2056.84712154589,1880.85862514273,1720.10537474202,1783.89074978876,1877.47682272458,1950.87749612156,1867.04408989535,2106.97692835648,2679.88191736533,3650.04367624943,4339.31831837087,5193.51000609108,5156.73937497745,5408.09153527158,5555.74269348435,5582.64102340427,5434.00460273993,5562.16777271979,6114.99405834986,6661.98527048746,7091.21157958571,7295.66954298498,7123.12871907297,6030.95005663075,5745.69233157405,5522.41164748004
Timor Leste,...,...,...,...,...,...,...,...,...,...,...,...,...,...,...,...,...,...,...,...,...,...,...,...,...,...,...,...,...,...,...,...,...,...,...,...,...,...,...,...,...,...,...,...,...,...,...,...,...,...,...,...,...,...,...,...,8.23,17.105,23.735,23.651,36.481,26.389,20.53,33.388,31.683,29.624,36.959,26.217,25.442,20.61,34.4,38.456,39.222,44.311,55.111,46.4
Viet Nam,...,...,...,...,...,...,...,...,...,...,...,...,...,...,...,...,...,...,...,...,...,...,...,...,...,...,...,...,...,...,...,...,...,...,...,...,...,...,1315.59788175968,1305.81450179549,458.562483898789,511.970136360832,427.617814087875,332.97030940351,297.71638003947,431.345012174325,...,...,...,...,...,...,...,...,841.930159385155,915.089546551505,1026.42680135444,1286.52886671418,1784.21742181048,2137.62559654525,2401.45091443941,2672.28642500631,2686.5205901569,3360.86038025735,3727.24927627619,4255.721581237,4562.63250069131,5017.40178737234,5073.85353365223,5500,...,...,...,...,...,...
Central Asia,,,,,,,,,,,,,,,,,,,,,,,,,,,,,,,,,,,,,,,,,,,,,,,,,,,,,,,,,,,,,,,,,,,,,,,,,,,,
Kazakhstan,...,...,...,...,...,...,...,...,...,...,...,...,...,...,...,...,...,...,...,...,...,...,...,...,...,...,...,...,...,...,...,...,...,...,...,...,...,...,...,...,...,...,...,...,0,106.926892957739,177.686628383921,241.771205869549,236.752278376139,242.646223083829,143.905357127917,143.527541105866,221.486206520554,245.956719446239,317.56431513077,426.44172455618,591.985249849488,793.027147491058,1359.77609869935,1540.81081305747,1271.89027573442,1501.81534389739,1803.97078181161,2177.54320548846,2551.12437470831,2306.46886480956,2046.1976743312,1281.10343197917,1390.61909525397,1498.37853270773,1853.49970886892,1548.17577490918,1617.79337499735,1163.05399427914,1164.30258493385,1208.96790589819
Kyrgyz Republic,...,...,...,...,...,...,...,...,...,...,...,...,...,...,...,...,...,...,...,...,...,...,...,...,...,...,...,...,...,...,...,...,...,...,...,...,...,...,...,...,...,...,...,0,0,28.6726251418136,51.5987950359918,54.5867942792905,55.0048092152628,43.7579183783161,33.5543238898987,39.4431051614337,35.8136074248625,43.7824641914392,55.0684790278681,63.0151840918736,75.7188662775104,89.8119264112928,116.263490753371,149.309214591547,148.96109462732,184.399359938039,210.651901984878,211.843946856152,234.442449229016,252.115132114057,230.507508956734,227.83218717759,239.397613944919,250.494252349231,254.030778930475,258.288068196585,262.700109875829,352.132809831012,483.868688422768,473.046660875227
Tajikistan,...,...,...,...,...,...,...,...,...,...,...,...,...,...,...,...,...,...,...,...,...,...,...,...,...,...,...,...,...,...,...,...,...,...,...,...,...,...,...,...,...,...,...,1.03705864242542,23.4981752177187,14.1828915298661,5.8034006462693,13.4585448392555,19.0509893603968,22.6132303235152,15.1261522552291,10.3532811559302,12.4682255637196,25.5776681993973,34.7883463939347,45.1100989392394,...,...,...,52.4671206044212,47.529274315605,53.7569337081551,71.3421167937044,76.2604718313278,...,104.280689192818,100.679580407099,84.5901836280486,78.3052416354699,81.4196352813393,82.7683912267814,77.4975657254138,89.9920078145813,203.942083295576,285.063449904087,246.393473020582
Turkmenistan,...,...,...,...,...,...,...,...,...,...,...,...,...,...,...,...,...,...,...,...,...,...,...,...,...,...,...,...,...,...,...,...,...,...,...,...,...,...,...,...,...,...,...,...,...,79.5833333333333,135.612612612613,48.5493865030675,106.190591073583,87.5100401606426,111.923076923077,...,...,...,...,...,...,...,...,...,...,...,...,...,...,...,...,...,...,...,...,...,...,...,...,...
Uzbekistan,...,...,...,...,...,...,...,...,...,...,...,...,...,...,...,...,...,...,...,...,...,...,...,...,...,...,...,...,...,...,...,...,...,...,...,...,...,...,...,...,...,...,...,...,...,86.9298245614035,112.678421494542,172.211545661018,217.74719074336,...,250.071736011478,115.375384615385,59.7606104651163,45.9144329896907,54.1336954635028,...,...,...,...,...,...,...,...,...,...,...,...,...,...,1440.38507220752,...,...,...,...,...,...
Europe,,,,,,,,,,,,,,,,,,,,,,,,,,,,,,,,,,,,,,,,,,,,,,,,,,,,,,,,,,,,,,,,,,,,,,,,,,,,
Central Europe,,,,,,,,,,,,,,,,,,,,,,,,,,,,,,,,,,,,,,,,,,,,,,,,,,,,,,,,,,,,,,,,,,,,,,,,,,,,
Albania,...,...,...,...,...,...,...,...,...,...,...,...,...,...,...,...,...,...,...,...,...,...,...,...,...,...,0,0,0,0,0,0,0,0,0,0,0,0,0,0,0,0,0,31.5596574817579,39.2898434285042,49.6495049316606,50.9075217778257,45.7133561086709,29.8254919997583,33.638047439804,42.7842052131221,45.3625033922719,53.2320451615151,58.6493525025864,76.1428817606657,100.922358435493,110.140852685934,140.983900659916,194.840309240843,255.677957818501,182.736862497776,185.893241995074,197.006789236335,183.204695660212,180.015508820867,178.120368027763,132.350667590834,130.853203626464,144.382688719935,175.886688575874,197.225913318893,196.596308984418,222.814540116661,228.693159623738,397.617613069546,535.472559206879
Bosnia and Herzegovina,...,...,...,...,...,...,...,...,...,...,...,...,...,...,...,...,...,...,...,...,...,...,...,...,...,...,...,...,...,...,...,...,...,...,...,...,...,...,...,...,...,...,...,...,...,...,...,...,...,...,...,...,...,241.025517642926,202.282838891357,200.100307270373,173.304847652475,178.375570051377,195.049685094472,233.292390653086,242.471357847559,219.915489524222,211.878260622344,197.34465021252,197.617188825905,190.380454641275,162.215681880471,157.912010578703,156.258302093929,172.073317814949,165.369204350315,167.521865889213,209.721886336155,184.484799336616,197.332515798312,215.974868507652
Bulgaria,...,...,...,...,...,...,...,...,...,...,...,...,...,...,...,...,...,...,...,...,...,...,...,...,...,...,...,...,...,...,...,...,...,...,...,...,...,...,...,...,2071.42857142857,794.520547945205,232.17638659336,255.770911521259,282.674243302795,241.993434773533,311.147105587547,213.61635626711,244.369396151925,320.38901133859,357.224539583311,351.343204852869,406.003542804308,455.950466542769,569.054077451376,620.909015878256,667.670395710647,715.719535423628,990.168293621637,1161.45147780304,904.961292111268,832.54929300997,757.931260042945,722.052494990309,811.634330232022,747.532532136439,632.509635003401,670.592858359724,720.03797085424,961.297274594496,2158.55752718947,1119.0115398065,1275.24489055509,1436.90136951973,1989.70347783817,2329.83425414365
Croatia,...,...,...,...,...,...,...,...,...,...,...,...,...,...,...,...,...,...,...,...,...,...,...,...,...,...,...,...,...,...,...,...,...,...,...,...,...,...,...,...,...,...,...,36.272977871391,577.978268627984,1472.67852361282,1947.6659782438,1809.85960186617,1682.97428459018,1341.1130735547,1041.75782149237,667.820477128836,623.607529366786,721.39102671591,712.496403325571,726.810082324195,784.727318454891,825.641092082906,953.886579582177,1243.40259996579,1100.01054789215,981.799328999714,1090.92390193254,953.070002010722,962.051495613846,1076.42494572479,891.540479724287,836.045683380155,911.363521468404,950.582488179067,985.762551525559,981.389328833557,1360.34600346448,1282.1106128047,1439.0603324964,1629.0556020691
Czechia,...,...,...,...,...,...,...,...,...,...,...,...,...,...,...,...,...,...,...,...,...,...,...,...,...,...,...,...,...,...,...,...,...,...,...,...,...,...,...,...,...,...,...,...,815.58546691913,938.252776610121,1065.35245867667,1123.92383099588,988.324331827474,1166.09977324263,1205.93186998831,1157.2940847289,1182.51992228272,1494.39039662782,1885.70668935446,2042.08593062981,2439.53851419603,2449.9637097488,2707.67775220881,2918.69585337137,2718.5595131931,2497.90295471325,2474.3132590035,2220.61039458562,2148.78440109143,2022.88329519451,1779.8871893897,1954.93500004528,2077.72206082334,2710.01758330521,2910.2524966203,3252.50506181881,3935.6309650053,4005.42832566409,5056.2773100528,6524.94670427873
Czechoslovakia,...,...,...,...,...,...,...,0,0,0,0,0,0,0,0,0,0,0,0,0,0,0,0,0,0,0,0,0,0,0,0,0,0,0,0,0,0,0,0,0,0,2334.26183844011,0,0,xxx,xxx,xxx,xxx,xxx,xxx,xxx,xxx,xxx,xxx,xxx,xxx,xxx,xxx,xxx,xxx,xxx,xxx,xxx,xxx,xxx,xxx,xxx,xxx,xxx,xxx,xxx,xxx,xxx,xxx,xxx,xxx
Estonia,...,...,...,...,...,...,...,...,...,...,...,...,...,...,...,...,...,...,...,...,...,...,...,...,...,...,...,...,...,...,...,...,...,...,...,...,...,...,...,...,...,...,...,0,13.1465598848877,25.1357353798423,36.3434875827555,41.4366077091847,53.0316521754812,59.9198474767519,73.8005413247853,78.3133085597839,93.818539904212,122.069530653957,171.411923856068,204.968180242807,204.517021023267,236.324449190189,371.974547445358,429.662698888808,353.36657657455,332.180156987998,389.237580888435,436.852911624656,479.314460824341,512.119045123526,463.568814461573,497.653404256057,537.440226919815,614.94517427381,637.035378414689,718.112390288385,748.580889309366,818.278963709643,1235.94971499691,1441.91973277431
German Democratic Republic,...,...,...,...,...,...,...,...,...,...,...,0,0,0,0,0,0,0,0,0,0,0,0,0,0,0,0,0,0,0,0,0,0,0,0,0,0,0,0,0,0,xxx,xxx,xxx,xxx,xxx,xxx,xxx,xxx,xxx,xxx,xxx,xxx,xxx,xxx,xxx,xxx,xxx,xxx,xxx,xxx,xxx,xxx,xxx,xxx,xxx,xxx,xxx,xxx,xxx,xxx,xxx,xxx,xxx,xxx,xxx
Hungary,...,...,...,...,...,0,0,0,0,0,0,0,0,0,0,0,0,0,0,150.166666666667,173.333333333333,223.333333333333,225.670995092074,231.632283749548,263.447030809007,308.005578323252,366.147086515326,382.43861138705,419.91469872341,538.098139604814,621.170386193715,740.802218103239,757.701599624646,750.740503132635,700.708442013447,641.10303025257,1025.55098424961,765.838789843799,823.921397472882,1027.50866836463,812.646128164453,847.389246889926,722.549153413242,812.017967195183,735.860385584316,757.131989349563,612.18481711635,585.271901838883,695.972460905085,618.464379996455,702.942491123612,715.857664815596,845.055673845509,1079.1548236243,1401.561253104,1532.61223402681,1596.08784315297,1410.07177147203,1776.46411728187,1867.8774990849,1475.81816923822,1350.82041318817,1472.06983163811,1322.27770275073,1280.0509622477,1209.80189021288,1132.47629173782,1288.6760931676,1702.63563690156,1615.61873446908,2190.62859187986,2768.37253717382,2409.58900947425,3256.81719099744,4355.47806988993,4734.69845568824
Kosovo,...,...,...,...,...,...,...,...,...,...,...,...,...,...,...,...,...,...,...,...,...,...,...,...,...,...,...,...,...,...,...,...,...,...,...,...,...,...,...,...,...,...,...,...,...,...,...,...,...,...,...,...,...,...,...,...,...,...,...,0.927234774966126,27.227085628394,38.5781205093736,50.9688637737974,43.3904038833654,48.597681233312,53.5757877448802,49.984164356216,51.9376244193762,57.2626292715651,63.344074218335,65.705329153605,78.9650062692351,79.6097445600757,107.601580182924,133.185465922792,165.554668553169
Latvia,...,...,...,...,...,...,...,...,...,...,...,...,...,...,...,...,...,...,...,...,...,...,...,...,...,...,...,...,...,...,...,...,...,...,...,...,...,...,...,...,...,...,...,...,17.6915079721057,33.9003480435732,43.560331058516,38.1549345559927,37.9883131495215,42.18016650442,56.5686263912459,69.9906833593674,86.9667410976613,147.22484018431,189.144251392141,229.353322500953,272.551115779465,367.825490444438,481.492627144147,581.752272926594,363.809251070089,259.672124197467,296.834929212511,255.740342589249,283.568932739998,295.728965265711,282.688255517356,404.552452166263,482.461999113821,709.370536926218,691.894312583968,742.049469964664,823.084200567644,856.142771799036,1253.79643994624,1425.69407936724
Lithuania,...,...,...,...,...,...,...,...,...,...,...,...,...,...,...,...,...,...,...,...,...,...,...,...,...,...,...,...,...,...,...,...,...,...,...,...,...,...,...,...,...,...,...,...,20.769763769377,21.0622713845767,30.4536125,42.26,75.611,138.175,106.45,140.4,166.875,181.481441190549,210.822413235453,270.841799761921,303.819006351793,351.605788760387,442.00449334913,541.390194647615,404.826028671151,326.320918686429,344.60521542864,328.631681612931,354.862149703384,426.913695365894,471.221026949096,635.448102412289,812.106965019963,1056.38374467382,1093.81997313032,1174.05676507466,1306.76442762535,1734.37276498355,2162.91200124459,2627.47414171702
North Macedonia,...,...,...,...,...,...,...,...,...,...,...,...,...,...,...,...,...,...,...,...,...,...,...,...,...,...,...,...,...,...,...,...,...,...,...,...,...,...,...,...,...,...,...,...,...,...,...,130.636725852966,83.2541722079454,78.9912911275263,66.2369204489137,69.8289479074835,226.303002332551,106.309576719741,115.827201720104,135.256294791125,127.00365435225,126.00887672176,162.567237054492,172.658158914868,158.716661451318,130.021469106429,132.461994809047,119.410402524102,126.506348703425,124.18510567971,99.9836595643541,103.520137268395,100.754692052761,119.606163967345,146.093380399578,153.537482895077,205.555663248493,220.214187362615,266.629712724026,353.684979985732
Montenegro,...,...,...,...,...,...,...,...,...,...,...,...,...,...,...,...,...,...,...,...,...,...,...,...,...,...,...,...,...,...,...,...,...,...,...,...,...,...,...,...,...,...,...,...,...,...,...,...,...,...,...,...,...,...,...,...,60.8118191314729,62.3478155056634,64.1904746262855,85.1063829787234,76.6833879054183,75.0948618956486,79.3766638168915,67.7122013018217,64.8362430774909,67.5440180425184,56.8914273039814,61.7145516100205,65.7348863769336,75.3656032010198,73.9621585311241,82.9203237205061,91.1376537369915,98.0115190118387,114.260526099714,150.033208503973
Poland,...,...,950,1525,2275,2475,2925,2900,2425,2700,3375,3550,4025,4375,4950,5200,5525,5975,6275,7225,7975,8525,9452.06288704014,10054.347826087,12059.7014925373,13162.6506024096,14337.3493975904,15572.2891566265,17379.5180722892,10292.5989672978,1936.74698795181,1506.21823881022,1567.86080836714,2122.03592842609,2195.52157291098,2313.67008124338,2140.78916964565,2173.57818891304,1765.48477269384,1783.78152392543,1493.90625217138,1540.73684210526,1721.99582076569,1881.93506722245,2123.37841567762,2251.92317848153,2719.36263391863,3083.41678721116,3192.27637689866,3491.02261610174,3226.55535137669,3146.10671250118,3630.64559466523,3776.17321441264,4150.26175856501,4778.62774904037,5896.40486110253,6619.41375887805,8589.13636445745,9349.42139429862,7903.81200843552,8790.17013232514,9455.42298800142,8986.83879209222,9275.71172744588,10345.1535748722,10212.7857806075,9164.19058663773,9870.68062827225,12040.6734229565,11786.1538461538,13718.2914315033,15295.5417314671,15341.3134225328,26342.7643015826,38000.72865237
Romania,...,0,0,0,0,0,0,0,833.5,785.5,752.5,740.833333333333,794.666666666667,902,904.833333333333,949.166666666667,1034,1076,1123.83333333333,1255.83333333333,1380,1542,1618.33333333333,1824.5931283906,545.381021804599,565.5,635.5,691.5,717,834.413568479646,860,755.555555555556,915.333333333333,989.333333333333,888.319701953023,731.196135374668,2050.00758397797,2307.87326507113,2272.4462457924,2524.35752859514,2572.11022946601,1739.0257711048,1377.19408487286,831.62040960796,722.451519700652,936.686222501496,983.140541391249,874.45123888698,1074.78578224706,1254.22789271236,955.337576959199,935.569610340555,985.657655673622,1056.13606248903,1250.32755925434,1530.18390396058,1975.97515144235,2251.49342465948,2607.68994155644,3000.40494509421,2225.14453994812,2086.22046005224,2379.8714824133,2102.88622340119,2452.51298108128,2691.47028745885,2580.59415827577,2644.15983608537,3622.0684918065,4359.02120890509,4613.04039688164,5052.32147065755,5300.52935514918,5187.96533704387,5628.03353595184,8715.7295943219
Serbia,...,...,...,...,...,...,...,...,...,...,...,...,...,...,...,...,...,...,...,...,...,...,...,...,...,...,...,...,...,...,...,...,...,...,...,...,...,...,...,...,...,...,...,...,...,...,...,0,914.364967948176,642.12226342864,737.469450756764,337.080608366223,494.069226481274,678.511699843008,730.567122916573,739.172065075521,629.500942833417,705.062714272523,971.570564636848,1111.63153786105,974.288479238125,872.339631719991,986.958193674369,865.072419745536,932.203595302429,918.557178284071,700.189351439888,784.577943287821,796.4466377762,1064.74731685943,1178.58056287301,1282.52933270972,1813.00774238781,1451.34883728262,1796.87944010484,2322.8301016066
Slovakia,...,...,...,...,...,...,...,...,...,...,...,...,...,...,...,...,...,...,...,...,...,...,...,...,...,...,...,...,...,...,...,...,...,...,...,...,...,...,...,...,...,...,...,...,266.899036578679,299.993419135274,629.622682638738,641.559871059046,499.52950665412,397.592215742942,327.16917093351,342.322768946855,393.996598321589,440.059286041859,624.508454581203,711.290428025739,823.313455449583,911.370626760049,1139.19448775287,1411.7102848947,1350.2944392041,1137.68053559722,1064.84281057336,1020.18003479405,967.923107869653,997.703821802668,985.915492957747,1003.04808368943,1049.07434691029,1295.98810240431,1802.5078369906,2047.19024279038,2064.80605487228,2085.66476225736,2441.6489124939,2849.22473828021
Slovenia,...,...,...,...,...,...,...,...,...,...,...,...,...,...,...,...,...,...,...,...,...,...,...,...,...,...,...,...,...,...,...,...,...,...,...,...,...,...,...,...,...,...,...,281.422738461992,230.303671569146,237.949504101327,334.655022858287,329.972648331902,290.785271801767,301.139822232736,274.841827849109,222.391556805474,271.488790388659,326.959522812057,416.906753676513,493.153892913731,514.172799466764,608.833753372966,692.654912555876,829.384406928626,798.868642190033,772.085107510148,665.679671372271,543.496416521263,506.742932103314,486.194870396018,400.771875346568,449.177539095701,473.796757208807,529.496122658546,572.884012539185,567.650746608914,762.771996215705,775.156293385613,912.917403122718,951.904999881012
Yugoslavia,...,...,...,...,...,...,...,...,...,0,0,0,0,0,0,0,0,0,0,0,0,0,0,0,0,0,0,0,0,0,0,0,0,0,0,0,0,0,0,0,0,0,...,...,xxx,xxx,xxx,xxx,xxx,xxx,xxx,xxx,xxx,xxx,xxx,xxx,xxx,xxx,xxx,xxx,xxx,xxx,xxx,xxx,xxx,xxx,xxx,xxx,xxx,xxx,xxx,xxx,xxx,xxx,xxx,xxx
Eastern Europe,,,,,,,,,,,,,,,,,,,,,,,,,,,,,,,,,,,,,,,,,,,,,,,,,,,,,,,,,,,,,,,,,,,,,,,,,,,,
Armenia,...,...,...,...,...,...,...,...,...,...,...,...,...,...,...,...,...,...,...,...,...,...,...,...,...,...,...,...,...,...,...,...,...,...,...,...,...,...,...,...,...,...,...,0,9.82976386600769,...,52.2285838170226,52.4102685482839,64.0621211905135,66.7575730568511,68.2341485659606,68.0521420654426,66.2476264597048,64.1064056523643,76.587998887282,98.0704881985412,140.738102677157,188.189116431112,280.108688343921,395.994365442251,359.499343487034,395.011507787829,390.871433902191,380.571678896068,444.551859501106,457.807021791353,447.379807506819,431.396218601658,443.610413340995,513.252026482368,652.000174824083,633.96040011526,619.435471710093,795.201580049707,1326.24567938669,1418.0117107943
Azerbaijan,...,...,...,...,...,...,...,...,...,...,...,...,...,...,...,...,...,...,...,...,...,...,...,...,...,...,...,...,...,...,...,...,...,...,...,...,...,...,...,...,...,...,...,11.070110701107,77.5193798449612,43.9427470585426,66.1599689138776,71.6068412432157,92.0866919675062,107.262858619798,120.262173966334,119.57565171524,131.963660064189,139.894091943335,176.552162305808,228.24963162565,304.5214777332,717.111853555619,946.599792104637,1607.79922591952,1472.90997694651,1476.60873357005,3080.08499580846,3246.12261263039,3367.57416119744,3427.17991706482,2900.55138215215,1396.96910765832,1528.85959229385,1672.17647058824,1854.23529411765,2237.76470588235,2703.17647058824,2991.03529411765,3561.67058823529,3777.08823529412
Belarus,...,...,...,...,...,...,...,...,...,...,...,...,...,...,...,...,...,...,...,...,...,...,...,...,...,...,...,...,...,...,...,...,...,...,...,...,...,...,...,...,...,...,...,0,0,0,179.081676937766,182.80561455491,249.384139428528,227.586087288305,165.903848853768,140.32620473339,177.697841726619,204.364237375204,231.56386043768,314.314017757122,452.684068306544,631.831238109449,746.943263997614,883.02752293578,675.426505075097,767.699285884553,756.277351280397,807.423262843503,959.801690305798,821.490199261989,642.492621860309,719.624427112323,748.831971680445,923.260053642986,899.710685507974,861.053278688525,951.238823019656,1105.17474130497,1579.3310785419,1491.39176848364
Georgia,...,...,...,...,...,...,...,...,...,...,...,...,...,...,...,...,...,...,...,...,...,...,...,...,...,...,...,...,...,...,...,...,...,...,...,...,...,...,...,...,...,...,...,...,...,...,...,67.7066835603421,44.0077071290944,41.0844569800406,25.8826783632664,18.8242914324173,23.8299678729583,33.9758070392771,42.6474028849067,70.419742780372,214.071430147627,404.172025858922,931.750564205712,1090.16025060538,603.655214936935,454.178215155358,468.779626836253,491.982529358533,441.878926976772,415.643210857482,299.514176284605,315.194446322336,321.136644607665,333.912381840905,310.614128505502,287.864077669903,300.489434431324,401.381726184684,508.401419398704,615.86404559285
Moldova,...,...,...,...,...,...,...,...,...,...,...,...,...,...,...,...,...,...,...,...,...,...,...,...,...,...,...,...,...,...,...,...,...,...,...,...,...,...,...,...,...,...,...,...,0,0,13.3457894034432,15.3546111613038,17.410750976516,10.6131416761316,5.99098499400901,5.09079796046388,5.96186582304063,6.97837220441399,8.246742536698,9.3780059531051,11.9603796945935,16.4494977572328,22.7184737930296,36.8456505003849,24.9063872686685,18.3357182702336,22.9669636924335,23.870072823951,26.7105221342994,27.5655598376303,23.0518145944779,27.4310060797226,30.9261605431569,37.4046895300252,43.0093285730738,44.5337806571032,51.3036028823058,52.3309486841982,94.3629053563173,110.725502000124
Russia,...,...,...,...,...,...,...,...,...,...,...,...,...,...,...,...,...,...,...,...,...,...,...,...,...,...,...,...,...,...,...,...,...,...,...,...,...,...,0,0,0,0,...,0,7766.72007841342,13547.8717334246,12741.6294704057,15826.3406518084,17577.3531806466,7955.73040098588,6469.03521135342,9228.20414373676,11683.1513447726,13943.8250634002,16973.7390851036,20955.4135706279,27336.9772736915,34517.781618918,43534.9949962472,56183.7853932539,51532.1167975199,58720.2276087579,70237.5239514946,81469.3999312577,88352.8964635598,84696.5046534978,66421.8221799206,69245.2945528466,66913.0335367831,61609.2047564171,65201.3358483565,61712.5371689371,65907.7050471045,102366.63645968,109203.624738379,148967.275140483
Ukraine,...,...,...,...,...,...,...,...,...,...,...,...,...,...,...,...,...,...,...,...,...,...,...,...,...,...,...,...,...,...,...,...,...,...,...,...,...,...,...,...,...,...,...,...,152.233866519581,919.044682059393,1046.79343140516,1464.90513646029,2068.58395195686,1405.16178547809,941.788284056904,1136.71664617121,1088.57517274243,1176.35573778494,1427.98475066055,1685.03415940051,2405.49258204823,2986.47524752475,4096.0396039604,4811.03884022312,3452.51129473614,3729.45723344305,3684.63331308456,4136.91480935499,4386.41989240586,3961.55137868037,3502.73374423874,3423.28681050984,3647.56519554035,4750.21903104009,6262.43216071221,6838.76642117752,6898.12310435939,41183.9274728119,64908.0253270477,64704.9900254782
USSR,...,...,...,...,...,...,...,...,...,...,...,...,...,...,...,...,...,...,...,...,...,...,...,...,...,...,...,...,...,...,...,...,...,...,...,...,...,...,225021.10084977,246010.993115961,218759.663794048,219114.06183136,...,xxx,xxx,xxx,xxx,xxx,xxx,xxx,xxx,xxx,xxx,xxx,xxx,xxx,xxx,xxx,xxx,xxx,xxx,xxx,xxx,xxx,xxx,xxx,xxx,xxx,xxx,xxx,xxx,xxx,xxx,xxx,xxx,xxx
Western Europe,,,,,,,,,,,,,,,,,,,,,,,,,,,,,,,,,,,,,,,,,,,,,,,,,,,,,,,,,,,,,,,,,,,,,,,,,,,,
Austria,...,...,...,...,...,...,...,...,82.5619611641237,95.7930446840153,95.7930446840153,91.5590979576499,91.0298546168543,100.026991410381,125.959915109368,164.594678987452,142.895702014829,167.770139032226,176.767275825752,182.059709233709,193.173819390418,199.524739479966,209.277606745348,249.425547367042,328.89882144589,422.543505786049,546.724394020795,581.408727267149,686.893244300868,877.450655245279,1049.97251542533,1152.89590647504,969.372327098363,995.369996934841,991.995097475966,949.715291722829,1036.87248929208,1475.42608899424,1737.11260538592,1713.9545768605,1623.48805524644,1972.70168151639,1994.05554599645,2139.92532174009,2115.11526668433,2227.56055013156,2557.83449418618,2457.90304865764,2164.80234339854,2159.79600321024,2124.37954586859,1925.55739819421,1788.79831052966,1881.74674132982,2381.96276892309,2679.28206465391,2686.1662438442,2640.18536243902,3499.81796731076,3746.73160728018,3334.75493961878,3218.35122409923,3409.72120858269,3187.2274487533,3229.06584134293,3305.15925648245,2665.40978152379,2885.94738610357,3153.11862381495,3387.98201196842,3336.54276757725,3840.07751054371,4196.42857142857,3612.73317795148,4452.22795061387,5258.69399182582
Belgium,182.340336620106,165.151233995175,267.743470999701,399.299700678516,396.299224668608,414.136687455122,341.339443471806,341.29910364914,367.11659015547,366.237182021348,373.71618514365,383.220247363793,391.218827402035,422.220787917416,444.601321532591,497.059226927638,500.722082825724,563.377895390772,607.918707189363,646.381114508621,675.078864353312,747.755088868629,828.721558437287,1026.58809080827,1296.51977536788,1482.31843592776,1927.66247754259,2109.61998835942,2496.51386183075,3166.64702536802,3631.58046811257,3958.57532674283,3385.17617148879,2891.77496821585,2671.83160817975,2407.44748434478,2428.22397652078,3404.31103766514,4162.99292913576,4097.14930830983,3880.73300573301,4644.32424080376,4624.50074600154,4131.29811221321,3746.04285089637,3944.10181283271,4449.01483461072,4241.86596761501,3684.09538887611,3664.2884132382,3598.44751962175,3190.80523309379,3036.03547171837,3147.14601665804,3875.69777232025,4262.66351281717,4228.2246430881,4307.89534097481,5163.97997366685,6295.82158420918,5620.67006277758,5244.72051334689,5499.3709642666,5168.9978337235,5263.16488284678,5191.50731494392,4202.06277032272,4255.48955461624,4432.80839599139,4840.12605785914,4761.19570085087,5317.45127094495,6239.35666982025,6890.16129982246,7629.39658860593,8561.52010574799
Cyprus,...,...,...,...,...,...,...,...,...,...,...,...,...,...,...,...,...,...,...,...,...,...,...,...,...,...,...,...,...,...,...,...,...,...,...,...,30.7373329129284,48.729244323958,199.500731141773,243.815864399297,244.995663322357,411.409063265004,418.387368734114,630.127106011074,268.277271620148,298.469126876729,298.833385510591,448.075909330522,534.141188663451,483.748645108205,289.970366968818,281.160374253609,327.627160291588,242.483490995524,288.427605802032,338.474566321656,380.875028849392,387.703671961883,405.176368466016,453.803054161936,471.352781092544,477.58742856386,479.735318444996,414.496321441512,384.925361045941,357.806822598924,327.891760008872,295.35500995355,359.061651016244,450.408979851988,463.613972234662,483.415023367149,541.804635761589,532.512389879425,558.878310811103,598.185755607045
Denmark,69.2974013474495,51.9752024716453,68.7694183120655,97.8697405872764,128.707395535634,128.128284644585,133.195504941264,135.51194850546,146.51505543539,143.040390089096,142.750834643572,161.137605434377,170.837712859447,224.550248004239,239.028020280463,255.387902952597,285.791224732668,301.137663345466,323.292901356134,345.466666666667,352,395.6,430.225386933537,487.244020612178,581.866269939664,732.087482977571,931.928334624053,945.240875960708,1063.10145106185,1322.66593165078,1529.18858915483,1617.65384301465,1446.08520966902,1400.43012610952,1374.96049749644,1259.58326091574,1259.29560982975,1647.88239758052,2141.27409244012,2320.42344013917,2183.66716004257,2649.8894734801,2671.94667050212,2837.74537659063,2682.01124624842,2718.79004174167,3117.96614647015,3086.22494468559,2804.31708269866,2846.06533817452,2784.8812540853,2392.51083118689,2525.22582490069,2694.08249321381,3199.1584277901,3578.83246036595,3468.45291992043,3896.73066768907,4175.65258923159,4788.03012084823,4337.355690401,4503.49212671228,4518.59012686474,4422.45808358423,4216.64758533628,4056.86151068455,3364.04777407406,3592.72794377381,3764.03334356355,4558.69018691182,4487.77927725296,4887.15596330275,5273.69592875318,5475.01548799119,8132.60655521382,9958.89977869112
Finland,...,...,...,...,...,...,...,...,...,69.1191580840615,82.4970596487186,89.5576188078432,105.350974821674,154.40328055875,128.576498371426,139.910553863705,149.572371660402,152.916847051566,146.661680284431,150.060024009604,140.291965842941,152.891345217332,177.615098135894,220.831905334811,276.967793935961,308.807797081766,433.161415662018,416.956433437752,461.856960095854,506.86945295645,642.602892781478,873.508619521642,790.880895266151,844.911290481735,905.188931503457,826.070181339718,911.349660881995,1223.27100085383,1462.2315465973,1704.33062023989,1766.58616575982,2141.30098418983,2200.99154889818,2075.95555012822,1615.42480884487,1756.33898366821,1908.98680729445,2021.79709544643,1947.00258951344,1959.7088140168,1653.90511885978,1558.13524967754,1479.27087900779,1611.40652204602,2475.05974310789,2892.9381239925,2999.39104880259,3128.51747444563,3296.55775013862,3958.11833410472,3940.58483535792,3717.18050476047,4099.50580728569,3943.23995816491,4161.13994521741,3985.50835198832,3399.13496728402,3415.00824965045,3431.09021695364,3754.58848246639,3635.24406627855,3868.68802006155,3831.59886471145,4446.36801938627,5928.02105436018,6987.84806730834
France,1211.3222395541,1342.96058127324,2114.45798125962,3007.07460847679,3284.25863656557,2810.55992123592,2644.95040392405,3527.65262708326,3623.36952683573,3315.69991649646,3049.86915551783,3260.12799220532,3469.94041947309,3774.28004136628,3887.45598950045,4130.96116772148,4304.45818869513,4548.13077044856,4918.98539587983,5148.99784938987,4964.0052939822,4941.05932049551,5291.99076121619,6326.06006139262,7976.5353019881,8361.63731322792,10945.2188018177,11175.2481980247,12634.633832545,15852.8948225915,19040.4825891051,22198.1830024185,20047.75384935,18918.4923438024,18188.5202749614,16977.866454841,17455.1514578314,23901.4401370803,29280.4702064717,30327.2707410937,29665.4543354031,35774.4303249841,35869.1209152144,37902.2698207805,35775.2732928873,37288.606059734,40124.0241383696,38977.7340957754,34697.9040991796,33633.5612832294,32672.7142848488,28403.1389487059,27951.566384416,30578.3989328217,38569.1158129361,44524.5796125999,44442.0505231392,45792.1484155244,50684.4673844229,55365.965844831,56441.455398191,52044.0605650524,54120.8710095016,50216.5074031664,52001.4624476638,53134.7508988024,45647.4716405013,45703.3827504223,47628.0771043242,51321.3649186171,50454.5454545455,53423.002393708,58734.6263008515,54677.4424259763,59491.9641661013,64675.0153061997
Germany,...,...,...,...,1381.78428490872,1402.29071414481,1647.05894396287,1608.66392752082,1999.15869701666,1528.81974560156,2473.29351937545,2702.61648121569,3060.5063596122,4036.56470413694,4666.89569305115,4579.98982155102,4664.60507967476,4744.31842517304,5014.61080358672,4523.05433546755,5126.65389166001,5778.35557303669,6798.33103127437,8438.78762667015,11185.8342579609,12905.1256993054,14314.8075574866,14482.4038283736,16213.4098040309,20066.3763481417,23215.0631142153,25009.3501275413,21638.0049938195,20940.0940183628,20731.7059001517,18855.8352341935,18665.5742644916,25944.5940457651,31982.6164361345,32883.5926994186,31485.0408952417,39650.0939496361,37024.3796157476,39319.418649196,34868.2244718466,34039.251428098,38563.1857777354,36531.1357294786,31122.8322509443,31056.2001014714,30547.9563460754,26374.8172308916,25695.7869415742,27483.4191482877,32844.4705630021,35610.804036071,35654.2876747157,35883.6579726799,40110.8592764132,45098.9563115685,44528.9278356531,43025.915011688,45163.2128782034,43798.2253492896,44242.6473028936,44662.8311676836,38170.0210713098,39909.6785942478,42281.112684641,46497.6759557617,49079.4446932378,53318.7051179756,56513.1267738884,56153.1212399135,67285.1986378624,88458.4763895109
Greece,324.730861649991,131.393925075477,174.328662003666,177.009243462675,105.04902322248,114.2636468958,122.895890597669,164.580541105382,149.246950319166,149.019786011222,157.833761159447,170.327798096363,167.762365801466,170.034222652829,179.495712797773,188.207553063285,209.674799610636,238.979294897497,313.035616320105,366.771882677522,425.403589914256,473.596990496484,515.997642010379,573.692101497013,674.802452237724,1049.95570295995,1433.21734489603,1559.88727978501,1838.77532143187,2118.9294954422,2424.26193915195,2275.58028896511,2578.4006838574,2638.65297607206,2195.4635856401,1994.28640527223,1927.08307634616,1998.81695119072,2399.22505000692,2749.55682915464,2560.2546135061,3193.37648406783,3146.8990349562,3623.05291495211,3364.41332976605,3587.24491444126,4179.91324697254,4613.16757665798,4573.51649229295,4824.25716888238,5012.28564229828,4564.52244623907,4428.10355164607,4734.17721518987,5035.58554186408,6267.4687874442,7028.42859274735,7607.18618161655,8533.09025810319,10574.1384992859,10641.3481828677,8163.61938692396,7128.60826712819,5914.98842339784,5655.18303572021,5531.28590887966,4818.1213263835,4963.48446440452,5088.17888321225,5757.11436091734,5383.11688311688,5773.28165963752,8299.90539262063,8745.38271895799,7014.87893310746,8021.9630444518
Iceland,...,...,...,...,...,...,...,...,...,...,...,...,...,...,...,...,...,...,...,...,...,...,...,...,...,...,...,...,...,...,...,...,...,...,...,...,...,...,...,0,0,0,0,0,0,0,0,0,0,0,0,0,0,0,0,0,0,0,0,0,0,0,0,0,0,0,0,0,0,0,0,0,0,0,0,0
Ireland,...,...,...,...,...,...,...,...,...,23.0441168039023,24.1467061246632,25.8005901058045,27.5647330190219,29.1634875341251,30.210947388848,36.0546707888806,39.086791420973,38.3149788964404,39.6932419265033,37.1414854325991,41.630596267328,50.9868483228682,63.4869221731789,84.039646649921,98.3078318251105,111.205418870676,154.362392721622,152.83984931123,171.725705964377,217.465500004531,290.141008530146,362.511166638615,327.043451145032,342.048872747759,310.258091668053,284.27522622503,301.49581903588,409.081178238577,435.378990388892,453.486446993673,434.222056024692,594.006010402921,624.932658118737,674.035044462192,597.723765566692,633.699379139512,702.039703123066,750.987245817278,765.305513303899,742.402153190535,741.508607785627,694.674774276764,767.778364399424,811.255940896899,965.199981039102,1101.86064703582,1144.97836143859,1190.3791173707,1372.22537015595,1582.89083385213,1415.72537344949,1274.22868835632,1300.33154701086,1157.53172965486,1195.7634443723,1192.7336912242,997.005655983143,1001.61041829936,1025.06344741951,1107.13737709949,1112.74070756829,1144.42038071355,1267.73888363292,1164.31209874881,1269.22528424683,1330.50357937914
Italy,467.234300580619,501.265096842993,648.571313501825,739.391082636793,681.21696727863,770.525363553562,782.066756302938,828.781917431363,867.253226595949,918.474450722297,952.581212355501,1009.30885643093,1062.90731320441,1222.01365610652,1463.28372358157,1586.6667079737,1719.94231472245,1904.60459871246,1928.78656447306,1991.16504433278,2003.805617344,2216.77179307653,2648.07936602068,3289.36246501575,3638.24013922655,3890.00339412994,4217.06982869074,3844.18596536122,4556.49351789272,5540.9926579633,6904.10716283232,7915.69662550473,7387.7132977908,8062.5974033411,8409.52711557584,8296.1447881022,8253.39053261038,11941.8091563098,15653.0658953873,17403.6647898428,17675.4865394629,20734.625578569,21585.7067718811,22177.0903903319,18242.0139012785,18062.45908175,17185.8530038965,20793.1288322001,20156.1022583609,20825.1253518551,21016.4569099333,19878.7209323752,19519.3814820449,21610.0597618936,26824.2132920407,30261.0766546845,29737.6423916828,29633.0222633135,31982.4317924882,36839.9897462189,34054.4813243999,32020.8199511287,33828.80497112,29781.0082051256,29957.4459045168,27701.0343349422,22180.8450704225,25033.0278946754,26447.8929154274,28420.0984384406,26380.6739811912,32929.0938105551,36232.7223273415,34691.8811581277,36933.1809283452,37964.5783169022
Luxembourg,2.22988519055883,3.07158197010284,4.76991751598315,7.8779444548817,8.81749575043523,10.2089646590556,11.0938485014156,7.13738268895277,7.93042520994753,7.74820036596896,7.26712677786552,4.7524239309612,5.24078651282378,6.41446028792098,6.29040161414037,8.38234282301439,8.60101263578868,8.96546232374583,7.43477363432581,6.75689721472551,7.06303495260952,7.50766357191724,8.17351112116127,10.5987095850438,13.9322716688859,16.4674784809318,20.5120753668481,23.0347152508666,25.938648110439,33.1096872163059,38.2739906278582,47.3608926137643,41.7266361092725,37.4336570500499,37.1780288418864,34.9287578493494,34.4331180761158,48.2975062446815,66.0878273632354,77.7106635179005,68.6280805510496,87.3557115484087,97.3340522155733,111.32067645306,97.6530697068746,113.834573485786,128.521764263556,127.833884333152,121.130606414131,129.319441153816,127.052871960121,115.698727119554,144.71222163036,138.593169491047,179.459262359853,212.017959420621,220.210896700791,223.272213026936,258.43279719653,213.864576848427,201.432812432711,247.667357574714,232.152414315602,214.571871297993,233.682396412975,252.079423061844,249.528668071421,235.5559446812,323.138029306824,355.275426979687,381.773399014778,425.168129488202,403.263954588458,509.908559220392,662.492466345745,871.643141196422
Malta,...,...,...,...,...,...,...,...,...,...,...,...,...,...,...,...,...,...,...,...,...,...,...,...,...,...,...,...,...,...,...,...,...,...,...,...,12.9487120830855,16.5319951017929,23.1489535132234,22.3836055108486,21.3087814648833,21.1520276659552,21.7448181247103,26.6926908062996,24.6377055715577,27.8702621406315,31.1448599551321,33.2961748165298,31.1422148911819,29.0812684140846,27.9866206626388,25.3539480516936,27.119323113905,28.4036907967686,34.1255020046044,40.5264691888229,52.4989633175824,44.4344258372603,49.2633771156559,56.0325191342879,59.1101115104266,58.7289499301366,55.8931264813618,49.9220089066599,53.789438883423,56.5148799166599,51.7966064101142,59.6729229895778,64.2358881657335,66.8690910378528,80.2675772503359,86.2874729283027,87.9505676442762,79.0175603927739,112.636721535343,109.254896361343
Netherlands,231.343003860714,237.131457468278,278.948131480665,329.745528775894,349.984921942054,416.560347027303,447.105012874342,487.896958871697,485.513465865597,435.813867173908,396.030991208332,454.719432137141,551.530519833364,603.8668517301,637.373073270509,735.383641366547,749.993912387075,770.691796332822,883.92139674191,905.836803272701,1017.24011980422,1079.94253293399,1249.38909008885,1522.23618349229,1917.11927603522,2285.35829630965,2814.54501093577,2898.05546062995,3704.80115651573,4226.96887626796,5038.0158171286,5269.3068253363,4527.1004265767,4829.53560729229,4256.63436667567,3977.29457981924,3884.18182180083,5351.01684700972,6542.91722465604,6728.8117074389,6399.2376985896,7420.84963578912,7246.19232500961,7904.56127335182,7054.86896185133,7137.37380097303,8011.53955949845,7829.00472793771,6839.13679854718,6836.08482312962,7026.43329032725,5971.80762852405,6200.39194280141,6728.15396922498,8356.33847008128,9377.11472437963,9566.98005272845,10217.7657403144,11480.3774235668,12374.8489398323,12131.8120756887,11220.5232800694,11647.9346080864,10364.7207867464,10226.2603248451,10332.6028779244,8667.84961738938,9115.24093164471,9580.6854982163,11114.9274695183,12000.6717420511,13085.7175424598,14395.6953642384,13632.4433936069,16624.8201174584,23179.2112601708
Norway,67.1774574240169,49.979980008008,80.0799679680128,116.339953464019,149.379940248024,159.739936104026,133.419946632021,135.379945848022,146.859941256023,143.359942656023,154.979938008025,148.119940752024,165.059933976026,191.939923224031,205.099917960033,219.799912080035,265.579893768042,272.579890968044,293.579882568047,321.999871200052,350.279859888056,388.359844656062,428.293444786002,491.632831176716,607.891665206917,710.867536387284,912.77114334582,977.362861310872,1114.68019160327,1307.45386046068,1453.77137361845,1668.68452913618,1649.61817297992,1697.54401513473,1698.78994623354,1554.62380505449,1796.62519206768,2168.1627751618,2753.41560976334,2894.74572578096,2932.58020131798,3394.86943547176,3287.55163552339,3803.6849304047,3175.58319342893,3403.29121313538,3508.04083874756,3537.00341560449,3253.03248791246,3324.93936462075,3309.19828648433,2922.34350999336,2965.97398697681,4065.86854848205,4517.51499247199,4887.38033743619,4884.9049282111,5011.74896660549,5875.28810049013,6370.9219858156,6195.60360222825,6498.65903837913,7232.26058548231,7143.96218306833,7391.82978723404,7336.7853283336,5815.22817460317,5997.38504752171,6853.26003298516,7541.05516917745,7542.13578983282,7225.18314046077,8435.12161061329,8697.82193902253,8797.76248663076,10435.3203757091
Portugal,41.114427735687,39.8237853384112,40.7927851403509,44.4212680943532,51.8783535266714,55.1381952516749,58.9299336070909,60.3518354903719,62.8269980279352,65.2758290491414,74.096887028755,79.4158533328803,129.287745313144,150.87958872593,150.352958398789,169.469639274011,175.47322500342,194.221264649644,251.518644242597,280.857219767629,283.142795387421,329.349340290783,391.420967862432,447.930659675905,515.567326884812,746.300307260984,588.07667462434,470.7997724492,435.661721777063,470.166317128535,530.137009516197,655.377981586798,637.048883404744,606.436537693007,523.320264536747,474.622276255586,493.594816168755,706.690056391344,853.845582968332,1017.89906398386,1099.9885859135,1416.08316993332,1597.5567988274,1912.67950968754,1655.57521856563,1641.54841142883,2016.4997201793,1964.18485609052,1803.95842417472,1763.86384030228,1817.4056212408,1664.67424289918,1755.71839478689,1965.22776220599,2363.34045871829,2847.15625834249,3142.56578620106,3153.77078835488,3309.43641037012,3714.7984033398,3738.31516038914,3540.18634650915,3651.88258926399,3039.98232030569,3262.25936356068,3002.39860204712,2643.89486525452,3178.34640851535,2719.73926942303,3245.87184117654,3299.37304075235,3267.98130628063,3882.45033112583,3566.56036753136,4236.15282561441,4641.61858464707
Spain,144.509080367069,148.659342853377,154.529423576941,191.969786691949,191.27926912061,198.091253064697,222.942364555297,250.438580274157,273.773176471004,267.786406738916,225.480317843645,232.839815943989,239.348772068642,308.791693470944,316.520311132393,386.820000721007,439.425746033771,560.943076534843,545.917155931618,668.753624841933,805.713226275707,859.146961788224,900.614349185059,1256.16458570101,1521.31943452806,1968.17871780746,2108.23294099234,2521.01387483057,2808.84704954659,3470.6952730461,4910.95393241438,5508.3564326108,4977.74853342705,4956.24244131541,4770.9653133124,4851.94986922903,5077.5741445611,6270.61878941391,7921.50865089204,8900.41422653907,9302.93029584069,11695.0386445437,11680.2637541412,12250.1954296283,10041.5113531917,10092.6712573779,11439.9062711837,11294.3168547562,9865.89224104623,10333.4172342975,11113.7224904035,10273.7792518887,10222.0740753998,10270.8390193403,12880.5328012243,15262.4586367672,15997.7242202656,17252.2176126934,20065.6686348096,22227.7218295675,20178.274984962,19710.7854498738,19695.435494297,18860.6233634077,17242.9593220024,17178.5493147619,15187.1686813796,14014.4396351839,16043.5332574617,17823.2711306257,17189.3193013883,17431.7793229226,19544.4654683065,20306.5706328304,23821.2021555655,24615.3979287413
Sweden,...,...,...,...,...,...,...,...,...,...,...,526.8489003926,564.736401576584,636.258725240228,697.922566452937,758.6198897783,844.543329963408,906.980385485994,921.961412739866,941.001815120592,1017.26007643223,1118.16454387121,1238.80442692127,1458.08223550212,1702.21535291087,1855.08467322308,2232.31595856644,2345.44490333778,2560.33505591703,2873.31773808391,3368.14335165194,3791.75660882785,3490.21613764555,2980.13086917698,2629.02188699523,2668.52438405184,2795.29563268836,3577.48491629209,4182.35958387746,4651.7548942004,4880.34522125431,5913.11737703145,5878.82205285847,6141.83449722949,4752.66045946324,4818.83677619275,4653.42916595988,4301.74551195255,5085.20751445011,5035.80561694719,5080.8297316891,4764.33710533669,4283.62587253488,4354.57301542961,5305.64040414034,5514.71038483363,5518.46692599715,5577.2032663572,6386.22116154271,6024.79100605362,5062.96202419184,5885.93580038626,6324.7473643036,6243.67160539748,6528.73746732024,6555.51806389502,5386.9421958071,5427.54919134014,5526.59299900266,5732.82279438131,5839.55579058699,6271.28583840139,7582.55597014925,7722.47944075299,8754.87295101216,12040.2894027522
Switzerland,...,...,...,...,...,...,...,...,201.465829703061,218.616723264615,210.61297293589,200.093758218136,237.368366891915,273.728261242411,294.995369258738,329.525834962668,343.475228392733,378.234372677483,383.265301455539,373.889479641889,409.105981088281,436.090053625127,511.387689442046,601.426981737252,764.969998388539,888.478643954015,1032.0461166553,1228.17685746748,1226.53441618959,1668.88513551303,1945.00577367206,1996.76555012502,1810.878507718,1928.31495318357,1946.03504292234,1807.90575737973,1966.92889672097,2565.42814577635,3020.40652096648,3276.15663226953,3082.0389625473,4056.40818912148,4016.76441258307,4138.04383382401,3611.21262570891,3899.2754205997,4645.36098167395,4239.44790090695,3498.2188505557,3494.25097081687,3146.82288719502,2800.14684635608,2763.65532525095,2882.69676185832,3270.33750417703,3503.8198632891,3484.63675934403,3328.97339373445,3524.74653648458,4098.45903849172,4055.54432334075,4115.40784919121,4973.86384878193,4592.16537767521,5032.8836643277,4612.77647668481,4521.07690931875,4571.34824667311,4628.40150854477,4736.84496747697,5021.93158953722,5731.41640042599,5485.22975929978,5652.31510580348,6289.17634846489,6722.30354386997
United Kingdom,...,2603.28115364358,3362.50626459796,4564.74314132572,5168.99240488942,4999.92784409957,4907.56850070512,5018.71279529845,4960.00982280197,4967.8368858015,4976.44665510099,5129.85708989177,5308.31412628104,5597.13275096369,5810.81157085085,6159.89858062988,6475.32921951092,6692.1388645979,6933.19707738222,6220.4999230844,6199.70230686184,6792.09892378198,7518.38512820382,8789.19263673613,9446.89412404146,10450.7544318186,12907.6748837019,12038.7577393177,12952.1246056775,15897.3360955357,20544.684886403,28360.1592197249,26948.2612205562,27714.1883354742,26423.1223988855,25418.8395363938,26031.8815460011,30432.5779396425,34921.7598901918,38357.2365139578,37456.6468133108,43545.0948401343,47045.4573273683,45592.5918179765,38113.2067914603,38569.0135048574,38294.2830798348,38566.1346453921,39889.947448983,41222.1258326215,40760.4006665656,39343.7112725782,39512.5799436497,44245.2659983094,52343.1222770674,60250.7825447032,61653.635038462,64217.6195283273,73448.0320141665,72915.4076697404,64010.506669801,63979.1119702694,66569.5525731349,65452.4875542416,63837.7248554312,66995.4686542895,59990.2057193245,53327.3660877128,52075.0084320543,55832.9164052492,56567.6020408163,58332.3717948718,65148.5957977992,64069.8790041697,75303.3874800181,81763.1730696744
European Union,xxx,xxx,xxx,xxx,xxx,xxx,xxx,xxx,xxx,xxx,xxx,xxx,xxx,xxx,xxx,xxx,xxx,xxx,xxx,xxx,xxx,xxx,xxx,xxx,xxx,xxx,xxx,xxx,xxx,xxx,xxx,xxx,xxx,xxx,xxx,xxx,xxx,xxx,xxx,xxx,xxx,xxx,xxx,xxx,xxx,xxx,xxx,xxx,xxx,xxx,xxx,xxx,xxx,xxx,xxx,xxx,xxx,xxx,xxx,xxx,xxx,xxx,xxx,xxx,xxx,xxx,xxx,xxx,xxx,xxx,xxx,xxx,xxx,900.317214569993,1273.76286187182,1187.71782939699
Middle East,,,,,,,,,,,,,,,,,,,,,,,,,,,,,,,,,,,,,,,,,,,,,,,,,,,,,,,,,,,,,,,,,,,,,,,,,,,,
Bahrain,...,...,...,...,...,...,...,...,...,...,...,...,...,...,...,...,...,...,...,...,...,...,11.5839223582339,12.5399568625484,16.7655080949879,26.3464558950195,16.4348925410872,26.2892474450138,40.4397826361683,116.143119294469,157.22570011294,175.066312997347,239.36170212766,311.170212765958,183.510638297872,164.893617021277,167.553191489362,178.191489361702,178.191489361702,207.446808510638,218.085106382979,239.36170212766,263.297872340425,279.255319148936,279.255319148936,284.574468085106,303.191489361702,321.808510638298,321.808510638298,329.787234042553,364.36170212766,359.042553191489,372.340425531915,444.148936170213,515.957446808511,531.914893617021,513.297872340426,574.202127659575,642.553191489362,719.946808510638,828.191489361702,842.81914893617,1033.51063829787,1182.18085106383,1347.60638297872,1475.26595744681,1442.02127659574,1505.53457446809,1532.71276595745,1527.65957446809,1557.71276595745,1404.78723404255,1437.5,1598.06914893617,1622.39361702128,1383.97340425532
Egypt,...,...,...,...,...,...,...,...,...,...,...,...,...,249.697766811953,335.799697780272,448.499596350363,515.199536320417,481.84956633539,508.299542530412,648.599416260525,888.94919994572,1092.49901675088,1266.14886046603,1066.04904055586,1243.85610469499,1852.77942469282,1926.89060168053,2201.6130681005,2751.05800094045,2485.27998691554,1152.85549592072,1361.42662653339,1817.1402612282,2307.1395612292,3004.28142245511,3742.13751123213,4203.56542347797,4727.13610409128,4805.70742041797,4453.56506633562,3516.34480140585,2260.64516129032,1345.7573430295,1415.81997441108,1526.16539200363,1714.40978633021,1948.87698579982,2115.74297946619,2267.65031353744,2372.04840613931,2447.97879390325,2627.69833383736,2834.25622954946,2902.76842524007,2383.91489827171,2369.74358643306,2659.43971357524,2952.52015900453,3306.90825722261,3779.88034974689,4017.40447827146,4407.28645271917,4463.97419106902,4557.74876735039,4359.83424376995,5085.12157627973,5475.49083344169,4513.02252681632,2765.58843401207,3119.58736384249,3743.67145154565,4505.37464432501,5165.44562655285,4645.9220475088,3167.15012591356,2396.21116382267
Iran,...,...,...,...,...,...,...,...,...,...,...,98.6798679867987,105.940594059406,109.90099009901,128.712871287129,155.445544554455,200,256.105610561056,331.023102310231,437.293729372937,566.006600660066,620.13201320132,402.310231023102,371.947194719472,480.857166912962,3877.86266312671,5951.04374198202,7186.30729435815,7617.20796043002,8113.73988087555,4993.77993891999,4874.88940010618,8121.56762144701,9703.52531525995,10550.3572929316,9926.303621971,10706.4159445065,11741.4333420913,15263.3765695996,18889.0085626582,16301.8129320636,16474.4016982345,17549.5948299352,19732.5580154057,1448.17770348058,1703.1715362057,2501.54418955785,3550.98696419293,4642.3846158233,5479.36294174375,6650.28514399772,8327.05382436261,10378.7917657186,3243.89103323266,3717.06844978392,5243.62113259941,6796.74496539476,8751.47476703588,9330.90188177112,11081.9502085691,12584.6233387062,13561.2724542139,14277.6673605682,16493.9632869287,11997.1869840994,9901.11885530265,10588.7696708684,12263.9574146216,13931.1964897975,11795.8424122948,4921.0576938276,3349.70200804581,5699.58010949925,7459.33183084591,7390.86113637782,7891.90330681818
Iraq,...,...,...,...,...,...,...,...,83.2439667024133,86.6879653248139,100.162959934816,118.726952509219,125.48194980722,135.064945974022,163.218934712426,185.19892592043,225.742909702836,234.996906001238,234.541906183238,291.437883424847,375.99784960086,401.050839579664,426.263340165383,466.113288078091,665.185288985423,1427.45778418103,1590.1718171167,1761.1762395281,2007.69350589542,1986.02165830269,2371.71282092959,2976.49281781426,4086.49776170449,...,...,...,...,...,...,...,...,...,...,...,...,...,...,...,...,...,...,...,...,...,...,613.724869617867,1120.2785326087,1236.08101293427,1989.94874737958,3116.30401984779,3237.17948717949,3752.90598290598,4278.63247863248,4141.06605383435,7780.18867924528,6923.64408233276,9604.23101085097,5970.38369766942,7416.38513513513,6317.97715005254,7598.82933574537,5649.37363697996,4771.00272873904,4691.83770116339,5518.8745052831,6178.54652967549
Israel,...,...,139.733935463778,172.408039776203,75.5814768320249,57.6388888888889,84.7222222222222,173.888888888889,163.611111111111,159.027777777778,171.25,190.277777777778,241.805555555556,210.604174497153,259.250864169547,278.58426194754,313.917713059044,375.501251670839,605.514168123425,690.001971434204,872.00249143569,1259.64645613273,1270.65778728045,1461.37374994019,2574.50490977879,3475.60277028348,3758.31538079117,3648.66501715334,3180.55622038198,3117.50805831813,3394.51870394861,4120.81478604841,4700.10323167638,4518.48188898504,4265.35858186055,4214.30033082091,4004.51711413666,4386.22432519626,5995.55385541564,6999.57498530434,5550.71026044257,6528.76733123656,9337.64989462416,7313.3883897285,7752.80669997369,7772.18726759513,7945.97151950955,8499.44174740851,8580.69753005845,8095.64785316336,7652.60403703023,8327.54375299401,8504.27401234054,7981.51892642608,8225.28120628968,8605.12543563336,8921.94219756222,9315.25356781371,11382.2028782302,13803.7134965803,12754.2379346649,13875.2115957068,15100.0662077677,14524.4195937675,16247.8259424609,17737.375713577,16457.0987521976,17434.5585985485,19357.0024610705,19899.819039513,20339.2255892256,21816.5697674419,24340.9795412275,23406.0745730486,27498.5278568524,46505.2983693376
Jordan,...,...,...,...,...,...,...,...,45.3599818560073,48.3699806520077,59.0099763960094,56.139977544009,55.5099777960089,60.4099758360097,61.8799752480099,61.8799752480099,62.9299748280101,76.0899695640122,104.719958112017,127.74994890002,...,109.759956096018,108.639956544017,129.359948256021,150.652370416135,163.307378016219,180.742482613699,294.593397854709,262.704735063034,304.948875255624,399.556492293554,416.212133926324,438.818156782162,465.258786015002,484.742989817643,457.77899158571,501.742160278746,625.775075293029,647.05030742276,587.776388488132,382.89103617276,322.429005351719,433.271745101092,367.745484820937,391.137488435464,407.863026715744,299.838515542344,417.489421720733,444.287729196051,496.473906911142,511.988716502116,529.337094499295,528.926645631842,521.861777150917,611.847672778561,586.741889985896,603.667136812412,701.551480959097,1032.44005641749,1358.38357990438,1568.30985915493,1557.88732394366,1594.78873239437,1472.81690140845,1444.92957746479,1548.87323943662,1614.92957746479,1769.43661971831,1939.71830985915,1957.74647887324,2032.11267605634,2055.91549295775,2176.76056338028,2334.57323943662,2450.23910304525,2560.28169014085
Kuwait,...,...,...,...,...,...,...,...,...,...,...,...,...,...,...,...,...,...,...,...,...,68.739972504011,73.434840970744,90.7435499119924,136.560430519402,426.401410876988,...,...,748.51866585708,738.039577826819,881.077990780342,950.805965290033,1042.02162957117,1285.11935980216,1425.49840982307,1465.90916767434,1379.86985998477,1295.61761214061,1336.7400767235,1704.12394410617,2076.39075631682,8961.53646149313,12924.3779659407,6316.01204543982,2980.06553162448,3296.05551251389,3692.43553315821,3241.3855294931,2454.26884545523,2282.15359172584,2286.35251219552,2697.0755963558,2685.73527845347,2821.52187789967,3130.74641289612,3450.11876484561,3509.41780821918,3597.81649757389,4115.73673358807,4430.34207746217,4208.87120593499,4335.20465306151,5393.52631903152,5941.53663694559,5697.93780228007,5832.10341952984,5735.13289036545,6446.74213136237,6764.63691387805,7165.27905953645,7373.51973684211,6941.04234527687,9024.33554817276,8244.12140126598,7755.03193562767,7792.92556571038
Lebanon,...,...,...,...,...,...,12.5230769230769,18.0625,18.6547828790548,21.769656303305,20.7290015847861,22.906905201382,27.8371478129811,40.8768245021668,33.9006034307411,38.0653683231067,44.5985318293536,51.4253773057574,57.7309550260257,65.5723164450301,65.1389733851987,64.5461275382535,66.9200955470253,106.204436985367,103.815507201961,179.142179606145,165.944100296267,173.074847035963,126.427193576977,252.760229683593,346.311001464806,503.476314786197,373.214770032477,246.651755127511,492.472676600039,474.574917563726,227.203508558202,148.293323672983,36.9997684731696,39.3177430784644,...,214.361038658359,229.4697310033,442.786331073862,452.979280562319,637.473438606725,746.26405412573,735.631013592628,678.164279450453,693.871897528576,829.663624787776,930.016583747927,958.540630182421,907.462686567164,923.383084577114,954.560530679934,962.520729684909,1008.9552238806,1152.23880597015,1169.48590381426,1426.20232172471,1585.40630182421,1626.53399668325,1757.21393034826,1935.71824137232,2270.06595979379,2239.41609373945,2606.45690832225,2441.07485701822,2775.55781620658,2326.05833652486,431.991051454139,171.587395957194,218.747731996173,286.217317801811,635.471571906355
Oman,...,...,...,...,...,...,...,...,...,...,...,...,...,...,...,...,...,...,...,...,...,...,29.0650793001273,54.5244193833334,89.8265065188379,255.573248407643,523.306311522872,589.099594672843,514.837869137232,574.334105385061,584.105385060799,883.75796178344,1133.46844238564,1261.58077591199,1457.00636942675,1580.78964206406,1617.71305317101,1305.68979690142,1139.14174252276,1148.89466840052,1171.52145643693,1447.91937581274,1254.81144343303,1517.16514954486,1439.92197659298,1520.09102730819,1513.84915474642,1437.1911573472,1482.05461638492,1318.20546163849,1340.44213263979,1577.24317295189,1819.89596879064,1868.4655396619,1969.31079323797,2230.68920676203,2739.01170351105,3022.62678803641,3244.6033810143,3462.48374512354,3367.49024707412,3671.39141742523,5000.71521456437,9250.65019505852,8766.31989596879,8213.52405721717,7533.5500650195,7935.95578673602,6802.66579973992,7565.34460338101,6551.04031209363,6095.70871261378,5783.61508452536,5783.48504551365,5851.755526658,5988.29648894668
Qatar,...,...,...,...,...,...,...,...,...,...,...,...,...,...,...,...,...,...,...,...,...,...,...,...,...,...,...,...,...,...,...,616.740088105727,1059.50549450549,1467.25274725275,905.192307692308,874.862637362637,1528.87362637363,...,865.412087912088,982.554945054945,848.461538461538,790.796703296703,895.631868131868,...,...,...,...,...,...,...,...,...,...,760.989010989011,784.615384615385,772.362637362637,887.5,1065.74175824176,1562.22527472527,2317.5,1948.35164835165,1876.75824175824,...,...,...,...,...,...,...,...,...,...,11593.4065934066,15412.0879120879,...,...
Saudi Arabia,...,...,...,...,...,...,...,...,...,71.2,72.2666666666667,140.888888888889,71.5555555555556,84.2222222222222,113.777777777778,123.555555555556,177.777777777778,300.444444444444,336.222222222222,338.666666666667,429.333333333333,471.555555555556,587.27431170782,930.574823571989,1565.58993576306,...,...,...,11584.7673514777,13404.0875878055,17616.7267706883,20724.4930472475,24399.9278642192,27095.7974662867,21872.7205363035,22672.0509902634,17656.9652194559,...,14460.2666666667,13354.6666666667,12749.8666666667,16355.4666666667,16355.4666666667,15360.2666666667,16451.2,14279.7333333333,13200.2666666667,13340,18126.6666666667,20861.6,18320,19964.2666666667,21026.6666666667,18501.8666666667,18747.4666666667,20910.4,25392.0386007238,29580.5073431242,35469.5130086724,38222.9333333333,41267.2,45244.5333333333,48530.9333333333,56497.8666666667,67020,80762.4,87185.8666666667,63672.8,70400,74612.2666666667,65362.6666666667,64558.4,63194.6666666667,70920,77765.3333333333,80330.6666666667
Syria,...,...,...,...,...,...,...,55.5865921787709,48.3240223463687,81.0055865921788,82.9608938547486,90.2234636871508,90.2234636871508,149.593495934959,...,112.041884816754,118.062827225131,102.356020942408,118.586387434555,190.052356020942,194.502617801047,199.738219895288,176.96335078534,260.20942408377,388.674556986857,537.380924316621,887.837837837838,945.058881243397,998.216560509554,1213.50318471338,1581.65605095541,2253.24840764331,2437.70700636943,2726.87898089172,2733.50318471338,3394.90445859873,3510.31847133758,3678.98089171975,3650.19108280255,3722.8025477707,1483.65256124722,1641.78173719376,2893.80846325167,2976.570155902,1426.09523809524,1636.29977608992,957.89981894991,995.089040932605,1046.92796104454,1096.03953305164,1127.63285710901,897.044908654196,1022.52657791399,1102.91215690965,1436.21073354447,1388.54498348595,1450.32465666839,1435.21569228412,1599.03372306503,1732.41684790199,2181.9745811918,2346.02128301237,2494.8874831484,...,...,...,...,...,...,...,...,...,...,...,...,...
Türkiye,197.681860200526,212.970205503804,231.81397994738,257.768612671549,294.033989902581,332.077081703762,382.919718410012,412.074237360449,450.11732916163,523.131672597865,766.192170818505,468.810916179337,301.330376940133,330.376940133038,350,380.897803670027,422.676991150442,442.035398230089,508.407079646018,570.685840707965,596.79203539823,564.858542613762,570.873159477221,703.957597173145,861.625441696113,1136.70469803477,2284.98625546146,2534.77521475603,2765.77307218007,2727.88297600712,3001.14230552651,2671.97628557263,2814.86976146162,2754.73230269512,2469.37553502442,2190.05230747413,2365.97743604677,2769.40958796878,2889.59349707308,2663.90129011847,3373.74156328947,5315.41339548577,5670.6665196485,6157.94727330402,7075.08693989767,5293.17396576006,6606.24581471084,7512.09079551722,7791.98630362493,8781.04815820561,9951.78887395143,9993.73019693899,7216.05104480291,9050.37718198284,10277.9017782782,10920.773882178,12081.156313729,13036.5081031888,14987.758360004,16809.5764951749,16047.5109035072,17650.4641181755,17006.4778053076,17694.3207126949,18427.646196757,17576.5384705059,15668.75,17827.7021507967,17822.7382631645,19648.6938238514,20436.9171212388,15782.9909058308,15254.8298346664,15036.8356936064,19577.8319235437,24978.7355346038
United Arab Emirates,...,...,...,...,...,...,...,...,...,...,...,...,...,...,...,...,...,...,...,...,...,...,...,...,...,...,...,...,...,...,...,...,...,...,...,...,...,...,...,...,...,...,...,...,...,...,...,...,3335.76674148489,4010.34717494894,4233.08373042886,5875.83390061266,5797.95779441797,5354.11844792376,5834.71749489449,6816.88223281144,6604.22055820286,7165.41865214432,8460.99387338325,11571.6814159292,13836.3512593601,17504.6970728387,19181.7562968005,19024.0980258679,23561.0619469027,22755.0714771954,...,...,...,...,...,...,...,...,...,...
"Yemen, North",...,...,...,...,...,...,...,...,...,...,...,...,...,...,...,...,...,...,...,...,...,...,...,0,0,0,0,0,0,0,0,0,0,0,0,0,0,0,0,0,0,xxx,xxx,xxx,xxx,xxx,xxx,xxx,xxx,xxx,xxx,xxx,xxx,xxx,xxx,xxx,xxx,xxx,xxx,xxx,xxx,xxx,xxx,xxx,xxx,xxx,xxx,xxx,xxx,xxx,xxx,xxx,xxx,xxx,xxx,xxx
Yemen,...,...,...,...,...,...,...,...,...,...,...,...,...,...,...,...,...,...,...,...,...,...,...,...,...,...,...,...,...,...,...,...,...,...,...,...,...,...,...,...,...,807.070715481137,1028.21791658687,1306.90002581161,1535.45765647247,2353.26933164586,805.892377911418,416.008632418086,397.073042442432,384.502730310122,395.252957268909,473.664032451552,540.101498766837,737.366548042705,807.313244080066,735.485127938693,815.627463983416,822.130536059559,1050.49936417144,1196.41176588374,1420.77526411532,1448.15337674758,1612.25444340505,1618.84012670806,1648.75052352366,1714.83084368747,...,...,...,...,...,...,...,...,...,...
