Country,Currency,1949,1950,1951,1952,1953,1954,1955,1956,1957,1958,1959,1960,1961,1962,1963,1964,1965,1966,1967,1968,1969,1970,1971,1972,1973,1974,1975,1976,1977,1978,1979,1980,1981,1982,1983,1984,1985,1986,1987,1988,1989,1990,1991,1992,1993,1994,1995,1996,1997,1998,1999,2000,2001,2002,2003,2004,2005,2006,2007,2008,2009,2010,2011,2012,2013,2014,2015,2016,2017,2018,2019,2020,2021,2022,2023,2024
,,,,,,,,,,,,,,,,,,,,,,,,,,,,,,,,,,,,,,,,,,,,,,,,,,,,,,,,,,,,,,,,,,,,,,,,,,,,,
Africa,,,,,,,,,,,,,,,,,,,,,,,,,,,,,,,,,,,,,,,,,,,,,,,,,,,,,,,,,,,,,,,,,,,,,,,,,,,,,
North Africa,,,,,,,,,,,,,,,,,,,,,,,,,,,,,,,,,,,,,,,,,,,,,,,,,,,,,,,,,,,,,,,,,,,,,,,,,,,,,
Algeria,Dinar,...,...,...,...,...,...,...,...,...,...,...,213000000,227000000,...,328000000,493000000,521000000,516000000,490000000,490000000,490000000,488000000,491000000,492600000,541900000,1087700000,1312200000,2001300000,1955900000,2490000000,2742300000,3416000000,3481000000,4282000000,4561000000,4631000000,4793000000,5300000000,5805000000,6084000000,6500000000,8100000000,10439000000,23000000000,29810000000,46800000000,58847000000,79519000000,101126000000,112248000000,121597000000,141576000000,161505000000,167380000000,170764000000,201930000000,214320000000,224767000000,273415000000,334044000000,383621000000,421866000000,631076000000,723123000000,806509000000,955926000000,1047926000000,1118297000000,1118297000000,1118297000000,1230000000000,1230330000000,1230000000000,1300000000000,2486000000000,2926000000000
Libya,Dinar,...,...,...,...,...,...,...,...,...,...,1990000,1990000,2560000,5960000,6670000,7670000,10400000,20900000,28400000,34100000,51100000,86600000,86600000,66700000,89500000,127800000,85200000,96600000,142000000,216100000,252700000,318000000,165000000,210000000,...,...,...,...,...,...,...,...,...,...,...,...,...,...,577000000,675000000,535000000,556000000,496000000,575000000,700000000,894000000,904000000,807000000,807000000,1346000000,...,...,...,3769100000,5041500000,4778700000,...,...,...,...,...,...,...,5836100000,7570500000,...
Morocco,Dirhams,...,...,...,...,...,...,...,83000000,127000000,175000000,204000000,210500000,244300000,272500000,379000000,354200000,319700000,343800000,356000000,460000000,430000000,450000000,562000000,645000000,763000000,1057000000,1675000000,2551000000,3294000000,3219000000,3495000000,4401000000,5046000000,5779000000,4467000000,4515000000,6968000000,6633000000,6816000000,7530000000,8408000000,8817000000,9999000000,10489000000,11640000000,12564000000,18420000000,12946000000,13748000000,14008000000,5754000000,8210000000,16619000000,16254000000,17418000000,17182000000,18006000000,18775000000,19730000000,22824400000,24615000000,26605000000,27042000000,29360000000,34173000000,34034000000,31912300000,32631800000,33845182000,34696400000,35531200000,45865100000,47868000000,50739670000,52573100000,54851700000
Tunisia,Dinar,...,...,...,...,...,...,...,1300000,2300000,4000000,6000000,6700000,7800000,6000000,6400000,7800000,6700000,7200000,8100000,9200000,8900000,11800000,13000000,15100000,16100000,20300000,30300000,36000000,52200000,61800000,65400000,78600000,113000000,194100000,260300000,193800000,180200000,164200000,161100000,199800000,222200000,217700000,240800000,256200000,277200000,300500000,324300000,386900000,396100000,416600000,423500000,455600000,482900000,491100000,524900000,553800000,607800000,661800000,628700000,713300000,762600000,817600000,1006900000,1064000000,1233700000,1542100000,1921400000,2120120000,2072700000,2233100000,2930700000,3241800000,3440000000,3559000000,3750000000,4087000000
sub-Saharan Africa,,,,,,,,,,,,,,,,,,,,,,,,,,,,,,,,,,,,,,,,,,,,,,,,,,,,,,,,,,,,,,,,,,,,,,,,,,,,,
Angola,Kwanzas   ,...,...,...,...,...,...,...,...,...,...,...,...,...,...,...,...,...,...,...,...,...,...,...,...,...,...,...,...,...,10.27,15.1,14.88,18.516,20,23.295,31.9,34.3,34.6,44.5,43.961,58.297,52.391,56.82,199.66,4720.2,35410.9,643124,20451600,104621000,66889400,2976540000,5859850000,8917990000,19096100000,49987800000,68297900000,118977000000,158350000000,155900000000,237375000000,262671000000,321743000000,341875000000,395680000000,587869000000,673000000000,433216000000,452356000000,508175000000,501224000000,536216000000,573920000000,614988000000,747658000000,854800000000,803961000000
Benin,CFA Francs,...,...,...,...,...,...,...,...,...,...,...,319000000,533000000,670000000,726000000,932000000,979000000,915000000,962000000,1063000000,1044000000,1133000000,1180000000,1236000000,1493000000,1552000000,1684000000,1711000000,2493000000,1930000000,3736000000,4990000000,4670000000,5440000000,6770000000,9280000000,8900000000,9100000000,10700000000,11000000000,9100000000,8935000000,...,...,...,...,...,...,...,...,10986000000,10321000000,9612000000,18122000000,20077000000,22072000000,23581000000,24464000000,...,28984000000,...,...,...,39935000000,42489000000,45976000000,53760490000,47187000000,67898000000,50135000000,39911000000,41329000000,54040000000,68610000000,90413000000,93452000000
Botswana,Pula      ,...,...,...,...,...,...,...,...,...,...,...,...,...,...,...,...,...,...,...,...,...,...,...,...,...,...,...,160000,6290000,13700000,21900000,25700000,26200000,23600000,27900000,35900000,41300000,72200000,141200000,181500000,215670000,315710000,359100000,380970000,472870000,452450000,462300000,468900000,625000000,811800000,775000000,998200000,1305300000,1451000000,1503000000,1464000000,1446000000,1642000000,1961000000,2372000000,2359000000,2372000000,2522000000,2480000000,2605000000,3276000000,4089000000,6114000000,5180200000,5048000000,5695000000,5706845454.54545,6028400000,6442690000,6489200000,8098700000
Burkina Faso,CFA Francs,...,...,...,...,...,...,...,...,...,...,...,311000000,403000000,1201000000,1294000000,1313000000,860000000,960000000,909000000,931000000,1046000000,1157000000,1196000000,1247000000,1355000000,1509000000,3871000000,4667000000,5627000000,7305000000,6814000000,7471000000,9216000000,10800000000,11172000000,11784000000,12178000000,17724000000,15241000000,17033000000,21315000000,22997000000,19608000000,18824000000,17139000000,16800000000,18400000000,19000000000,22500000000,23300000000,25700000000,26100000000,27000000000,29600000000,29500000000,34700000000,38950000000,37979000000,51673000000,52393000000,60125000000,61266000000,65519000000,75420000000,82078000000,87594000000,87496000000,88625000000,111699000000,169936000000,209727000000,220074000000,254201000000,350865500000,501726000000,620762000000
Burundi,Francs    ,...,...,...,...,...,...,...,...,...,...,...,...,19000000,421000000,50600000,58100000,181700000,200100000,207900000,226700000,292000000,...,230000000,315000000,474000000,605000000,672000000,860000000,1256000000,1533000000,1800000000,2498700000,2699600000,3299900000,3194600000,3583900000,3888700000,3951200000,3803900000,4809300000,6014000000,6782100000,7760000000,8121000000,8805000000,10589000000,10517000000,15408000000,21800000000,26300000000,28500000000,30500000000,44200000000,41800000000,47000000000,49400000000,53600000000,46000000000,50100000000,52000000000,...,...,...,85060000000,94642000000,96169000000,104004000000,109850000000,109850000000,116380000000,156103000000,129200000000,135100000000,207077000000,373670000000,495576000000
Cameroon,CFA Francs,...,...,...,...,...,...,...,...,...,...,...,...,...,...,...,...,...,...,...,...,5427000000,5817000000,6024000000,6524000000,7579000000,9090000000,10957000000,12207000000,14900000000,17340000000,20250000000,21950000000,43400000000,43100000000,55900000000,55300000000,49100000000,51614000000,46438000000,45520000000,48185000000,50145000000,50397000000,46902000000,48340000000,56613000000,56769000000,62869000000,75707000000,86230000000,91959000000,83236000000,99000000000,52000000000,109556000000,116808000000,117670000000,134345000000,142198000000,155203000000,162085000000,175355000000,163963000000,180955000000,194079000000,198522000000,209264000000,229727000000,238613000000,238910000000,247447000000,226332000000,245913000000,259844000000,276941000000,324338000000
Cape Verde,Escudos   ,...,...,...,...,...,...,...,...,...,...,...,...,...,...,...,...,...,...,...,...,...,...,...,...,...,...,...,...,...,...,...,...,...,...,...,313000000,311000000,357000000,360000000,366000000,...,...,...,242000000,220000000,281000000,477000000,352000000,382000000,443000000,518000000,814000000,571600000,529700000,565000000,573000000,628000000,614000000,640000000,809900000,667000000,686000000,774000000,835600000,815200000,835200000,887100000,1014300000,918900000,1000880000,958000000,1091100000,1045590000,1074653000,1461300000,1715300000
Central African Republic,CFA Francs,...,...,...,...,...,...,...,...,...,...,...,...,...,...,...,...,...,...,...,...,...,...,...,...,...,...,...,...,...,...,...,...,...,...,...,...,...,...,...,...,...,...,6093000000,6137000000,5421000000,5935000000,6496000000,6239000000,...,...,...,...,...,7445200000,8729000000,7979000000,8121000000,...,9160000000,14111000000,16995100000,25549000000,23534000000,21823000000,23676000000,18989000000,15794000000,15916000000,16157000000,16960000000,23894000000,25521000000,30793400000,26195200000,37927000000,43161000000
Chad,CFA Francs,...,...,...,...,...,...,...,...,...,...,...,...,...,...,...,...,...,...,...,...,...,...,...,...,...,...,...,...,...,...,...,...,...,...,15000000000,17500000000,17000000000,16900000000,10300000000,23200000000,18000000000,9350000000,...,9350000000,11100000000,12300000000,10000000000,12700000000,9700000000,9500000000,12900000000,15200000000,19200000000,23900000000,23800000000,26700000000,29270000000,116600000000,186500000000,273800000000,348900000000,305000000000,287700000000,...,358900000000,194000000000,130700000000,183620000000,128640000000,140700000000,137530000000,185800000000,183600000000,206900000000,226100000000,338200000000
"Congo, DR",Francs    ,...,...,...,...,...,...,...,...,...,...,...,...,...,...,1.47e-05,2.74e-05,4.34e-05,4.31e-05,5.31e-05,8.43e-05,0.000121,0.000171,0.00017,0.000157,0.000171,0.000316,0.00029,0.000319,0.000461,0.000599,0.0011,0.00142,0.001047,0.00282,0.00339,0.00643,0.00671,0.0134,0.0106,0.134,0.0858,0.11,2.28,184,11797,...,...,44800000,110100000,42800000,600200000,2901000000,...,...,31908000000,54983000000,78292000000,96045000000,106046000000,89486000000,99100000000,166400000000,219563000000,305813000000,344440000000,315710000000,454915000000,399976000000,428966000000,477265000000,581999000000,670325000000,611112000000,749348000000,1830154000000,2537409000000
"Congo, Republic",CFA Francs,...,...,...,...,...,...,...,...,...,...,...,...,...,...,...,...,...,...,...,...,...,3621000000,3786000000,3212000000,4330000000,5810000000,7178000000,8205000000,9000000000,8566000000,11182000000,12131000000,17264500000,23800000000,...,21596000000,25000000000,...,30208000000,...,...,...,...,33250000000,31000000000,...,...,...,...,...,...,...,39911000000,49280000000,54503000000,65665000000,53230000000,66182000000,80555000000,93020000000,...,108164000000,...,...,181341000000,348510000000,...,297650000000,218394000000,162422000000,175760000000,171710000000,173648000000,165801000000,172869000000,110393000000
Cote d'Ivoire,CFA Francs,...,...,...,...,...,...,...,...,...,...,...,...,...,2148000000,1976000000,2742000000,3162000000,3260000000,3619000000,3789000000,4200000000,4900000000,6600000000,8000000000,6400000000,9900000000,9834000000,12536000000,12640000000,19579000000,21854000000,25031000000,25000000000,28400000000,29057000000,30659000000,31253000000,33439000000,36900000000,38155000000,41368000000,39199000000,40671000000,41503000000,42088000000,46677000000,...,52516000000,54588000000,...,...,...,...,...,123800000000,132500000000,131800000000,139800000000,155100000000,165200000000,198346000000,192015000000,168612000000,208089035776.334,212439000000,257719000000,336932000000,357396000000,294517000000,337808000000,314045000000,349400000000,353700000000,378720000000,413788000000,399230000000
Djibouti,Francs    ,...,...,...,...,...,...,...,...,...,...,...,...,...,...,...,...,...,...,...,...,...,...,...,...,...,...,...,...,...,8000000,8000000,323000000,951000000,5262000000,5492000000,5533000000,5579000000,5439000000,5477000000,5520000000,5525000000,5530000000,5647000000,5976000000,5521000000,5458000000,5262000000,4359000000,4719000000,4746000000,4759200000,4625200000,4629300000,5909400000,7422300000,6638900000,7970300000,8800000000,6134700000,6446800000,...,...,...,...,...,...,...,...,...,...,...,...,...,...,...,...
Equatorial Guinea,CFA Francs,...,...,...,...,...,...,...,...,...,...,...,...,...,...,...,...,...,...,...,...,...,...,...,...,...,...,...,...,...,...,...,...,...,...,...,...,...,...,...,...,...,...,...,...,...,1321000000,1721000000,...,...,...,...,...,...,...,...,...,...,...,94087000000,131097000000,175619000000,...,...,...,...,82340000000,81184000000,82567000000,79980000000,83083000000,87095000000,93441000000,90307000000,97786000000,98381000000,68606000000
Eritrea,Nakfa     ,...,...,...,...,...,...,...,...,...,...,...,...,...,...,...,...,...,...,...,...,...,...,...,...,...,...,...,...,...,...,...,...,...,...,...,...,...,...,...,...,...,...,...,...,539200000,438700000,770500000,968100000,634200000,1936200000,2224500000,2220200000,1883600000,2104400000,2520000000,...,...,...,...,...,...,...,...,...,...,...,...,...,...,...,...,...,...,...,...,...
Ethiopia,Birr      ,...,...,...,...,...,...,...,36400000,38500000,42000000,33500000,42700000,49500000,50800000,84800000,95900000,118600000,98500000,86500000,86800000,85300000,87400000,92800000,96000000,107300000,202200000,315600000,214500000,344600000,393200000,750800000,736800000,782500000,821200000,869600000,881700000,896200000,922100000,1051100000,1494400000,1741100000,1509000000,681200000,750000000,888500000,736700000,771600000,834800000,2190000000,4336000000,6842000000,3307000000,2610000000,2341000000,2452000000,2920000000,3009000000,3005000000,3453000000,4000000000,4000000000,4750000000,6486000000,6493000000,7489000000,8814000000,9498000000,11940000000,12814000000,15605000000,15605000000,37092000000,102617000000,82825000000,71122000000,80430000000
Gabon,CFA Francs,...,...,...,...,...,...,...,...,...,...,...,...,...,...,...,...,...,...,740000000,740000000,1131000000,1282000000,1514000000,1682000000,2100000000,2526000000,3610000000,4807000000,7107000000,...,12100000000,14500000000,24000000000,29100000000,33000000000,35100000000,42900000000,47100000000,...,...,...,...,...,...,...,...,...,...,...,...,...,65000000000,66000000000,66000000000,63000000000,66100000000,62300000000,68100000000,...,...,...,133100000000,125500000000,142000000000,139400000000,102900000000,100768000000,120300000000,157030000000,145170000000,156380000000,151620000000,172760000000,173177000000,160975000000,193502000000
"Gambia, The",Dalasis   ,...,...,...,...,...,...,...,...,...,...,...,...,...,...,...,...,...,...,...,...,...,...,...,...,...,...,...,...,...,...,...,...,...,1560000,2280000,3790000,5900000,8600000,11100000,17900000,23400000,31200000,38600000,23700000,22900000,21500000,33600000,21700000,42600000,43100000,40100000,42500000,38500000,45000000,57000000,58000000,85300000,78200000,113100000,380900000,189050000,...,...,358400000,373200000,609300000,591000000,...,...,552660000,723921000,762103000,817699000,854825000,852351000,992923000
Ghana,Cedis     ,...,...,...,...,...,...,...,...,728,699,973,2000,2400,2220,2220,2850,2540,3380,4420,4610,5390,4180,4330,3720,5840,8900,9220,11230,16750,18980,17500,48800,58700,...,62790,160500,343200,460500,665900,460300,610600,900600,1523000,1820100,2660000,3614700,5882300,7264400,9314800,13281200,15806000,27726900,23174000,29300000,46150000,50690000,58180000,69405300,117914000,120245000,166648000,175272000,354268000,605660000,498277000,769600000,721100000,639926000,821772600,1005613000,1225864000,1375513000,1767100000,2062224000,3327940000,3891200000
Guinea,Francs    ,...,...,...,...,...,...,...,...,...,...,...,...,...,...,...,...,259000000,343000000,...,350000000,363000000,372000000,648000000,721000000,747000000,...,...,...,...,1681000000,1357000000,1144000000,1100000000,1169000000,...,...,...,...,...,...,...,...,54100000000,50200000000,42000000000,44800000000,...,...,48600000000,55700000000,76600000000,80300000000,171100000000,193800000000,167000000000,181800000000,...,...,...,...,...,...,...,1180000000000,1359600000000,1381400000000,1657400000000,1450800000000,1656100000000,1784500000000,1818780000000,1993000000000,2406750000000,3887958000000,4356060000000,4844135000000
Guinea-Bissau,CFA Francs,...,...,...,...,...,...,...,...,...,...,...,...,...,...,...,...,...,...,...,...,...,...,...,...,...,...,...,...,...,...,...,...,...,5770000,11700000,10400000,11400000,19200000,33400000,...,123500000,...,...,...,...,400000000,615000000,770000000,1061000000,1711000000,...,6786100000,4532500000,4435000000,4362000000,...,6391000000,...,...,...,6490000000,8484000000,8267000000,12503700000,10726000000,10615500000,10076500000,9330300000,11169300000,11780900000,13225800000,13906750000,14240890000,15304000000,15341600000,...
Kenya,Shillings ,...,...,...,...,...,...,...,...,...,...,30400000,6600000,6200000,3400000,23200000,60800000,80600000,105800000,122600000,111200000,113800000,129400000,186000000,238800000,285200000,382100000,412300000,858000000,1588000000,2114000000,2237000000,1795000000,2569000000,2755000000,2801000000,2244000000,2547000000,3335000000,4886000000,4021000000,5385000000,5910000000,4648000000,5406000000,6856000000,6297000000,9039000000,10472000000,10182200000,10579600000,10788000000,14439000000,16258000000,17430000000,19921000000,21219000000,26652000000,27540000000,39062000000,41183000000,48247000000,50327000000,64537000000,77485000000,70743000000,73281000000,92379000000,97064000000,112916000000,112631000000,115173000000,122366000000,136758000000,135654000000,159085000000,173087000000
Lesotho,Maloti    ,...,...,...,...,...,...,...,...,...,...,...,...,...,...,...,...,...,...,...,...,...,...,...,...,...,...,1730000,2080000,2530000,3810000,4760000,10500000,11000000,18000000,14900000,19200000,25300000,32300000,38400000,38600000,66200000,61300000,61700000,71600000,72600000,98200000,133500000,118000000,137000000,159300000,224500000,207900000,199200000,208500000,206500000,201500000,217900000,245400000,292400000,203800000,467600000,533900000,385200000,454400000,465700000,534900000,570665000,624200000,722500000,661000000,643400000,633500000,518700000,583537500,652300000,669500000
Liberia,Dollars,...,...,...,...,...,...,...,...,...,...,...,...,...,...,...,2600000,2800000,2800000,3300000,2800000,3300000,3800000,4300000,3800000,3700000,5400000,5600000,7200000,8300000,9500000,9300000,16200000,36500000,50200000,27300000,22600000,27700000,21000000,23500000,26500000,...,28300000,21700000,23600000,37300000,41300000,...,...,...,...,...,...,...,...,1745000,7305000,5629000,2172000,3592000,6198000,7281000,10683000,14398000,15960000,14263000,14799000,14799000,14625000,12046000,14412000,11390000,14412000,22517000,52198000,62518000,33825000
Madagascar,Ariary    ,...,...,...,...,...,...,...,...,...,...,...,79200000,418800000,453200000,442200000,466800000,528800000,560000000,598000000,644000000,676000000,674000000,707000000,813000000,907000000,1246000000,1294000000,1579000000,2160000000,2355000000,3484000000,3820000000,4700000000,...,...,6350000000,6740000000,6840000000,7840000000,9260000000,9700000000,11340000000,12740000000,8612500000,14480000000,16920000000,23180000000,40160000000,53500000000,54900000000,56600000000,63900000000,85700000000,78900000000,89800000000,101800000000,108200000000,115500000000,153540000000,176426000000,138862000000,118966000000,145788000000,150654000000,158628000000,168256000000,172880000000,188710000000,207849000000,244162000000,278317000000,332778000000,378429000000,405300000000,453500000000,552020000000
Malawi,Kwacha    ,...,...,...,...,...,...,...,...,...,...,...,...,...,...,...,1100000,1320000,1320000,1620000,1550000,1660000,1730000,2020000,2210000,4410000,4480000,9290000,8110000,13700000,24200000,38800000,44600000,31100000,27600000,25600000,26970000,36420000,49260000,47320000,53100000,66120000,66420000,66460000,99100000,118000000,159400000,172000000,354000000,461000000,446000000,698000000,698400000,988000000,1185500000,1309100000,2753000000,5116000000,3933000000,4959000000,6678000000,8841000000,7082300000,8658900000,12444000000,26426000000,19208700000,20668100000,26574610000,37304500000,44439800000,68566900000,75204000000,72069000000,122752000000,185845500000,208220000000
Mali,CFA Francs,...,...,...,...,...,...,...,...,...,...,...,...,962000000,1064000000,1072000000,1268000000,1139000000,1139000000,1250000000,1300000000,1475000000,1700000000,1600000000,2100000000,2446000000,2800000000,4100000000,5200000000,6400000000,7000000000,7700000000,8100000000,8600000000,9700000000,10200000000,11100000000,13400000000,13000000000,13300000000,14300000000,14700000000,14200000000,...,...,12600000000,16600000000,20200000000,20300000000,23500000000,24200000000,27000000000,31100000000,32900000000,34400000000,38800000000,40900000000,45600000000,50200000000,52900000000,64000000000,68200000000,72700000000,76000000000,76000000000,76000000000,107841000000,182859000000,214957000000,270218000000,267732000000,278704000000,341752000000,362110000000,362986000000,476318000000,563521000000
Mauritania,Ouguiyas  ,...,...,...,...,...,...,...,...,...,...,...,...,...,...,...,...,...,...,...,...,...,...,...,...,...,...,...,...,...,...,...,...,...,...,...,...,316500000,315800000,323000000,323500000,322900000,323900000,323200000,342700000,364300000,364400000,415100000,519900000,631700000,482700000,669600000,905000000,1325500000,985900000,1642600000,1864800000,1770000000,2200000000,0,2937600000,3012600000,0,0,4220900000,4336300000,4384800000,4315900000,4837500000,5162900000,5682800000,5908200000,7468700000,8269800000,8330500000,10069000000,10320000000
Mauritius,Rupees,...,...,...,...,...,...,...,...,...,...,...,2090000,...,1420000,1460000,1540000,1470000,1550000,1470000,1540000,2200000,2400000,2800000,3000000,4000000,5000000,8100000,9500000,9300000,12300000,19000000,66100000,29200000,32300000,36400000,36000000,37000000,41000000,53000000,73000000,120000000,153000000,175600000,180100000,200300000,225500000,242100000,223600000,189200000,216600000,238800000,252600000,270400000,299000000,308300000,293100000,349100000,336700000,391800000,494800000,242100000,457900000,502700000,500700000,712300000,604600000,599000000,782000000,782000000,782000000,762000000,725000000,820000000,791000000,901000000,1063000000
Mozambique,Meticais  ,...,...,...,...,...,...,...,...,...,...,...,...,...,...,...,...,...,...,...,...,...,...,...,...,...,...,...,...,1190000,2290000,2340000,2990000,3510000,3890000,4674000,5800000,6400000,6900000,24300000,33500000,58900000,78600000,103000000,150000000,230000000,440000000,302000000,407000000,485000000,585000000,722000000,843000000,1048000000,1267000000,1421500000,1753000000,1435500000,1459000000,1773300000,2034190000,2319870000,3368500000,3455300000,3946700000,4753200000,5447600000,5359000000,6997000000,8304100000,11855200000,13468500000,20002000000,20231200000,26628300000,25812800000,28752133333.3333
Namibia,Dollars,...,...,...,...,...,...,...,...,...,...,...,...,...,...,...,...,...,...,...,...,...,...,...,...,...,...,...,...,...,...,...,...,...,...,...,...,...,...,...,...,85000000,513000000,362000000,353000000,188000000,207000000,261000000,294000000,416000000,443000000,713900000,617000000,905000000,935000000,994000000,1107000000,1259600000,1381900000,1682800000,2371800000,2593400000,3006400000,3292500000,3414300000,3882000000,6483100000,6654600000,6131990000,6013820000,6041270000,5953300000,6100800000,5851400000,6027300000,6334700000,6743900000
Niger,CFA Francs,...,...,...,...,...,...,...,...,...,...,...,...,...,...,...,...,...,...,...,...,...,...,...,...,...,...,1571000000,1955000000,2705000000,3334000000,3719000000,3600000000,3800000000,4200000000,4708000000,4646000000,4887000000,4991000000,4106000000,...,...,...,...,...,...,9700000000,9200000000,8900000000,10100000000,13000000000,14500000000,14300000000,18200000000,14400000000,14300000000,16700000000,17300000000,...,...,24016000000,25026000000,33129000000,39612000000,76000000000,52400000000,71987000000,...,98577000000,117544000000,127621000000,145102000000,137117000000,112260000000,151244000000,201331000000,264321000000
Nigeria,Naira     ,...,...,...,...,...,...,...,...,...,...,...,16700000,20200000,27600000,32500000,38800000,47100000,39800000,171400000,263600000,488900000,473100000,455700000,594800000,671200000,851600000,1864100000,1657000000,2023200000,1920200000,1854800000,1656700000,1319100000,1112500000,1178900000,928200000,975700000,906900000,810000000,1230000000,1257200000,2229000000,2415000000,3004000000,6382000000,7032000000,14000000000,15350000000,17920000000,25162000000,45400000000,37490000000,63472000000,108148000000,75913000000,85047000000,88506000000,99853000000,122200000000,191515000000,224021000000,299108000000,369045000000,364843000000,380500000000,373815000000,397497000000,444098000000,494838000000,654399000000,668732000000,974910000000,1783120000000,1315710000000,1975400000000,1678400000000
Rwanda,Francs    ,...,...,...,...,...,...,...,...,...,...,...,...,...,...,...,...,...,...,...,...,...,...,...,...,786000000,724000000,860000000,999000000,1541000000,1288000000,1702000000,2027000000,2500000000,2622000000,2693000000,2552000000,2759000000,3056000000,2868000000,2800000000,3336000000,7963000000,13184000000,11863000000,12900000000,5700000000,14800000000,22600000000,23300000000,27200000000,27000000000,23900000000,25200000000,24300000000,24300000000,23800000000,25100000000,30100000000,30400000000,37000000000,64169000000,44124000000,46383000000,51651000000,55019000000,68995000000,80338000000,89537000000,102643000000,102342000000,120593000000,162272000000,168683000000,197220000000,219100000000,244700000000
Senegal,CFA Francs,...,...,...,...,...,...,...,...,...,...,...,...,...,...,...,...,...,...,...,...,...,...,...,...,...,...,...,...,...,...,20079000000,20389000000,23598000000,24012000000,26910000000,28462000000,29187000000,29601000000,30015000000,31360000000,31774000000,32186000000,31036000000,29056000000,33962000000,36725000000,40389000000,40809000000,41324000000,44300000000,48200000000,44400000000,50500000000,51829000000,56293000000,56819000000,65619000000,77678000000,92406500000,97115600000,101437000000,96942000000,108619000000,100401000000,116958000000,118607000000,127060000000,180771000000,179349000000,214035000000,209082000000,198904000000,268012000000,262573000000,272346000000,312264000000
Seychelles,Rupees,...,...,...,...,...,...,...,...,...,...,...,...,...,...,...,...,...,...,...,...,...,...,...,...,...,...,...,...,...,...,...,...,...,...,...,...,51700000,60300000,63400000,65400000,73600000,79200000,87600000,105000000,67100000,60100000,55200000,52400000,57292000,55476000,59250000,59000000,64816000,64116000,66100000,87600000,81000000,79298000,101700000,105210000,117742000,86376000,107872000,136000000,166000000,394000000,241000000,292000000,303500000,299200000,304300000,332973000,619087000,334630000,447890000,369020000
Sierra Leone,Leones    ,...,...,...,...,...,...,...,...,...,...,1600,1400,1379,1417,1540,1681,1790,1814,2088,2215,2748,3322,3133,3391,4100,5800,5900,6700,8100,8500,11400,16700,18300,17500,19300,24900,32000,116300,156100,293000,861000,1876000,6846000,13316000,13244000,15546000,18898000,17119000,9315000,15721000,30672000,48769000,59408000,56955000,66841000,62026000,68056000,83000000,86800000,70500000,89400000,99700000,110800000,129274000,137275000,220827000,199300000,271145000,291029000,236040000,221200000,319600000,449000000,582300000,824100000,817890000
Somalia,US dollars,...,...,...,...,...,...,...,...,...,...,...,...,3160000,3700000,4480000,5420000,5170000,6500000,7530000,8340000,9000000,11200000,11400000,13200000,16100000,21400000,23100000,26300000,31700000,81400000,87700000,95500000,134000000,83900000,83900000,89200000,44300000,34900000,28500000,49500000,8560000,...,...,...,...,...,...,...,...,...,...,...,...,...,...,...,...,...,...,...,...,...,...,...,26050000,60258000,46614000,47706000,61813000,76562000,71720000,98156600,111029000,118661000,140974000,201854000
South Africa,Rand,...,23000000,54000000,53000000,45000000,45000000,49000000,57000000,59000000,41000000,44000000,52000000,91000000,147000000,131000000,215000000,204000000,241000000,275000000,289000000,309000000,295000000,365000000,383000000,569000000,809000000,1142000000,1564000000,1883000000,1770000000,1836000000,2152000000,2807000000,3038000000,3522000000,4275000000,4867000000,5988000000,7766000000,10334000000,11179000000,11330000000,10488000000,10488000000,10683000000,12908000000,11620000000,10984000000,11171000000,10323000000,10717000000,13932000000,16044000000,19473000000,19473000000,20201000000,23511000000,23819000000,25180000000,27801000000,31324000000,30442000000,34331000000,37702200000,40448000000,42842400000,45071500000,46599500000,48355100000,47865000000,50229700000,54201300000,48775900000,54596700000,52468200000,51810400000
South Sudan,Pounds    ,...,...,...,...,...,...,...,...,...,...,...,...,...,...,...,...,...,...,...,...,...,...,...,...,...,...,...,...,...,...,...,...,...,...,...,...,...,...,...,...,...,...,...,...,...,...,...,...,...,...,...,...,...,...,...,...,...,1197500000,1185400000,1873600000,1403700000,1501000000,4719800000,2684000000,3109700000,4569300000,4851700000,8343769000,8029000000,34170400000,14416300000,19168900000,36379700000,99206800000,181156000000,347150000000
Sudan,Pounds    ,...,1670,1340,1720,1920,2910,2710,3360,4910,5000,5780,6500,7140,8650,9800,14580,19630,17520,18200,20100,30300,37700,38300,37600,39400,38800,41600,62400,75400,66400,103000,114000,114000,164000,300000,462000,473000,650000,931000,1662000,...,5300000,9500000,17900000,41100000,65500000,80600000,133000000,154000000,522000000,1085000000,1510000000,1004000000,1276000000,1039000000,3200000000,2838000000,3578332245.75261,4893221058.27147,6747036480,7319977061.38541,...,...,...,...,...,13737000000,16951000000,29123000000,24227700000,33088000000,50578000000,136986000000,...,...,...
Eswatini,Lilangeni,...,...,...,...,...,...,...,...,...,...,...,...,...,...,...,...,...,...,...,...,...,...,...,...,...,...,...,3030000,5240000,7830000,8820000,10700000,10900000,12400000,13300000,13500000,15200000,17300000,16900000,20800000,23600000,41200000,45200000,64700000,81800000,94900000,107500000,116000000,119000000,150000000,160600000,172900000,168100000,201700000,254800000,282800000,410000000,391700000,450700000,584000000,663000000,775000000,774000000,734200000,862900000,889600000,954315743.756786,1262620000,1127030000,1317340000,1227960000,1276900000,1205600000,1413500000,1263800000,1525200000
Tanzania,Shillings ,...,...,...,...,...,...,...,...,...,...,...,...,...,...,...,...,...,86000000,123000000,109000000,178000000,244000000,364000000,403000000,691000000,1022000000,1016000000,1274000000,1888000000,4616000000,1554000000,2254000000,3230000000,3579000000,3841000000,5121000000,6969000000,10080000000,10690000000,14100000000,16100000000,17900000000,29500000000,28200000000,19400000000,40100000000,58200000000,59000000000,86200000000,92300000000,99100000000,117100000000,147100000000,125000000000,135134000000,142793000000,172164000000,196941000000,216949000000,247220000000,332335000000,464537000000,502235000000,636700000000,782506000000,895600000000,1163800000000,1206500000000,1300900000000,1429300000000,1426000000000,1705964000000,1799700000000,2270400000000,2298700000000,2518100000000
Togo,CFA Francs,...,...,...,...,...,...,...,...,...,...,...,...,80200000,175000000,278000000,829000000,824000000,710000000,764000000,814000000,893000000,1009000000,1152000000,1292000000,1532000000,1949000000,2382000000,3401000000,5186000000,5130000000,4786000000,5232000000,6121000000,6093000000,6249000000,6857000000,8482000000,10393000000,13047000000,12834000000,13354000000,13817000000,12950000000,13000000000,14200000000,14100000000,15400000000,...,...,...,...,...,...,...,16756700000,16757000000,17532000000,...,...,25529000000,26032000000,28148000000,27849000000,32128000000,35778000000,41076000000,41388000000,48650000000,51915000000,58008000000,99945000000,94335000000,110246000000,209932000000,167787000000,118460000000
Uganda,Shillings ,...,...,...,...,...,...,...,...,...,...,...,16000,4000,100000,290000,494000,1040000,998000,1408000,1441000,1825000,1979000,5548000,3730000,5380000,6060000,6790000,9920000,11870000,11600000,19350000,39810000,68450000,96110000,192300000,348800000,1060000000,2610000000,8612000000,21298000000,41088000000,50692300000,57297600000,61372100000,88332000000,115643000000,130467000000,152798000000,149613000000,234170000000,230516000000,234224000000,243868000000,267325000000,331138000000,378557000000,393068000000,407400000000,461650000000,611410000000,580600000000,2070300000000,993000000000,769400000000,783125000000,910185000000,1074000000000,1103600000000,1400118300000,1644424000000,3154600000000,4165060000000,3445600000000,3377810000000,3889290000000,4501500000000
Zambia,Kwacha    ,...,...,...,...,...,...,...,...,...,...,...,...,...,...,...,...,...,...,...,...,...,...,...,...,...,...,...,...,...,...,...,...,...,...,...,148000,167000,480000,637000,717000,2315000,4220000,5575000,16835000,23149000,42083000,47756000,45702000,57000000,...,134000000,...,...,...,...,470000000,622700000,741700000,929700000,1041500000,1115000000,1344100000,1502500000,1782500000,2057700000,2729418000,3215100000,3088700000,3204640000,3955630000,3772700000,3878600000,4344800000,5517400000,7462500000,9131900000
Zimbabwe,US dollars,...,...,...,...,...,...,...,...,...,...,...,...,...,...,10200000,15100000,16100000,17800000,20200000,41000000,43700000,48200000,51500000,65400000,108400000,128700000,168500000,231100000,339600000,355900000,526400000,359100000,420300000,454600000,408900000,312400000,306200000,378200000,407000000,407100000,410100000,422500000,329600000,263100000,236500000,259300000,266500000,316800000,459000000,...,263400000,346300000,286700000,677000000,194800000,256100000,131400000,161700000,...,...,...,98293000,198438000,318272000,356700000,368100000,376677000,358065000,340522000,420364000,1367347500,11866800000,43129020000,112458460000,326238490000,3637600000000
Americas,,,,,,,,,,,,,,,,,,,,,,,,,,,,,,,,,,,,,,,,,,,,,,,,,,,,,,,,,,,,,,,,,,,,,,,,,,,,,
Central America and the Caribbean,,,,,,,,,,,,,,,,,,,,,,,,,,,,,,,,,,,,,,,,,,,,,,,,,,,,,,,,,,,,,,,,,,,,,,,,,,,,,
Belize,Dollars,...,...,...,...,...,...,...,...,...,...,...,...,...,...,...,...,...,...,...,...,...,...,...,...,...,...,...,...,308000,1751000,2425000,3677000,4319000,5432000,5922000,6709000,6465000,...,...,8332000,8837000,9771000,9364000,10991000,12684000,16837000,15862000,15955000,19735000,...,16090600,13612800,15341500,15766000,17550600,19446200,22080500,25394600,28226000,40505300,32545000,30051000,31093000,30220000,37337000,40666000,39025000,44892700,46518300,46737000,49554200,52882800,53581400,56286300,62748800,59451200
Costa Rica,Colones   ,0,0,0,0,0,0,0,0,0,0,0,0,0,0,0,0,0,0,0,0,0,0,0,0,0,0,0,0,0,0,0,0,0,0,0,0,0,0,0,0,0,0,0,0,0,0,0,0,0,0,0,0,0,0,0,0,0,0,0,0,0,0,0,0,0,0,0,0,0,0,0,0,0,0,0,0
Cuba,Pesos,...,...,...,...,...,...,...,...,...,...,...,...,...,...,...,...,...,...,...,...,...,...,...,...,...,...,...,...,...,784000000,841000000,811000000,842000000,1109000000,1133000000,1386000000,1335000000,1307000000,1300000000,1350000000,1377000000,1380000000,1160000000,...,300000000,...,...,...,...,...,...,...,...,...,1259000000,1303000000,1649700000,1707900000,1892400000,2021600000,2098900000,2140100000,2128000000,2880000000,2710000000,2852000000,2687000000,2807058107.08456,2781951261.45075,2919427181.90076,...,...,...,...,...,...
Dominican Republic,Pesos,...,...,...,...,...,...,...,...,...,39600000,...,38300000,36300000,38000000,39000000,42500000,40200000,37200000,35800000,37300000,35600000,35900000,36600000,39500000,42000000,57600000,65900000,76200000,86500000,103000000,120000000,105000000,125000000,126000000,126000000,139000000,190000000,239000000,228100000,289100000,339300000,407500000,430200000,806400000,1216800000,1328600000,1148300000,1473900000,2149300000,2428200000,2805800000,4051400000,5185500000,5055600000,4803500000,6436000000,8305000000,8620700000,9153300000,11629200000,11587400000,13238500000,13326000000,15584300000,16028400000,19058890000,20634000000,22110500000,25328100000,29396400000,31460400000,33257000000,34903800000,42513800000,53149000000,58313400000
El Salvador,US dollars,...,...,...,...,4432234.84686075,...,...,4986264.20271834,5502084.63748231,5444771.25584187,4470443.76795438,4384473.69549372,4441787.07713416,6218501.90798782,6103875.14470694,5724173.99133902,6483576.29807486,6591038.88865068,6777307.37898212,6619695.5794709,7508052.99489773,7135516.01423487,8516583.62989323,11140612.0996441,12475644.1281139,13350320.2846975,15652099.6441281,20531871.886121,28588099.6441281,34987046.2633452,54644241.9928825,62055971.5302491,78352569.3950178,94372953.7366548,124526263.345196,235932384.341637,250433594.30605,163311245.551601,176891743.772242,178963345.195729,213029679.715302,163886690.391459,145127188.6121,134193736.654804,116470035.587189,109334519.572954,111636298.932384,110830676.156584,112211743.772242,110830676.156584,114743701.067616,110370320.284698,150651459.074733,161700000,126600000,128000000,132900000,142100000,165600000,173000000,189900000,201000000,220700000,224300000,237500000,233900000,247700000,247600000,260900000,294610000,317200000,343900000,351578000,458494000,454766666.666667,425200000
Guatemala,Quetzales ,...,...,...,...,...,...,10654777.0700637,11434394.9044586,12214012.7388535,12084076.433121,13123566.8789809,12084076.433121,12084076.433121,11954140.1273885,14812738.8535032,12993630.5732484,18580891.7197452,19100636.9426752,21179617.8343949,20400000,17600000,32300000,22200000,24000000,23400000,28400000,44900000,55500000,75200000,71700000,90200000,103760000,162640000,176590000,184250000,207480000,224420000,264100000,310070000,384000000,427000000,593000000,600000000,795000000,814000000,880000000,920059538.576036,855222029.273133,801300000,894000000,914000000,1225400000,1546300000,1238700000,1419600000,913000000,797500000,992500000,1043000000,1258700000,1203100000,1368200000,1537100000,1757600000,1962300000,1899600000,1932500000,2211300000,2021000000,2053800000,2554500000,2646500000,2612800000,3420800000,3427500000,3223200000
Haiti,Gourdes   ,...,...,...,...,...,...,...,...,...,...,...,...,...,...,...,...,...,...,...,...,...,...,...,...,...,...,...,...,...,...,...,...,...,...,...,...,...,...,9550000,9966000,11555000,13951000,16455000,17302000,22436000,24606000,41738000,0,0,0,0,0,0,0,0,0,0,0,0,0,0,0,0,180000000,239000000,244000000,420000000,403000000,514000000,1093000000,997000000,2988000000,1499200000,1464220000,2256550000,3659795234.5215
Honduras,Lempiras  ,...,4020000,4810000,4480000,5450000,4980000,6400000,6470000,8190000,10900000,9960000,7840000,7660000,7660000,7640000,11700000,12500000,13000000,13600000,14100000,14400000,19800000,22800000,30900000,31900000,33800000,42800000,47400000,63600000,86200000,99100000,114000000,121000000,134000000,140000000,162000000,188000000,211000000,245000000,264000000,276000000,276000000,252000000,...,262700000,...,...,...,...,...,...,778500000,974100000,1045200000,1425700000,1102600000,1178700000,1428400000,1812500000,2503400000,2962800000,3215700000,3790200000,4089722000,5194494000,4945400000,6223440000,7595320000,8639200000,8570000000,9624150000,8420050000,10127020000,11277609000,12896790000,14447100000
Jamaica,Dollars,...,...,...,...,...,...,...,...,...,...,...,...,...,...,...,...,...,...,...,...,...,...,...,...,...,...,20000000,26600000,28200000,...,...,68700000,83800000,99400000,96100000,100200000,105300000,136700000,139700000,179800000,253600000,285300000,420100000,1304700000,1046800000,1160600000,1267100000,1646000000,2040800000,1641400000,1802300000,1896200000,2212000000,2935700000,3243900000,3368400000,3804000000,5100000000,6004500000,10677400000,9895500000,10138000000,11925400000,12311900000,13061479000,13589500000,14774500000,17494300000,18764300000,29772100000,37392600000,32289200000,32462000000,34299300000,35916300000,42766400000
Mexico,Pesos,301000,355000,405000,428000,478000,632000,694000,743000,848000,884000,888000,1050000,1080000,1240000,1400000,1500000,1490000,1630000,1670000,1860000,2250000,2210000,2390000,3030000,3760000,5090000,6310000,8200000,9880000,11800000,15500000,18600000,31500000,48400000,93500000,194000000,319000000,500000000,1121000000,2232000000,2839000000,3405700000,4404300000,5646800000,6614400000,8894400000,10031100000,14308800000,17294400000,20676900000,25362900000,28664100000,30170800000,30631300000,31940800000,32214600000,34039100000,33080500000,46150200000,48243400000,61003100000,60514200000,68309000000,75290500000,82675000000,89839600000,86671600000,99651800000,95744900000,112327600000,127954900000,172868400000,175995200000,202426800000,210365200000,306341136870
Nicaragua,Córdobas  ,...,...,...,...,...,...,...,...,...,...,...,...,...,...,...,...,...,...,...,0.0142,0.0144,0.0172,0.0174,0.0226,0.0215,0.0309,0.0382,0.052,0.0726,0.0918,0.09,0.139,0.212,...,...,...,...,...,...,...,...,161000000,289000000,236000000,226000000,238000000,265000000,266000000,286000000,278000000,318000000,391000000,377000000,496400000,533300000,520000000,571000000,655100000,728200000,826400000,848600000,945500000,1153800000,1651400000,1842640000,2112845000,2696600000,2433200000,2595500000,2577600000,2527200000,2730600000,2709500000,3019700000,3603700000,3872400000
Panama,Balboas   ,...,...,...,...,...,...,...,...,...,...,...,...,...,...,...,...,...,...,...,...,...,...,...,...,...,...,...,...,...,...,...,...,...,...,...,...,...,...,103800000,102900000,101900000,73100000,78600000,78800000,95200000,101000000,96600000,101200000,118000000,104000000,111600000,0,0,0,0,0,0,0,0,0,0,0,0,0,0,0,0,0,0,0,0,0,0,0,0,0
Trinidad and Tobago,Dollars,...,...,...,...,...,...,...,...,...,...,...,...,...,...,...,...,...,...,10100000,10400000,10900000,16900000,17400000,17900000,16400000,21300000,29000000,35900000,39800000,56400000,92100000,78200000,103000000,...,...,...,...,...,...,...,...,...,...,115700000,137600000,160800000,...,...,...,...,...,76800000,117300000,135300000,443600000,581300000,719300000,759900000,878000000,865400000,908400000,923200000,975500000,1413800000,1200716000,1240200000,1435100000,1456400000,1097900000,1201200000,1068400000,1401100000,1411600000,1662500000,1615400000,1521400000
North America,,,,,,,,,,,,,,,,,,,,,,,,,,,,,,,,,,,,,,,,,,,,,,,,,,,,,,,,,,,,,,,,,,,,,,,,,,,,,
Canada,Dollars,372000000,495000000,1220000000,1875000000,1970000000,1771000000,1819000000,1888000000,1829000000,1740000000,1642000000,1654000000,1715000000,1810000000,1712000000,1813000000,1659000000,1766000000,1965000000,1927000000,1899000000,1999000000,2131000000,2238000000,2405000000,2862000000,3360000000,3589000000,4124000000,4662000000,4825000000,5788000000,6289000000,7802000000,8815000000,9753000000,10332000000,10970000000,11715000000,12336000000,12854000000,13473000000,12830000000,13111000000,13293000000,13008000000,12457000000,11511000000,10831000000,11716000000,12360000000,12314000000,13191000000,13379000000,14143000000,14951000000,16001000000,17066000000,19255000000,21100000000,21828000000,19255000000,21808000000,19978000000,18764000000,20076000000,23900000000,23474000000,30761000000,29025000000,29949000000,31289000000,31976000000,33707000000,37785000000,41012000000
United States of America,US dollars,14088155590.6981,14926997114.4278,34491619319.6245,49660670207.0687,51516763578.6048,44640141087.4332,42120486510.5587,43311975341.5279,46072640356.1904,47050245465.3131,47819183528.7319,47346552670.2126,49879770605.0578,54650942605.0773,54561215775.4246,53432327058.1665,54561791263.2266,66442751527.3179,78398442240.5239,84329031218.2481,84990165430.7737,83407993004.8882,78237979893.08,80708070966.4935,81469794407.5887,89278920339.82,92080928753.6472,94715251079.7143,104665218971.628,113382063749.093,126879927116.756,143688354872.676,176558875270.821,221673542584.02,223427165005.73,245149168288.537,272163229313.057,295546223803.599,304086648682.908,309661269300.954,321866558808.32,325129313986.031,299372779114.591,325033735954.804,316719443747.423,308084000000,295853097724.661,287960668678.94,293167825790.971,290996055088.378,298094891322.404,320086324211.196,331805610572.137,378463138753.841,440532069586.192,492999376159.397,533203000000,558335000000,589586000000,656756000000,705917000000,738005000000,752288000000,725205000000,679229000000,647789000000,633829639000,639856443000,646752927000,682491400000,734344100000,778397200000,806230200000,860692200000,916014700000,997309000000
South America,,,,,,,,,,,,,,,,,,,,,,,,,,,,,,,,,,,,,,,,,,,,,,,,,,,,,,,,,,,,,,,,,,,,,,,,,,,,,
Argentina,Pesos,0.000205,0.000204,0.000189,0.000267,0.000362,0.000358,0.000406,0.000431,0.000954,0.000676,0.000813,0.00155,0.00214,0.00266,0.00336,0.00345,0.00428,0.00584,0.0084,0.0118,0.0155,0.0169,0.0235,0.0383,0.0647,0.0813,0.292,2.87,8.39,24.7,66.6,119,259,591,2999,17100,122000,231000,533000,2360000,61000000,1000000000,2726000000,3224000000,3365000000,3751000000,3801000000,3378000000,3339000000,3397000000,3460000000,3265000000,3182000000,3413000000,3988000000,4285000000,4935000000,5643000000,7109000000,8769000000,11063000000,13541000000,16654000000,20703000000,28050000000,40209000000,50621000000,66586000000,90372600000,107976300000,150843600000,199750400000,292006900000,565830000000,1446436338209.05,3823277032707.63
Bolivia,Bolivianos,...,...,...,...,1.72507966265995,...,4.75643352074447,9.81201380379992,24.2308877471888,...,...,...,58.6327654129508,61.7239486234975,76.0829932144242,...,...,...,...,137.607510663048,145.584757658007,199.431174873982,188.462460255913,275.215021326095,422.794090732842,795.730387747189,1166.6723730128,1336.18887165568,1465.81913532377,1954.42551376503,2443.03189220628,3898.87946878635,5853.30498255138,7927.38920124079,20840.5577743311,453705.922838309,57735325.1260178,178490901.512214,212394201.240791,218377136.48701,273719287.51454,434859676.812718,514333000,551697000,468720000,621900000,675700000,745780000,946820000,1260040000,1027310000,1071270000,1248175881.24,1128167494.89,1328149667.57,1320461536.39,1322502052.48,1345231000.87,1533853025.53,2647967954.76,2144051607.84,3839844591.95,2799543414.01,3454124016.31,3900778663.36,4325035713.38,4012065820.44,3589454945.62,3982184891.67,4167191948.24,4101098343.24,3523442200.35,3701714650.87,2959629038.42,4067950000,4529098000
Brazil,Reais     ,...,...,...,...,6.4e-06,...,...,...,2e-05,2.3e-05,2.5e-05,3.1e-05,4e-05,6.5e-05,0.00011,0.000192,0.00052,0.00069,0.00086,0.00111,0.00144,0.00204,0.00246,0.00307,0.00401,0.00526,0.00753,0.0119,0.0153,0.02104,0.03299,0.05154,0.10147,0.23549,0.52008,1.61,7.21,16.3,73.4,667,10745,273000,1178000,9753000,271760000,7040000000,13140000000,14145000000,15021000000,16662000000,17898000000,20753000000,25682000000,28224000000,25829000000,28608000000,33080000000,35686000000,39887000000,44841000000,51283000000,59819000000,61788000000,66379000000,70881000000,76874200000,81873500000,84509000000,93120100000,102938300000,102176700000,100953500000,103552900000,106078600000,108819000000,112971700000
Chile,Pesos,...,4200,6000,6800,9700,9400,23000,46000,61000,81000,86000,133000,169000,172000,248000,346000,531000,719000,926000,1195000,1551000,4380000,7955000,15536000,72066000,654000000,2390000000,7830000000,19900000000,32800000000,48900000000,69700000000,89400000000,110000000000,118000000000,144000000000,183000000000,215000000000,256000000000,245000000000,264000000000,314500000000,362500000000,423800000000,521800000000,616000000000,725300000000,785000000000,889200000000,972300000000,1039500000000,1135000000000,1202000000000,1226000000000,1429800000000,1638000000000,1735500000000,2044400000000,2101600000000,2425200000000,2188600000000,2497200000000,2750500000000,2659100000000,2738800000000,2910360000000,3029100000000,3247300000000,3479771751396.2,3556855509043.2,3646113512000,4157040168739.9,3946601982406.57,4065790835739.9,4595229903890.14,4819164274409.96
Colombia,Pesos,...,...,...,...,...,...,...,...,...,487000000,433000000,504000000,652000000,1060000000,1530000000,1710000000,1940000000,2330000000,2590000000,2300000000,2280000000,3000000000,5260000000,3730000000,4110000000,5080000000,7050000000,7950000000,10300000000,14100000000,19900000000,28900000000,34800000000,42800000000,67800000000,89700000000,102000000000,132000000000,175000000000,258000000000,331000000000,447000000000,577000000000,837000000000,1320000000000,1694000000000,2391000000000,4477000000000,3410000000000,4834000000000,5703000000000,6322000000000,7507000000000,8383000000000,9434000000000,10664000000000,11405000000000,12577000000000,14082000000000,17810000000000,19496000000000,19787000000000,19048000000000,21035000000000,23367000000000,23713000000000,25025600000000,26527877000000,29529600000000,29962000000000,33346100000000,35290000000000,38113700000000,41124500000000,46630500000000,56537000000000
Ecuador,US dollars,...,...,...,...,12100000,...,...,...,19300000,18800000,16500000,22400000,18700000,18300000,17100000,20600000,23800000,22900000,25300000,29300000,39700000,30700000,29700000,37300000,49200000,74800000,102000000,117000000,205000000,164000000,186000000,209000000,234000000,229000000,200000000,193000000,284000000,207000000,207000000,198000000,189000000,202000000,209000000,211000000,276000000,291000000,475000000,419000000,499000000,549000000,296000000,266000000,384000000,505000000,739000000,710000000,954000000,950000000,1310000000,1646000000,1949000000,2094000000,2453700000,2589776000,2735825000,2786519000,2597510000,2513200000,2462700000,2549400000,2346000000,2356300000,2408810000,2586480000,2692000000,2698000000
Guyana,Dollars,...,...,...,...,...,...,...,...,...,...,...,...,...,...,...,...,...,...,...,...,...,...,...,...,10600000,24800000,76400000,86700000,61900000,44200000,43800000,55800000,63000000,74130000,66300000,79470000,165700000,118900000,103600000,110200000,163600000,141898000,227130000,453176000,562241000,758597000,808139000,780252000,...,...,...,2296000000,2692000000,3175000000,3169000000,4389000000,3699000000,3839000000,5053000000,6215000000,6333800000,6328000000,6613600000,6854700000,7222369000,8109523000,9587900000,10683500000,12289000000,12836800000,14019300000,16000000000,16010600000,18455490000,23059800000,42234337000
Paraguay,Guaranies ,...,...,...,...,...,...,...,...,...,...,...,873074402.515723,905620125.786163,1042878176.10063,1160325786.16352,1236737484.27673,1471632704.40252,1712188050.31447,1881991823.89937,2094246540.8805,2249900000,2433900000,2614500000,3635300000,3895400000,3960700000,5479600000,5891500000,6991300000,8759800000,8004800000,11255100000,16624700000,26211300000,27873888200,34772500000,48564800000,64928553120,64307557000,98139700000,103659920000,138026810000,261873453700,254378512442.157,275486066408.367,306857354625.822,406200680006.255,415500764167.446,365841511258.072,379699144260.271,363537760627.977,384363697713.189,374866867533.812,399525081345.483,408021911524.86,504654766771.542,478600000000,600500000000,666300000000,733700000000,836600000000,968900000000,1195000000000,1420000000000,1603900000000,1777607000000,2011900000000,1946100000000,1956024000000,2216200000000,2304900000000,2465300000000,2485000000000,2551939000000,2897906000000,3128634000000
Peru,New soles ,0.354,0.429,0.546,0.557,0.629,0.675,0.79,0.943,0.985,1.07,1.18,1.34,1.69,1.78,2.61,3.23,3.56,3.89,7.38,4.38,4.99,8.44,9.57,10.7,14.1,17.6,28.7,43.4,86.9,104,117,274,420,885,1510,2310,7320,12100,24500,94900,2300000,146000000,539000000,1127000000,1902000000,2439000000,3185000000,3426000000,3140400000,3345500000,3357000000,3182900000,3171000000,2952500000,3100200000,3147100000,3965025446.55264,4226969628.60311,4168599321.4275,4397329720.59207,5566965749.5176,6155783141.90431,6486367731.20454,7538188389.05307,8931000411.11387,9134836467.6191,10547546053.6434,8561577692.41751,8704709755.47641,8704369425.6333,9188700000,9269000000,10228724330.4095,10730746227.4103,12381586517.114,9627324843.86031
Uruguay,Pesos,...,...,...,...,...,...,...,...,...,...,...,...,...,...,...,...,...,...,...,...,...,...,...,27300,96400,206000,350000,440000,746000,1120000,2190000,4330000,7660000,8300000,9440000,12400000,20600000,36700000,50500000,93200000,185000000,384000000,542000000,1110000000,1651000000,2272000000,3326000000,4589000000,5431000000,6003000000,6512000000,6727000000,6966000000,7318000000,7603000000,8017000000,8502000000,9456000000,9765000000,11893000000,13023000000,15158000000,15931000000,18780000000,21405000000,24048000000,26505000000,29773000000,33406800000,39075420000,40700400000,45811739043,54283876774,53485049893,58642890395,69787539017
Venezuela,Bolívar,...,...,...,...,...,...,461000,562000,767000,844000,756000,785000,384000,683000,822000,872000,1000000,1050000,1190000,1200000,1160000,1200000,1550000,1740000,1810000,2590000,3060000,2550000,3220000,3560000,3980000,4310000,4340000,6550000,8630000,9300000,6150000,8120000,11100000,15900000,41500000,34600000,55900000,67900000,117000000,138000000,212000000,306000000,753000000,794500000,852900000,1216000000,1383200000,1243800000,1587500000,2740000000,5570000000,7793800000,9342800000,12153000000,8706900000,10305504535,15345106238,21939113666,37495528541,35217484114.9487,56721006697.4353,107844325932.256,4440000000000,3489538000000000,5391344960000000000,81449000000000000000,431282000000000000000,3083842125999999811584,10941523999999999868928,24357999999999998427136
Asia & Oceania,,,,,,,,,,,,,,,,,,,,,,,,,,,,,,,,,,,,,,,,,,,,,,,,,,,,,,,,,,,,,,,,,,,,,,,,,,,,,
Oceania,,,,,,,,,,,,,,,,,,,,,,,,,,,,,,,,,,,,,,,,,,,,,,,,,,,,,,,,,,,,,,,,,,,,,,,,,,,,,
Australia,Dollars,114000000,191000000,334000000,452000000,373000000,372000000,400000000,395000000,387000000,398000000,406000000,415000000,426000000,448000000,540000000,631000000,775000000,987000000,1152000000,1208000000,1140000000,1141000000,1210000000,1280000000,1331000000,1633000000,1833000000,2162000000,2348000000,2573000000,2975000000,3450000000,4075000000,4718000000,5298000000,5927000000,6636000000,7147000000,7298000000,7642000000,8292000000,8885000000,9148000000,9594000000,10211000000,10195000000,10488000000,10476000000,10912000000,11716000000,12371000000,12721000000,14514000000,14739000000,15873000000,16748000000,17921000000,19899000000,21179000000,23249000000,25372000000,25250000000,26320000000,24320000000,27110000000,30097000000,33914000000,37076000000,35167900000,36699000000,38305200000,41031200000,46129730000,47419437000,50231000000,52580500000
Fiji,Dollars,...,...,...,...,...,...,...,...,...,...,...,...,...,...,...,...,...,...,...,300000,300000,360000,460000,650000,740000,1090000,1690000,2470000,3350000,6130000,8000000,8480000,9710000,13930000,15360000,16890000,16160000,16530000,31260000,35290000,43140000,45230000,47930000,45900000,49400000,49290000,48800000,46100000,44700000,44900000,46900000,68200000,74700000,67600000,70700000,81100000,72900000,93600000,121700000,85400000,100300000,96700000,109000000,106000000,107000000,141151000,141543000,148427000,165271000,175703000,161960000,143625000,140360000,161565900,166524500,186027000
New Zealand,Dollars,...,...,...,...,73200000,...,63100000,65100000,63100000,66400000,71100000,72700000,68000000,69700000,72700000,94100000,90400000,112000000,109000000,125000000,134000000,160000000,159000000,177000000,183000000,217000000,252000000,280000000,329000000,390000000,440000000,780000000,755000000,830000000,856000000,962000000,1107000000,1394000000,1627000000,1769000000,1794000000,1752000000,1677000000,1564000000,1644000000,1660000000,1834000000,1769000000,1803000000,1819000000,1848000000,1931000000,1859000000,1885000000,1872853672.41627,1728352243.63263,1937767874.67833,2255188108.34317,2076511534.44874,2291220598.29693,2389831000,2486772000,2418714000,2402585000,2359000000,2450171000,2525088000,2999042000,3027702000,3659466000,4611677000,4049305000,4167650000,4754223000,5129000000,4788150000
Papua New Guinea,Kina      ,...,...,...,...,...,...,...,...,...,...,...,...,...,...,...,...,...,...,...,...,...,...,...,...,...,...,6060000,17430000,17630000,19440000,21460000,26030000,25740000,...,...,...,34300000,36380000,38480000,40140000,45580000,65600000,50100000,56500000,67100000,84200000,72190000,103870000,114400000,103100000,91720000,93500000,85500000,66300000,68800000,78700000,94500000,95700000,116500000,106200000,143400000,126000000,152200000,230500000,235900000,276600000,276400000,247700000,257400000,262200000,304100000,324500000,302070000,468300000,348500000,352600000
South Asia,,,,,,,,,,,,,,,,,,,,,,,,,,,,,,,,,,,,,,,,,,,,,,,,,,,,,,,,,,,,,,,,,,,,,,,,,,,,,
Afghanistan,Afghani,...,...,...,...,...,...,...,...,...,...,...,...,...,...,...,...,...,...,...,...,1350000000,1260000000,...,1481000000,1450000000,1600000000,1912000000,2500000000,2731000000,...,...,...,...,...,...,...,...,...,...,...,...,...,...,...,...,...,...,...,...,...,...,...,...,...,6186000000,5946000000,6100000000,6649000000,11835000000,12137000000,12783000000,14063000000,15464000000,11486000000,12136000000,16000000000,11439000000,12850000000,13055000000,14561000000,18200000000,22155000000,23217000000,...,...,...
Bangladesh,Takas,...,...,...,...,...,...,...,...,...,...,...,...,...,...,...,...,...,...,...,...,...,...,...,252170925.904784,510938337.709784,678512225.139856,1291522502.56879,1951171092.59048,2000934056.39913,2049539741.97968,2188413129.35267,2981148715.6068,3282041054.91494,4887185957.30106,6524734650.07421,5865086060.05252,6729572896.44937,8400682657.83765,9445704897.81939,11624859801.3472,12822642767.4392,12967302545.9527,14971708437.0362,18348646306.656,18927285420.7101,25097892932.9832,24854864505.0805,28554683000.3425,31306690626.7839,34510036762.1875,37882345518.8949,39370605320.242,39370605320.242,39567342619.0204,44103873273.2047,47621999086.6537,51915501312.9353,62469878753.2823,68869627354.7209,72445617079.5753,101366000000,124942000000,142235000000,156306000000,163603000000,202242000000,236643000000,272307000000,251862000000,357254000000,377121000000,412129000000,413038000000,374143000000,442214000000,489560000000
India,Rupees,...,...,...,...,...,...,2242000000,2544000000,3310000000,3262000000,3125000000,3287000000,3656000000,5546000000,9551000000,9430000000,10355000000,10633000000,11333000000,12091000000,12884000000,14035000000,17850000000,19337000000,19670000000,24720000000,28878000000,29739000000,30600000000,33231000000,38650000000,43948000000,53222000000,61709000000,71408000000,81592000000,97595000000,127867000000,145361000000,162092000000,175069000000,187557000000,198942000000,213022000000,264563000000,283300000000,327312000000,358835000000,435492000000,510619000000,627499000000,646972000000,702945000000,721666000000,773966000000,964866000000,1035030000000,1101910000000,1190420000000,1517560000000,1993290000000,2145600000000,2373380000000,2573060000000,2845970000000,3194360100000,3322820000000,3966730000000,4290330000000,4608967000000,5170224000000,5470715000000,5691771300000,6475380000000,6901267800000,7308354000000
Nepal,Rupees,...,...,...,...,...,...,...,...,...,...,...,...,...,...,...,...,...,...,...,...,48900000,56100000,63200000,68500000,81300000,97100000,134600000,162300000,167900000,192200000,223000000,259000000,282800000,392400000,453600000,508000000,606200000,712300000,768300000,898700000,1076900000,1151000000,1489000000,1724000000,1877000000,2001000000,2126000000,2358000000,2583000000,2995000000,3485690000,3816800000,5881900000,7420340000,8254760000,10996200000,11745200000,11136100000,11388600000,14712000000,17811000000,19491000000,22629000000,21109000000,31160400000,32857700000,33459400000,43188600000,48201200000,45108200000,50270000000,52655000000,53183000000,61026000000,54301000000,59871000000
Pakistan,Rupees,...,685000000,873000000,977000000,782000000,695000000,835000000,797000000,708000000,1011000000,976000000,1013000000,988000000,920000000,1172000000,1284000000,2903000000,2332000000,2223000000,2468000000,2796000000,3254000000,3788000000,4515000000,5032000000,7030000000,8239000000,8258000000,9831000000,10600000000,12800000000,15500000000,18900000000,25000000000,27100000000,32300000000,36000000000,40000000000,47000000000,51000000000,55000000000,67000000000,79000000000,91000000000,95000000000,108000000000,124000000000,132000000000,141000000000,149000000000,156000000000,163000000000,189000000000,202000000000,228000000000,253000000000,293000000000,306000000000,343000000000,393000000000,469000000000,549000000000,652000000000,744974000000,811104000000,943288000000,1010647000000,1086228000000,1306085000000,1505362000000,1565642000000,1749521000000,2035325000000,2199892000000,2636900000000,3025800000000
Sri Lanka,Rupees,...,10800000,14900000,16600000,34900000,29500000,33800000,44400000,71300000,80500000,78300000,82300000,78500000,66400000,65900000,67800000,72300000,74200000,82900000,91900000,102000000,195000000,226000000,...,161000000,189000000,213570000,199110000,249160000,342600000,437150000,509450000,532810000,540590000,1081200000,1418200000,5132300000,4839800000,6675100000,5263600000,4530500000,7492700000,11476000000,14322000000,17144000000,21596000000,39139000000,42399000000,41225000000,47270000000,44572000000,63308000000,60335000000,54686000000,52285000000,62670000000,64742000000,82247000000,116687000000,163732000000,174973000000,173217000000,193856000000,188202000000,206619000000,249978000000,279575377000,253614300000,284427000000,266309000000,278792000000,275601000000,302898000000,324383000000,380981000000,402495000000
East Asia,,,,,,,,,,,,,,,,,,,,,,,,,,,,,,,,,,,,,,,,,,,,,,,,,,,,,,,,,,,,,,,,,,,,,,,,,,,,,
China,Yuan      ,...,...,...,...,...,...,...,...,...,...,...,...,...,...,...,...,...,...,...,...,...,...,...,...,...,...,...,...,...,...,...,...,...,...,...,...,...,...,...,...,42362505000,47479813000,52181867000,67522117000,71219127000,85042142400,103433418000,118688251989.404,130146748385.872,141005427002.041,169488187633.252,184090164741.829,219851088539.276,250660511207.45,274334217744.946,313728560097.681,350634573000.663,410260384277.698,472705978263.256,547837144514.24,659926558289.466,714416818764.433,809532888744.33,916093363882.427,1016541251004.89,1118775896577.07,1223943320381.41,1320288106530.17,1423815484450.44,1538488817315.02,1660217293104.91,1780532612711.27,1844823702497.65,1964343311987.28,2098678518474.49,2254801911598.82
Japan,Yen       ,...,...,128000000000,129000000000,147000000000,179000000000,175000000000,161000000000,163000000000,166000000000,167000000000,175000000000,178000000000,199000000000,236000000000,266000000000,305600000000,345700000000,383500000000,432900000000,496700000000,590600000000,689900000000,807900000000,953200000000,1225300000000,1386100000000,1518300000000,1698300000000,1863000000000,2059400000000,2249600000000,2440900000000,2571800000000,2762200000000,2950900000000,3178900000000,3312300000000,3455300000000,3669500000000,3921300000000,4253000000000,4470900000000,4588800000000,4601700000000,4637500000000,4720000000000,4815200000000,4950200000000,4956100000000,4897300000000,4906700000000,4968800000000,4919700000000,4927500000000,4898100000000,4877600000000,4817500000000,4757600000000,4803300000000,4819700000000,4790300000000,4868900000000,4761500000000,4792200000000,5028170000000,5119533000000,5040103000000,5054400000000,5458600000000,5561490000000,5462090000000,6025493000000,5556000000000,7157500000000,8776400000000
"Korea, North",Won       ,...,...,...,...,...,...,...,...,...,...,...,...,...,...,...,...,...,...,...,...,...,...,...,...,...,...,...,...,...,...,...,...,...,...,...,...,...,4045000000,3971000000,3863000000,4006000000,4262000000,4466000000,4481000000,4628000000,4724000000,...,3000000000,...,2922000000,2923000000,2997000000,3222000000,3297000000,50781000000,54414000000,64506000000,67085000000,68541000000,71330000000,76250000000,82600000000,89800000000,99100000000,105300000000,111300000000,117400000000,123200000000,129800000000,216600000000,...,...,...,...,...,...
"Korea, South",Won       ,...,271000000,...,389000000,1120000000,3840000000,7060000000,12500000000,13300000000,15100000000,16500000000,17400000000,19600000000,24200000000,24100000000,29400000000,35200000000,48000000000,59000000000,77100000000,100000000000,120000000000,160000000000,209000000000,217000000000,345000000000,499000000000,827000000000,1083000000000,1544000000000,1715000000000,2418000000000,3040000000000,3397000000000,3657000000000,3836000000000,4249000000000,4694000000000,4969000000000,5656000000000,6358000000000,7156000000000,8035000000000,9067000000000,9935000000000,10862000000000,12406000000000,13200000000000,14125200000000,14656200000000,14379000000000,15608500000000,16707800000000,17642500000000,18883500000000,20420900000000,22694000000000,24039000000000,25764700000000,28733100000000,31381400000000,32572200000000,34347800000000,35992700000000,37565640000000,39541100000000,41367300000000,42815830000000,44451230000000,47394900000000,51409100000000,54404800000000,58193000000000,59870500000000,62413100000000,64884900000000
Mongolia,Tugriks   ,...,...,...,...,...,...,...,...,...,...,...,...,...,...,...,...,...,...,...,...,...,...,...,...,...,...,...,...,...,...,...,...,...,...,...,...,...,...,793000000,900000000,850000000,592000000,888000000,1184000000,4147000000,6766000000,9547000000,11850000000,14767000000,16750000000,18416000000,26126000000,25384000000,28071000000,27899000000,32891000000,35914000000,46232000000,66200000000,77817000000,54109800000,74442500000,110300000000,154252000000,157672000000,191091600000,200445600000,206745500000,213484700000,217962300000,250320900000,268935300000,276935700000,282037000000,386315400000,613066500000
Taiwan,Dollars,...,...,...,...,...,...,...,...,...,...,...,...,...,...,...,...,...,...,...,...,...,...,...,...,...,...,40000000000,50000000000,67000000000,75000000000,110000000000,112000000000,128000000000,143000000000,132000000000,145000000000,164000000000,159000000000,171000000000,201000000000,225000000000,243000000000,256000000000,271000000000,344000000000,288500000000,319100000000,327000000000,322200000000,295300000000,403700000000,274800000000,269800000000,260400000000,257200000000,261800000000,257700000000,248700000000,267900000000,282400000000,301500000000,287700000000,294588000000,310853000000,295900000000,297700000000,312800000000,311700000000,319000000000,316800000000,339700000000,354319000000,389000000000,454600000000,509143000000,529001000000
South East Asia,,,,,,,,,,,,,,,,,,,,,,,,,,,,,,,,,,,,,,,,,,,,,,,,,,,,,,,,,,,,,,,,,,,,,,,,,,,,,
Brunei,Dollars,...,...,...,...,...,...,...,...,...,...,...,...,...,...,...,...,...,...,...,...,...,...,30120000,29170000,34950000,53170000,97890000,167200000,174870000,202910000,372860000,304880000,328040000,361660000,247480000,207690000,223870000,239870000,220000000,359000000,363000000,419000000,424000000,410000000,378000000,400000000,405000000,463000000,548000000,492000000,438000000,421000000,390000000,405000000,530000000,308000000,449000000,472000000,492000000,520000000,505000000,542000000,516000000,513200000,516400000,719500000,537490000,564000000,451790000,492760000,590000000,606000000,610200000,597700000,605240000,796300000
Cambodia,Riel      ,...,...,...,...,...,...,...,...,...,...,...,...,...,...,...,...,...,...,...,...,...,...,...,...,...,...,...,...,...,...,...,...,...,...,...,...,...,1700000000,1600000000,2500000000,4800000000,12400000000,31100000000,78900000000,120000000000,273000000000,301700000000,298000000000,304700000000,312000000000,335744000000,311200000000,277460000000,255000000000,268300000000,278000000000,290400000000,311360000000,320500000000,334999000000,565390000000,702472000000,779879000000,876394000000,980515000000,1122320300000,1322800000000,1551625100000,1857116500000,2198378000000,2416438000000,2536700000000,2565900000000,2529600000000,2745575000000,2934500000000
Indonesia,Rupiah    ,...,...,...,...,...,...,...,...,...,...,...,...,...,...,...,...,...,...,...,...,...,...,...,...,199000000000,320000000000,482000000000,545000000000,631000000000,749000000000,1040000000000,1421000000000,1762000000000,1830000000000,1872000000000,2115000000000,2143000000000,2252000000000,2203000000000,2315000000000,2555000000000,3114000000000,3375000000000,3984000000000,4052000000000,5102000000000,5731000000000,7068000000000,10179000000000,9594000000000,8691000000000,7340000000000,9430000000000,12755000000000,18310000000000,21712000000000,20829000000000,23923000000000,30611000000000,31349000000000,34333000000000,42392000000000,51202000000000,61305000000000,87707000000000,82217000000000,101693000000000,98249000000000,117578000000000,106680000000000,115351000000000,136871000000000,125887000000000,150439000000000,171549000000000,175113000000000
Laos,Kip       ,...,...,...,...,...,...,...,...,...,...,...,...,...,...,...,...,...,8533800000,8527700000,8494000000,8850300000,9411700000,9337800000,11321900000,14142500000,...,...,...,...,...,...,...,...,...,...,...,...,...,...,...,...,...,72500000000,75500000000,81900000000,87600000000,71000000000,76000000000,110000000000,110000000000,107000000000,111800000000,115000000000,115000000000,120600000000,125000000000,135000000000,140000000000,150000000000,119000000000,119000000000,150300000000,159700000000,172000000000,197000000000,...,...,...,...,...,...,...,...,...,...,...
Malaysia,Ringgit   ,...,...,117000000,193000000,252000000,221000000,192000000,177000000,192000000,199000000,170000000,157000000,130000000,134000000,186000000,259000000,363000000,455000000,439000000,454000000,440000000,611000000,696000000,708000000,725000000,956000000,1055000000,1118000000,1570000000,1406000000,1704000000,2255000000,3333000000,3359000000,3116000000,2985000000,2674000000,2308000000,3363000000,2241000000,2761000000,3043000000,4323000000,4500000000,4951000000,5565000000,6121000000,6091000000,5877000000,4547000000,6320500000,5826000000,7351000000,8504000000,10950000000,10728000000,11817000000,11981000000,13649000000,14717000000,13974000000,12415000000,14359000000,13922000000,15489000000,16100000000,17700000000,17300000000,15100000000,13900000000,13515000000,14180000000,15220200000,16158500000,17865800000,19731500000
Myanmar,Kyats     ,...,136400000,201500000,284600000,381800000,332800000,353500000,368500000,407600000,403300000,433100000,405700000,413700000,486600000,451100000,511700000,507600000,485900000,485900000,534500000,575900000,611000000,602000000,753000000,374000000,788000000,919000000,1081000000,1235000000,1251000000,1259000000,1342000000,1529000000,1499000000,1540000000,1576000000,1698000000,1700000000,1240000000,1763000000,4331000000,5436000000,6086000000,9126000000,13884000000,17694000000,23813000000,28952000000,30135000000,39627000000,45040000000,63453000000,64015000000,76082000000,172633000000,173558000000,197792000000,...,...,...,...,...,1297000000000,2104000000000,2245000000000,2366000000000,3167900000000,2990570000000,3019000000000,2869750000000,3480050000000,3328690000000,3395980000000,4140000000000,5600000000000,12300000000000
Philippines,Pesos,...,...,...,...,...,...,...,...,234000000,237000000,245000000,254000000,266000000,352000000,385000000,347000000,381000000,474000000,536000000,664000000,812000000,1019000000,1056000000,1564000000,2506000000,4574000000,...,5318000000,5585000000,4587000000,6450000000,6605000000,7760000000,8238000000,8892000000,8574000000,11338000000,12105000000,13418000000,19651000000,20757000000,23131000000,25094000000,27524000000,31812000000,36778000000,43725000000,49268000000,46459000000,50117000000,52419000000,57586000000,57219000000,61879000000,70534000000,69670000000,75616000000,82476000000,92960000000,100654000000,100880000000,109986000000,117010000000,122408000000,143342000000,137764000000,151777000000,158221933000,193375200000,216305000000,220811700000,232875000000,273072900000,289958500000,286060478000,350460746666.667
Singapore,Dollars,...,...,...,...,...,...,...,...,...,...,...,...,...,...,...,...,...,...,...,...,297000000,324000000,413000000,425000000,510000000,564000000,663000000,788000000,975000000,945000000,996000000,1267000000,1496000000,1608000000,1529000000,2103000000,2378000000,2172000000,2231000000,2492000000,2837000000,3409000000,3523000000,3891000000,4049000000,4347000000,5492000000,5878000000,6865000000,7678000000,7595000000,7423000000,7820000000,8204000000,8238000000,8620000000,9252000000,9268400000,10009300000,10726000000,11043000000,11061000000,11276000000,11524000000,11751000000,12295500000,13103000000,13824000000,14175600000,14306500000,14150000000,13305300000,15293700000,16951600000,19756600000,20249600000
Thailand,Baht      ,...,...,...,...,...,...,...,1599000000,1481000000,1450000000,1407000000,1102000000,1642000000,1781000000,1781000000,1915000000,2098000000,2487000000,3051000000,3713000000,4245000000,5338000000,5839000000,6119000000,7250000000,7907000000,10193000000,12825000000,17725000000,23452000000,27577000000,29744000000,34346000000,35665000000,38645000000,44703000000,42923000000,43296000000,44892000000,48351000000,54363000000,63498000000,74711000000,76784000000,89313000000,95341000000,97574000000,106481000000,90150000000,78663000000,75119000000,76421500000,76445700000,77207400000,79923300000,74106000000,78052800000,85107600000,114696000000,142292000000,168232000000,153544000000,168319000000,167444000000,180491000000,183820000000,192949000000,206500000000,213500000000,220524000000,227127000000,231745000000,214531000000,201666000000,194499000000,195744000000
Timor Leste,US dollars,...,...,...,...,...,...,...,...,...,...,...,...,...,...,...,...,...,...,...,...,...,...,...,...,...,...,...,...,...,...,...,...,...,...,...,...,...,...,...,...,...,...,...,...,...,...,...,...,...,...,...,...,...,...,...,6640000,9820000,24390000,11540000,23651000,36481000,26389000,20530000,33388000,31683000,29624000,36959000,26217000,25442000,20610000,34400000,38456000,39222000,44311000,55111000,46400000
Viet Nam,Dong,...,...,...,...,...,...,...,...,...,...,...,...,...,...,...,...,...,...,...,...,...,...,...,...,...,...,...,...,...,...,...,...,...,...,...,...,...,...,103000000000,792000000000,2047000000000,3319000000000,4292000000000,3730000000000,3168000000000,4730000000000,...,...,...,...,...,...,...,...,13058000000000,14409000000000,16278000000000,20577000000000,28735000000000,34848000000000,40981000000000,49739000000000,55100000000000,70000000000000,78024000000000,90000000000000,99000000000000,110000000000000,113534000000000,126618443446000,...,...,...,...,...,...
Central Asia,,,,,,,,,,,,,,,,,,,,,,,,,,,,,,,,,,,,,,,,,,,,,,,,,,,,,,,,,,,,,,,,,,,,,,,,,,,,,
Kazakhstan,Tenge     ,...,...,...,...,...,...,...,...,...,...,...,...,...,...,...,...,...,...,...,...,...,...,...,...,...,...,...,...,...,...,...,...,...,...,...,...,...,...,...,...,...,...,...,...,300000000,3800000000,10830000000,16272000000,17860000000,19000000000,17200000000,20400000000,32500000000,37700000000,47500000000,58011000000,78663000000,99992000000,166646000000,185358000000,187600000000,221300000000,264500000000,324700000000,388100000000,413300000000,453700000000,438500000000,452375000000,516580000000,709870000000,640920000000,687800000000,536920000000,531404000000,567754299000
Kyrgyz Republic,Som       ,...,...,...,...,...,...,...,...,...,...,...,...,...,...,...,...,...,...,...,...,...,...,...,...,...,...,...,...,...,...,...,...,...,...,...,...,...,...,...,...,...,...,...,12173900,82023000,310860000,558397000,699235000,955021000,911810000,1308877000,1881586000,1732590700,2055021900,2403651000,2687591300,3105367000,3606209300,4338523300,5460924800,6391041700,8475787500,9720300300,9957618800,11355946800,13527000000,14859000000,15928600000,16470700000,17244100000,17728300000,19876300000,22235200000,29646200000,42457300000,41221333333.3333
Tajikistan,Somoni    ,...,...,...,...,...,...,...,...,...,...,...,...,...,...,...,...,...,...,...,...,...,...,...,...,...,...,...,...,...,...,...,...,...,...,...,...,...,...,...,...,...,...,...,2560,243380,347400,713000,3977000,10713000,17562000,18723000,21496000,29577000,70700000,106500000,134000000,...,...,...,180000000,196900000,235400000,328900000,361300000,...,514600000,620500000,661900000,668300000,745100000,788700000,795900000,1013400000,2234800000,3091000000,2657600000
Turkmenistan,Manat     ,...,...,...,...,...,...,...,...,...,...,...,...,...,...,...,...,...,...,...,...,...,...,...,...,...,...,...,...,...,...,...,...,...,...,...,...,...,...,...,...,...,...,...,...,...,305600,3010600,31654200,88032000,87160000,116400000,...,...,...,...,...,...,...,...,...,...,...,...,...,...,...,...,...,...,...,...,...,...,...,...,...
Uzbekistan,Som       ,...,...,...,...,...,...,...,...,...,...,...,...,...,...,...,...,...,...,...,...,...,...,...,...,...,...,...,...,...,...,...,...,...,...,...,...,...,...,...,...,...,...,...,...,...,991000000,3355000000,6900000000,13700000000,...,34860000000,37497000000,41115300000,44537000000,53018000000,...,...,...,...,...,...,...,...,...,...,...,...,...,...,11624000000000,...,...,...,...,...,...
Europe,,,,,,,,,,,,,,,,,,,,,,,,,,,,,,,,,,,,,,,,,,,,,,,,,,,,,,,,,,,,,,,,,,,,,,,,,,,,,
Central Europe,,,,,,,,,,,,,,,,,,,,,,,,,,,,,,,,,,,,,,,,,,,,,,,,,,,,,,,,,,,,,,,,,,,,,,,,,,,,,
Albania,Lek,...,...,...,...,...,...,...,...,...,...,...,...,...,...,...,...,...,...,...,...,...,...,...,...,...,...,653000000,783000000,805000000,825000000,885000000,940000000,940000000,935000000,910000000,1010000000,953000000,978000000,1011000000,955000000,965000000,990000000,950000000,2368000000,4010000000,4698000000,4719000000,4777000000,4442000000,5067000000,5891000000,6519000000,7638000000,8220000000,9279000000,10372800000,10999800000,13831000000,17619000000,21450000000,17356000000,19321000000,19877000000,19820000000,19022000000,18788000000,16671000000,16250000000,17199000000,18995000000,21670000000,21348000000,23072000000,25848000000,40256000000,49842000000
Bosnia and Herzegovina,Marka     ,...,...,...,...,...,...,...,...,...,...,...,...,...,...,...,...,...,...,...,...,...,...,...,...,...,...,...,...,...,...,...,...,...,...,...,...,...,...,...,...,...,...,...,...,...,...,...,...,...,...,...,...,...,500892000,350542000,315190000,272560000,278100000,278726000,311492000,341373000,324758000,298100000,300400000,291100000,280653000,286066000,279278000,271148000,285127000,288900000,287300000,346880000,343060000,357235000,390502000
Bulgaria,Leva      ,...,...,...,...,...,...,...,...,...,...,...,...,...,...,...,...,...,...,...,...,...,...,...,...,...,...,...,...,...,...,...,...,...,...,...,...,...,...,...,...,1740000,1740000,4130000,5970000,7800000,13100000,20900000,38000000,411000000,564000000,656000000,746000000,887000000,947000000,986000000,978000000,1051000000,1116000000,1415000000,1553000000,1273000000,1230000000,1066000000,1099000000,1196000000,1102000000,1116000000,1186000000,1255000000,1593000000,3771000000,1920000000,2109000000,2672000000,3602000000,4217000000
Croatia,Kunas     ,...,...,...,...,...,...,...,...,...,...,...,...,...,...,...,...,...,...,...,...,...,...,...,...,...,...,...,...,...,...,...,...,...,...,...,...,...,...,...,...,...,...,...,27327626.2525715,555285685.845112,1293795208.70662,1430406795.40779,1398261331.20977,1469467117.92422,1205401818.30248,977822018.713916,724852345.875639,696887650.142677,766514035.43699,631296038.224169,585347401.951025,631014931.315947,658152365.78406,696945782.732763,848839869.931648,791834892.826332,741302674.364589,784761563.474683,741768664.144933,724577742.385029,811334527.838609,803902050.56739,755989116.72971,812263587.497511,805362001.459951,880483111.022629,860972858.185679,1150308580.52956,1219000000,1332000000,1506000000
Czechia,Koruny    ,...,...,...,...,...,...,...,...,...,...,...,...,...,...,...,...,...,...,...,...,...,...,...,...,...,...,...,...,...,...,...,...,...,...,...,...,...,...,...,...,...,...,...,...,23776600000,27007700000,28275200000,30508800000,31328300000,37643100000,41688100000,44669700000,44977500000,48924100000,53193900000,52481200000,58445000000,55358400000,54948800000,49827100000,51823900000,47705700000,43785200000,43474000000,42053000000,41990000000,43783000000,47783000000,48892200000,58893400000,66735000000,75500400000,85359900000,93544900000,112127500000,151506000000
Czechoslovakia,Korunas   ,...,...,...,...,...,...,...,7570000000,7736000000,7403000000,7320000000,7902000000,9067000000,9400000000,8984000000,8485000000,8401000000,9067000000,10315000000,10980000000,11895000000,12394000000,13226000000,13975000000,17302000000,17801000000,19248000000,19215000000,20130000000,20808000000,21380000000,22900000000,23099000000,24560000000,25261000000,26276000000,28393000000,28300000000,28496000000,29236000000,43784000000,41900000000,43037000000,48503000000,xxx,xxx,xxx,xxx,xxx,xxx,xxx,xxx,xxx,xxx,xxx,xxx,xxx,xxx,xxx,xxx,xxx,xxx,xxx,xxx,xxx,xxx,xxx,xxx,xxx,xxx,xxx,xxx,xxx,xxx,xxx,xxx
Estonia,Euro,...,...,...,...,...,...,...,...,...,...,...,...,...,...,...,...,...,...,...,...,...,...,...,...,...,...,...,...,...,...,...,...,...,...,...,...,...,...,...,...,...,...,...,4346000,11110000,20870000,26630000,31880000,47050000,53900000,69230000,84930000,104800000,129600000,151800000,165000000,164483018.674984,188277325.425332,271822632.39298,293674025.027802,254240537.880434,250661485.562359,280000000,340000000,361000000,386000000,418000000,450000000,479000000,521000000,569000000,630000000,633000000,778000000,1144000000,1333000000
German Democratic Republic,Marks     ,...,...,...,...,...,...,...,...,...,...,...,1200000000,1200000000,3200000000,3300000000,3400000000,3600000000,3700000000,4200000000,5600000000,6100000000,6700000000,7200000000,7600000000,8300000000,8900000000,9600000000,10200000000,11000000000,11600000000,12100000000,13100000000,14200000000,15000000000,15900000000,16961000000,18069000000,19430000000,20897000000,21647000000,22383000000,xxx,xxx,xxx,xxx,xxx,xxx,xxx,xxx,xxx,xxx,xxx,xxx,xxx,xxx,xxx,xxx,xxx,xxx,xxx,xxx,xxx,xxx,xxx,xxx,xxx,xxx,xxx,xxx,xxx,xxx,xxx,xxx,xxx,xxx,xxx
Hungary,Forint    ,...,...,...,...,...,7400000000,7740000000,5570000000,2610000000,2830000000,3280000000,4220000000,4860000000,6810000000,8240000000,8180000000,6710000000,6900000000,7400000000,9010000000,10400000000,13400000000,13500000000,12800000000,12900000000,14400000000,16100000000,15900000000,17200000000,20400000000,22100000000,24100000000,26000000000,27500000000,29900000000,30800000000,51400000000,35100000000,38700000000,51800000000,48000000000,53560000000,54000000000,64140000000,67650000000,79620000000,76940000000,89340000000,130000000000,132600000000,166700000000,202000000000,242100000000,278300000000,314380000000,310731000000,318552000000,296665000000,326205000000,321486000000,298620000000,280895000000,295967000000,297650000000,286341000000,281401936000,316338000000,362798000000,468765000000,436500000000,636566000000,852321000000,730691000000,1212914000000,1538908000000,1730698000000
Kosovo,Euro,...,...,...,...,...,...,...,...,...,...,...,...,...,...,...,...,...,...,...,...,...,...,...,...,...,...,...,...,...,...,...,...,...,...,...,...,...,...,...,...,...,...,...,...,...,...,...,...,...,...,...,...,...,...,...,...,...,...,...,633000,19599227,29128217,36664707,33770491,36601781,40381716,45070721,46962000,51036000,53667000,58688000,69276000,67318000,102305000,123277000,153049000
Latvia,Euro,...,...,...,...,...,...,...,...,...,...,...,...,...,...,...,...,...,...,...,...,...,...,...,...,...,...,...,...,...,...,...,...,...,...,...,...,...,...,...,...,...,...,...,...,17000000,27000000,32700000,29900000,31400000,35400000,47100000,60400000,77700000,129500000,153800000,176300000,219000000,293300000,352000000,398000000,261700000,196000000,211700000,199000000,213600000,222900000,254900000,367900000,430000000,601000000,618000000,651000000,696000000,814000000,1160519000,1318000000
Lithuania,Euro,...,...,...,...,...,...,...,...,...,...,...,...,...,...,...,...,...,...,...,...,...,...,...,...,...,...,...,...,...,...,...,...,...,...,...,...,...,...,...,...,...,...,...,...,26130995.1343837,24264495.4819277,35279903.2669138,48957367.9332715,87593836.8860056,160072984.244671,123320203.892493,162650602.409639,193321362.372567,193263438.36886,186891797.961075,218112835.959222,244091751.621872,280265291.936979,323071130.676552,369584105.653383,291241890.639481,246321825.764597,247625115.848007,255676552.363299,267319277.108434,321767840.593142,424900000,574600000,723800000,895000000,977000000,1030000000,1105000000,1649000000,2002000000,2429000000
North Macedonia,Denars    ,...,...,...,...,...,...,...,...,...,...,...,...,...,...,...,...,...,...,...,...,...,...,...,...,...,...,...,...,...,...,...,...,...,...,...,...,...,...,...,...,...,...,...,...,...,...,...,5223000000,4163000000,4302000000,3769000000,4602000000,15397000000,6841000000,6292000000,6683000000,6259210000,6149460000,7271600000,7228800000,6999500000,6044100000,5858900000,5718600000,5869300000,5766800000,5552800000,5770200000,5532300000,6232800000,8029000000,8303000000,10604000000,12899000000,15200000000,20128000000
Montenegro,Euro,...,...,...,...,...,...,...,...,...,...,...,...,...,...,...,...,...,...,...,...,...,...,...,...,...,...,...,...,...,...,...,...,...,...,...,...,...,...,...,...,...,...,...,...,...,...,...,...,...,...,...,...,...,...,...,...,48900000,49700000,46900000,58100000,55200000,56700000,57100000,52700000,48832000,50910000,51299000,55805000,58587000,63852000,66063000,72746000,77066000,93187000,105760000,138700000
Poland,Zlotys    ,...,...,380000,610000,910000,990000,1170000,1160000,970000,1080000,1350000,1420000,1610000,1750000,1980000,2080000,2210000,2390000,2510000,2890000,3190000,3410000,3680000,3700000,4040000,4370000,4760000,5170000,5770000,5980000,6430000,6660000,8020000,18000000,20100000,26200000,31500000,38100000,46800000,76800000,215000000,1463700000,1821200000,2564400000,3846500000,5117000000,6594400000,8313200000,10468400000,12132700000,12800100000,13673200000,14863500000,15406900000,16140700000,17478500000,19077700000,20541100000,23774300000,22525000000,24661000000,26505000000,28015000000,29266000000,29317000000,32634218000,38497096000,36123000000,37706000000,43482800000,45199900000,53473900000,59010200000,68361000000,111226000000,151241000000
Romania,New lei   ,...,425300,571900,672800,691300,487000,553900,522000,500100,471300,451500,444500,476800,541200,542900,569500,620400,645600,674300,753500,828000,925200,971000,1009000,1025000,1131000,1271000,1383000,1434000,1532000,1548000,1360000,1373000,1484000,1526000,1556000,3514000,3728000,3308000,3604000,3838000,3901000,10520000,25610000,54910000,155030000,199900000,269700000,770400000,1113200000,1464800000,2031000000,2864400000,3491100000,4151100000,4994000000,5757300000,6324400000,6358200000,7557600000,6785200000,6629800000,7255300000,7293230000,8161767000,9014205000,10337000000,10738000000,14765000000,17181000000,19527000000,21437000000,22029000000,24317000000,25730300000,40081200000
Serbia,Dinar,...,...,...,...,...,...,...,...,...,...,...,...,...,...,...,...,...,...,...,...,...,...,...,...,...,...,...,...,...,...,...,...,...,...,...,...,...,...,...,...,...,...,...,...,...,...,...,3950000000,5406000000,6441000000,8600000000,21292000000,33060000000,43695000000,42070000000,43153900000,41996400000,47342000000,56791700000,61944000000,65843000000,67806000000,72377000000,76103275504,79385432752,81205330568,76188601100,87275741314,86904736820,106670651492,123715601684.78,132308291021,179462384388,162054586560,194702668612,251425453028
Slovakia,Euro,...,...,...,...,...,...,...,...,...,...,...,...,...,...,...,...,...,...,...,...,...,...,...,...,...,...,...,...,...,...,...,...,...,...,...,...,...,...,...,...,...,...,...,...,272600000,319100000,621000000,652800000,557400000,465000000,449200000,523100000,632400000,662100000,762300000,761600000,847700000,898400000,933800000,1001000000,972000000,859000000,766000000,794000000,729000000,752000000,889000000,907000000,935000000,1098000000,1610000000,1796000000,1746000000,1983000000,2260000000,2634000000
Slovenia,Euro,...,...,...,...,...,...,...,...,...,...,...,...,...,...,...,...,...,...,...,...,...,...,...,...,...,...,...,...,...,...,...,...,...,...,...,...,...,...,...,...,...,...,...,95460000,108830000,127900000,165510000,186390000,193770000,208770000,208470000,206630000,275010000,327790000,360320000,395900000,413470000,485330000,506080000,566200000,575060000,582959000,478860000,423000000,381658000,366460000,361376000,406166000,422277000,448605000,511700000,498000000,645000000,737000000,845000000,880000000
Yugoslavia,Dinar,...,...,...,...,...,...,...,...,...,1790000000,1960000000,2080000000,2480000000,2700000000,2860000000,3320000000,4310000000,5070000000,5380000000,6410000000,6980000000,7790000000,8850000000,11600000000,13900000000,20900000000,28500000000,32600000000,38100000000,42600000000,55100000000,76300000000,101000000000,118000000000,155000000000,247000000000,460000000000,968000000000,1971000000000,5680000000000,61130000000000,51800000000000,...,...,xxx,xxx,xxx,xxx,xxx,xxx,xxx,xxx,xxx,xxx,xxx,xxx,xxx,xxx,xxx,xxx,xxx,xxx,xxx,xxx,xxx,xxx,xxx,xxx,xxx,xxx,xxx,xxx,xxx,xxx,xxx,xxx
Eastern Europe,,,,,,,,,,,,,,,,,,,,,,,,,,,,,,,,,,,,,,,,,,,,,,,,,,,,,,,,,,,,,,,,,,,,,,,,,,,,,
Armenia,Drams,...,...,...,...,...,...,...,...,...,...,...,...,...,...,...,...,...,...,...,...,...,...,...,...,...,...,...,...,...,...,...,...,...,...,...,...,...,...,...,...,...,...,...,6500000,89500000,...,21200000000,21700000000,31444700000,33706900000,36509500000,36715900000,36772600000,36755600000,44326300000,52315800000,64414000000,78294200000,95819300000,121162000000,130600000000,147600000000,145600000000,152900000000,182100000000,190411000000,213811000000,207270000000,214218000000,247895000000,313275000000,308016000000,312193000000,347007000000,520520000000,556995000000
Azerbaijan,Manats,...,...,...,...,...,...,...,...,...,...,...,...,...,...,...,...,...,...,...,...,...,...,...,...,...,...,...,...,...,...,...,...,...,...,...,...,...,...,...,...,...,...,...,120000,1550000,13800000,58400000,61600000,73400000,83000000,99100000,107000000,122900000,136000000,173400000,224300000,287901000,640700000,812300000,1321000000,1183900000,1185200000,2432300000,2550300000,2642000000,2688100000,2971800000,2228800000,2642100000,2842700000,3152200000,3804200000,4595400000,5084760000,6054840000,6421050000
Belarus,Roubles,...,...,...,...,...,...,...,...,...,...,...,...,...,...,...,...,...,...,...,...,...,...,...,...,...,...,...,...,...,...,...,...,...,...,...,...,...,...,...,...,...,...,...,1500,27500,644400,2063200,2418500,6489100,10498000,41359000,123031000,247000000,366000000,475000000,679000000,975000000,1355000000,1603000000,1886500000,1886500000,2286600000,3762200000,6731407000,8523087000,8399000000,10232330000,14463400000,14508700000,18812700000,18814300000,21009700000,24149100000,31551700000,42026000000,48813700000
Georgia,Lari      ,...,...,...,...,...,...,...,...,...,...,...,...,...,...,...,...,...,...,...,...,...,...,...,...,...,...,...,...,...,...,...,...,...,...,...,...,...,...,...,...,...,...,...,...,...,...,...,85500000,57100000,57100000,52400000,37200000,49400000,74600000,91506400,134970000,388043000,719600000,1556480000,1625200000,1008400000,809500000,790596840.659341,812391071.428571,734999313.186813,733887362.637362,679700000,745977000,802900000,846100000,875000000,889500000,966975000,1171500000,1331000000,1673900000
Moldova,Lei       ,...,...,...,...,...,...,...,...,...,...,...,...,...,...,...,...,...,...,...,...,...,...,...,...,...,...,...,...,...,...,...,...,...,...,...,...,...,...,...,...,...,...,...,...,9653000,36653000,60000000,70700000,80500000,57000000,63000000,63300000,76700000,94700000,115000000,115628000,150696000,216000000,275800000,382900000,276700000,226800000,269600000,289100000,336200000,386900000,433800000,547300000,571200000,628300000,746900000,769900000,897094800,988319000,1714498500,1968024000
Russia,Roubles,...,...,...,...,...,...,...,...,...,...,...,...,...,...,...,...,...,...,...,...,...,...,...,...,...,...,...,...,...,...,...,...,...,...,...,...,...,...,137300000,138300000,133700000,123400000,...,904000000,7702000000,29680000000,58091000000,81044000000,101682000000,77211000000,159267000000,259582000000,340780000000,437118000000,520958000000,603803000000,773210000000,938573000000,1113660000000,1396330000000,1635650000000,1783210000000,2063740000000,2512500000000,2812900000000,3250500000000,4047613000000,4644799000000,3902412000000,3863469000000,4217092000000,4462125000000,4855157000000,7150000000000,9300000000000,13827500000000
Ukraine,Hryvnias  ,...,...,...,...,...,...,...,...,...,...,...,...,...,...,...,...,...,...,...,...,...,...,...,...,...,...,...,...,...,...,...,...,...,...,...,...,...,...,...,...,...,...,...,...,6900000,301000000,1542000000,2680000000,3851000000,3442000000,3890000000,6184000000,5848000000,6266000000,7615000000,8963000000,12327500000,15081700000,20685000000,25340800000,26899344100,29595630000,29357537000,33058210349,35060654200,47089612000,76516160000,87510000000,96691140474.4,129422890647,161789934872,184455207912,186718396188.8,1343435116952,2388147994253,2600577665611
USSR,Roubles,...,...,...,...,...,...,...,...,...,...,...,...,...,...,...,...,...,...,...,...,...,...,...,...,...,...,...,...,...,...,...,...,...,...,...,...,...,...,137300000000,138300000000,133700000000,123400000000,...,xxx,xxx,xxx,xxx,xxx,xxx,xxx,xxx,xxx,xxx,xxx,xxx,xxx,xxx,xxx,xxx,xxx,xxx,xxx,xxx,xxx,xxx,xxx,xxx,xxx,xxx,xxx,xxx,xxx,xxx,xxx,xxx,xxx
Western Europe,,,,,,,,,,,,,,,,,,,,,,,,,,,,,,,,,,,,,,,,,,,,,,,,,,,,,,,,,,,,,,,,,,,,,,,,,,,,,
Austria,Euro,...,...,...,...,...,...,...,...,156000000,181000000,181000000,173000000,172000000,189000000,238000000,311000000,270000000,317000000,334000000,344000000,365000000,377000000,380000000,419000000,468000000,574000000,692000000,758000000,825000000,926000000,1020000000,1084000000,1122000000,1234000000,1295000000,1381000000,1559000000,1637000000,1596000000,1538000000,1561000000,1630000000,1692000000,1709000000,1788000000,1849000000,1874000000,1891000000,1920000000,1943000000,1994000000,2090000000,1999000000,1999450000,2110500000,2157800000,2160000000,2104600000,2557100000,2557800000,2400500000,2430000000,2452800000,2480600000,2432000000,2491200000,2403400000,2609600000,2797100000,2870400000,2980200000,3368900000,3548500000,3434900000,4121000000,4861000000
Belgium,Euro,205080000,204700000,331860000,494920000,491201000,513310000,423080000,423030000,455030000,453940000,463210000,474990000,484904000,523330000,551070000,616090000,620630000,698290000,753497000,801170000,836740000,926820000,1007800000,1120100000,1252700000,1431300000,1757500000,2018900000,2218200000,2472100000,2639400000,2869500000,3115750000,3275340000,3386600000,3448500000,3574200000,3769900000,3852800000,3734400000,3790700000,3847400000,3914700000,3292500000,3212700000,3271100000,3251300000,3255700000,3267100000,3297200000,3377600000,3463300000,3392800000,3344000000,3434000000,3433000000,3400000000,3434000000,3773000000,4298000000,4046000000,3960000000,3956000000,4023000000,3964000000,3913000000,3789000000,3848000000,3932300000,4100700000,4252700000,4665000000,5276000000,6551000000,7061800000,7914800000
Cyprus,Euro,...,...,...,...,...,...,...,...,...,...,...,...,...,...,...,...,...,...,...,...,...,...,...,...,...,...,...,...,...,...,...,...,...,...,...,...,32170000,43140000,163990000,194390000,207050000,322000000,332000000,484000000,228000000,251000000,231000000,357000000,469000000,428000000,269000000,299000000,360000000,253000000,255000000,271000000,302000000,304000000,295000000,309800000,339300000,360600000,345100000,322600000,289910000,269690000,295660000,267060000,318520000,381600000,414100000,424100000,458150000,506300000,517300000,553000000
Denmark,Kroner,360000000,359000000,475000000,676000000,889000000,885000000,920000000,936000000,1012000000,988000000,986000000,1113000000,1180000000,1551000000,1651000000,1764000000,1974000000,2080000000,2249000000,2591000000,2640000000,2967000000,3195000000,3386000000,3520000000,4462000000,5355000000,5714000000,6382000000,7294000000,8045000000,9117000000,10301000000,11669000000,12574000000,13045000000,13344000000,13333000000,14647000000,15620000000,15963000000,16399000000,17091000000,17129000000,17390000000,17293000000,17468000000,17896000000,18521000000,19071000000,19428000000,19339000000,21017000000,21269000000,21075000000,21441000000,20800000000,23173000000,22731000000,24410000000,23252000000,25328000000,24259000000,25617000000,23682000000,22769000000,22633000000,24190000000,24961000000,28787000000,29929000000,31962000000,33161000000,38726000000,56084000000,68670000000
Finland,Euro,...,...,...,...,...,...,...,...,...,37200000,44400000,48200000,56700000,83100000,69200000,75300000,80500000,82300000,85100000,106000000,99100000,108000000,125000000,154000000,178000000,196000000,268000000,271000000,313000000,351000000,421000000,548000000,574000000,685000000,848000000,835000000,950000000,1043000000,1081000000,1199000000,1275000000,1377000000,1497000000,1564000000,1552000000,1543000000,1402000000,1562000000,1700000000,1761400000,1552400000,1691200000,1653100000,1712200000,2192987084.42485,2329871112.22922,2411870330.16314,2493869548.09706,2408590361.44578,2702108433.73494,2836602409.63855,2806638554.21687,2949000000,3069000000,3134000000,3004000000,3065000000,3088000000,3058000000,3181000000,3247000000,3394000000,3240000000,4227500000,5487000000,6460000000
France,Euro,613013845.771144,715910798.507463,1128086592.0398,1604352487.56219,1752188109.45274,1499506792.53731,1411149809.20398,1881124291.04478,1997628840.79602,2121693166.66667,2295484019.9005,2453735333.33333,2611650656.71642,2840711873.13433,2925893750.49751,3109167922.88557,3239750455.72139,3423150624.37811,3702274358.20896,3875393231.34328,3930747592.0398,4183748099.50249,4469927624.37811,4864967925.37313,5414647646.76617,6130936434.0796,7154572119.40298,8182449679.10448,9448040199.00498,10907076990.0498,12349314278.607,14299736517.4129,16609584111.9403,18954626664.1791,21132514166.6667,22619102141.791,23909891915.4229,25237052611.9403,26830485422.8856,27541104378.1095,28853985497.5124,29697320522.3881,30852286318.408,30588534129.3532,30886725298.5075,31561225323.3831,30532255796.0199,30397019800.995,30874125671.6418,30249184179.1045,30667491791.0448,30828767014.9254,31236154950.2488,32491077786.0697,34173547960.199,35858538059.7015,35736741666.6667,36502798980.0995,37031997880.82,37796960733.12,40628986578.2,39295607709.34,38932119165.04,39083206412.84,39165369455.62,40049292989.28,41160325178.24,41327000000,42449000000,43481000000,45066000000,46868000000,49666000000,51986000000,55066000000,59789594000
Germany,Euro,...,...,...,...,2967285026.94153,3011321148.27599,3536943788.03419,3454493177.87604,4293053360.73448,3283033386.29716,5311224702.31242,5803679710.257,6311406819.85587,8255461035.95974,9544595064.55742,9366857783.34151,9539910370.79844,9702937713.61114,10255731577.1714,9250415035.26816,10336308309.826,10813210134.4907,12191447038.3843,13758008631.3891,15285218796.8185,17074771812.751,18007025870.7892,18645081160.763,19250343594.424,20607967845.778,21755717816.7295,23242639615.8316,25003147530.4584,25980374648.5828,27064412784.4121,27437314407.6273,28095982350.1407,28805244985.2511,29391768643.8762,29527624762.8867,30264995560.5511,32755378762.8279,31415556347.758,31394943695.2184,29475156192.7861,28243081734.1729,28257135815.4498,28106288676.4105,27593783179.1775,27941387456.0942,28673136621.2478,28627226622.4097,28715298865.0786,29202507016.0131,29101317630.819,28679695192.5103,28670325804.9924,28604335000,29306518000,30787930000,32053837000,32486502000,32488383000,34087896000,33321748000,33663747000,34417908000,36088079000,37683545000,39394226000,43837760000,46776500000,47787500000,53389040000,62279449000,81776500000
Greece,Euro,4784000,5784000,7674000,7792000,8120300,10060000,10820000,14490000,13140000,13120000,13896000,14996000,14770000,14970000,15803000,16570000,18460000,21040000,27560000,32291000,37453000,41696000,45429000,50509000,58668000,92440200,134810000,167170000,198790000,228499000,263510000,284600000,419266000,517300000,567400000,659690000,781120000,821120000,953560000,1144690000,1220330000,1485530000,1683270000,2026830000,2263510000,2554000000,2841760000,3258820000,3664960000,4184030000,4495930000,4894720000,4948450000,5030300000,4461700000,5047600000,5651700000,6064000000,6234600000,7218700000,7660100000,6163900000,5128000000,4603600000,4259252000,4169100000,4344500000,4488200000,4534900000,4877600000,4808200000,5064900000,7018400000,8314900000,6493000000,7416000000
Iceland,Krónur,...,...,...,...,...,...,...,...,...,...,...,...,...,...,...,...,...,...,...,...,...,...,...,...,...,...,...,...,...,...,...,...,...,...,...,...,...,...,...,0,0,0,0,0,0,0,0,0,0,0,0,0,0,0,0,0,0,0,0,0,0,0,0,0,0,0,0,0,0,0,0,0,0,0,0,0
Ireland,Euro,...,...,...,...,...,...,...,...,10300000,10500000,11100000,11900000,12700000,13400000,13800000,17200000,17900000,17200000,18600000,20000000,22700000,28400000,34700000,45400000,52800000,47200000,88600000,108000000,125000000,144000000,180000000,224000000,258000000,306000000,317000000,333000000,362000000,386000000,372000000,378000000,389000000,456000000,493000000,503000000,514000000,538000000,556000000,596000000,641000000,662000000,696000000,754000000,858000000,862000000,855200000,887400000,920700000,948900000,1002600000,1080600000,1019100000,962100000,935400000,900900000,900600000,899000000,899000000,905700000,913600000,938000000,993900000,1004000000,1072000000,1107000000,1174800000,1230000000
Italy,Euro,137928500,161700100,209349740,238665090,219887300,248714800,252440200,267519200,279937200,296346700,305553760,325262900,343091600,394448900,472327500,512153800,555173300,614779700,622585300,642720200,646800400,715542900,848415500,990779000,1095445000,1306551000,1421861000,1652481000,2076467000,2428606000,2962580000,3501255100,4337252600,5631829100,6596601260,7527880300,8139023300,9194464600,10477598800,11699352600,12525327000,12829922800,13830458800,14115363200,14825850200,15041657300,14458011300,16569337400,17728823800,18673390100,19726613900,21576363700,21813104000,22961769000,23767165000,24371212000,23912633000,23621697000,23367580000,25149740000,24513880000,24177160000,24334920000,23178380000,22562720000,20879120000,20000468000,22635960000,23571999400,24078360000,23563218000,28888694000,30638390000,32984208000,34185500000,35096810000
Luxembourg,Euro,2507974.17267343,3807133.70448337,5912169.66353563,9764475.81349222,10929021.4577919,12653705.4259597,13750492.4020496,8846571.7214763,9829524.13497366,9603661.90760754,9007385.62736098,5890486.88970848,6495797.65904969,7950531.09306942,7796764.08867856,10389662.4588416,10660697.131681,11112421.5864132,9215178.87653781,8374971.39073583,8754419.93271092,9305523.76748426,9901800.04773082,11564146.0411455,13461388.7510209,15900700.806575,18701392.425915,22044153.3909336,23046981.6804392,25847673.2997791,27817191.9224117,34331058.5596507,38405613.1413355,42398857.3211686,47123895.1176678,50033000.6061435,50683483.820958,53484175.4402979,61163491.1707461,70830394.5020161,67035909.0822653,72366257.6481057,82394540.5431616,88718682.909413,83749713.9073583,94410411.0390393,93922548.6279285,98114551.5678437,107420075.335328,116364219.539026,119255256.049313,125579398.415564,161717354.794144,147262172.242712,159007008.06575,170751843.888789,177075986.25504,177979435.164505,188820822.078078,146000000,145000000,187000000,167000000,167000000,176000000,190000000,225000000,213000000,288000000,301000000,341000000,373000000,341000000,484808820.301327,613205676.819487,805800961.596727
Malta,Euro,...,...,...,...,...,...,...,...,...,...,...,...,...,...,...,...,...,...,...,...,...,...,...,...,...,...,...,...,...,...,...,...,...,...,...,...,14151000,15134000,18630000,17251000,17298000,15658000,16373000,19830000,21940000,24535000,25614000,27957000,27999000,26315000,26005000,25877000,28430000,28690000,29987000,32537000,42285500,35284400,35766000,38252000,42550000,44343000,40207000,38854000,40512000,42597000,46705000,53958870,57251000,56653500,71695000,75700000,74371000,75128000,104257000,101002000
Netherlands,Euro,308600000,408900000,481007000,568600000,603500000,718300000,770970000,841310000,837200000,751500000,682900000,784100000,913500000,991960000,1047000000,1208000000,1232000000,1266000000,1452000000,1488000000,1671000000,1774000000,1994000000,2217000000,2432000000,2788000000,3230000000,3477000000,4126000000,4150000000,4586000000,4753800000,5125900000,5851900000,5512980000,5791100000,5854200000,5949100000,6014400000,6035300000,6158300000,6131900000,6147800000,6307500000,5945900000,5894600000,5837400000,5989400000,6055700000,6153700000,6595200000,6481800000,6929000000,7149000000,7404000000,7552000000,7693000000,8145000000,8388000000,8448000000,8733000000,8472000000,8379000000,8066800000,7702000000,7788000000,7815800000,8242400000,8538900000,9416900000,10719000000,11480100000,12173000000,12961400000,15388000000,21428300000
Norway,Kroner,370000000,357000000,572000000,831000000,1067000000,1141000000,953000000,967000000,1049000000,1024000000,1107000000,1058000000,1179000000,1371000000,1465000000,1570000000,1897000000,1947000000,2097000000,2300000000,2502000000,2774000000,3022000000,3239000000,3505000000,3938000000,4771000000,5333000000,5934000000,6854000000,7362000000,8242000000,9468000000,10956000000,12395000000,12688000000,15446000000,16033000000,18551000000,18865000000,20248000000,21251000000,21313000000,23638000000,22528000000,24019000000,22224000000,22813000000,23010000000,25087000000,25809000000,25722000000,26669000000,32461000000,31985000000,32945000000,31471000000,32142000000,34439000000,35932000000,38960000000,39279000000,40534000000,41560000000,43427000000,46234000000,46894000000,50397000000,56664000000,61349000000,66318000000,68054000000,72483000000,83589000000,92951000000,112211000000
Portugal,Euro,5345368.97877213,5710890.11266952,5849848.56026688,6370187.52980262,7439563.40913878,7907037.75187118,8450788.19899126,8654694.6166613,9009642.82519802,9360814.98896307,10625789.9874716,11388551.0313484,18540379.8288861,21636736.5416532,21561215.6462199,24302624.1504503,25163562.3583904,27852106.2358175,36068779.6589654,40276048.743557,40603809.4297377,47230012.7950594,55370410.1138196,60444659.077986,63044088.2988018,94582369.4407208,74954488.7175945,70988131.2894353,83178714.2302858,103040709.729255,129368804.295228,163653780.404058,195568910.814189,240398114.343423,289169508.614277,346565389.143618,419518574.132229,527286891.915612,600013514.217923,730891226.003909,863928835.399289,1006920098.81278,1151316050.88134,1287933350.72026,1327883904.4045,1359149555.1139,1519858020.59606,1511173117.62123,1577480463.8117,1584579427.98244,1705865986.04839,1806837423.24277,1962032863.35829,2088152758.73198,2094000000,2293000000,2527000000,2514000000,2418000000,2536000000,2691000000,2673000000,2627000000,2366000000,2457000000,2263000000,2384000000,2874000000,2424000000,2750000000,2947000000,2867000000,3283000000,3391000000,3921000000,4291000000
Spain,Euro,34219605.7218416,35559760.7885563,36824516.1678086,45746592.1384782,45582041.1107104,46371973.7949273,52189469.8882077,58626169.0106984,67958168.0490444,67594644.7890372,69112874.1435269,83963667.508114,86310842.6493569,111352446.207477,114139439.836519,139490000,158460000,202280000,202330000,281350000,338970000,361450000,376020000,485230000,532690000,682373466,727388854,1013687074,1282351032,1599237380,1981221234,2373754596,2761978440,3272443328,4112720000,4687920000,5189230000,5278030000,5878710000,6231180000,6618700000,7164790000,7294570000,7537680000,7680260000,8125650000,8573020000,8597810000,8681630000,9278210000,10431640000,11151160000,11423270000,10913280000,11412590000,12291850000,12864090000,13752450000,14660740000,15174310000,14525190000,14882530000,14168010000,14679110000,12986690000,12948000000,13694270000,12672470000,14298990000,15100410000,15353500000,15292900000,16526800000,19307000000,22049000000,22756000000
Sweden,Kroner,...,...,...,...,...,...,...,...,2504000000,...,2719000000,2732000000,3111000000,3472000000,3749000000,4100000000,4638000000,4746000000,4793000000,4943000000,5582000000,5987000000,6713000000,7175000000,7693000000,8778000000,9760000000,10673000000,12276000000,13690000000,15189000000,16886000000,18459000000,18987000000,21327000000,22820000000,25281000000,25688000000,27348000000,29656000000,33270000000,36727000000,34377000000,37161000000,36823000000,37541000000,43271000000,0,38825000000,40034000000,41980000000,43652000000,44246000000,42401000000,42903000000,40527000000,41240000000,41150000000,43163000000,39710000000,38751000000,42423000000,41070000000,42301000000,42528000000,44976000000,45438000000,46491000000,47323000000,49840000000,55213000000,57746000000,65028000000,78093913133.71,93200000000,127308000000
Switzerland,Francs    ,...,...,...,...,...,...,...,...,881000000,956000000,921000000,875000000,1038000000,1197000000,1290000000,1441000000,1502000000,1654000000,1676000000,1635000000,1789000000,1907000000,2114000000,2297000000,2421000000,2647000000,2664000000,3070000000,2948000000,2984000000,3234000000,3346000000,3557000000,3915000000,4085000000,4248000000,4833000000,4615000000,4504000000,4794000000,5042000000,5635000000,5760000000,5819000000,5336000000,5333000000,5493000000,5240000000,5077000000,5066000000,4727000000,4729000000,4664000000,4493000000,4404000000,4357000000,4339000000,4174000000,4231000000,4439000000,4413000000,4292000000,4417000000,4306000000,4665000000,4226000000,4351000000,4506000000,4557000000,4632300000,4991800000,5381800000,5013500000,5395700000,5670900000,5919600000
United Kingdom,Pounds    ,871040645.078067,949311306.381616,1284756997.68254,1745435747.06914,1879614023.58951,1754380965.50383,1752144660.89516,1805815971.50331,1759971727.02552,1778980316.19924,1776744011.59056,1850542063.67677,1910922288.11093,2028328280.06626,2090944809.1091,2236304608.67283,2338056468.36744,2407381911.2363,2544914644.66968,2607531173.71252,2575104756.88676,2915023057.40503,3147598736.70701,3642940207.52804,3926950892.82949,4651513586.03949,6229226487.45817,6856509930.1909,7614617192.53098,8515847949.82613,10095797155.8535,12905713896.6509,13578841583.8614,16626924765.4825,17700350977.6454,19579965001.235,20520331089.1819,20841240800.5264,21545676752.2584,21569157950.6494,23333602286.8923,24920260406.7457,27260553179.7218,25549780154.0871,25366403176.1759,25147245324.526,23972067252.6684,24968340955.8321,24165507601.3186,25132709344.5696,25212098158.1775,26267271860.736,27841057674.096,30081592928.888,32717731406.744,32971119411.44,34222128148.032,35127879130.112,37233733431.008,40473425720.968,41294938667.64,41442937385.196,41584070355,41384644400,40651122425,40698090010,38789060575,39769000000,40889000000,42174000000,45074000000,45641000000,47937038860,53309742115,63128816345,64278567580
European Union,Euro,xxx,xxx,xxx,xxx,xxx,xxx,xxx,xxx,xxx,xxx,xxx,xxx,xxx,xxx,xxx,xxx,xxx,xxx,xxx,xxx,xxx,xxx,xxx,xxx,xxx,xxx,xxx,xxx,xxx,xxx,xxx,xxx,xxx,xxx,xxx,xxx,xxx,xxx,xxx,xxx,xxx,xxx,xxx,xxx,xxx,xxx,xxx,xxx,xxx,xxx,xxx,xxx,xxx,xxx,xxx,xxx,xxx,xxx,xxx,xxx,xxx,xxx,xxx,xxx,xxx,xxx,xxx,xxx,xxx,xxx,xxx,xxx,xxx,856000000,1179000000,1098000000
Middle East,,,,,,,,,,,,,,,,,,,,,,,,,,,,,,,,,,,,,,,,,,,,,,,,,,,,,,,,,,,,,,,,,,,,,,,,,,,,,
Bahrain,Dinar,...,...,...,...,...,...,...,...,...,...,...,...,...,...,...,...,...,...,...,...,...,...,5500000,5500000,6700000,10400000,6500000,10400000,16000000,45000000,60000000,66000000,90000000,117000000,69000000,62000000,63000000,67000000,67000000,78000000,82000000,90000000,99000000,105000000,105000000,107000000,114000000,121000000,121000000,124000000,137000000,135000000,140000000,167000000,194000000,200000000,193000000,215900000,241600000,270700000,311400000,316900000,388600000,444500000,506700000,554700000,542200000,566081000,576300000,574400000,585700000,528200000,540500000,600874000,610020000,520374000
Egypt,Pounds    ,...,...,...,...,...,...,...,...,...,...,...,...,87000000,115000000,177000000,213000000,235000000,184000000,258000000,306000000,467000000,483000000,618000000,309000000,681000000,769000000,739000000,984000000,1169000000,776000000,838000000,1068000000,1476000000,1754000000,2452000000,2787000000,3098000000,3520000000,3208000000,3027000000,3068000000,3940000000,4506000000,4900000000,5333000000,6274000000,6948000000,7403000000,7966000000,8107000000,8516000000,9731000000,12790000000,13333000000,14563000000,14804000000,15932900000,17921700000,19350000000,21718400000,22831000000,26724000000,26244000000,28960000000,30947000000,41034000000,43190000000,47120000000,51569000000,59363000000,66342000000,76163000000,86001000000,92358800000,101638100000,115655600000
Iran,Rial,...,...,...,...,...,...,...,...,...,...,6500000000,7800000000,8100000000,8400000000,10200000000,12300000000,16100000000,20500000000,26600000000,35300000000,45400000000,47500000000,24800000000,29300000000,34400000000,338300000000,424100000000,531700000000,540200000000,582600000000,275200000000,367400000000,726000000000,840000000000,935200000000,880200000000,1006800000000,897800000000,1155500000000,1345200000000,1117400000000,1123800000000,1205500000000,1323400000000,2007600000000,3303300000000,4730800000000,6715000000000,8615500000000,9931100000000,12238000000000,15517000000000,19102000000000,23507000000000,32774000000000,49300000000000,64801000000000,85412000000000,86998000000000,110316000000000,128746000000000,142498000000000,154602000000000,216229000000000,222485000000000,268307000000000,320159000000000,397579000000000,480524000000000,482700023000000,591644910000000,824968098000000,1506378429000000,2186130144000000,3377317347000000,3735639988000000
Iraq,Dinar,...,...,...,...,...,...,...,28650000,30090000,31250000,37280000,44110000,45050000,49300000,61290000,67760000,84910000,83600000,83820000,110840000,142100000,143610000,153170000,153380000,214700000,491200000,346800000,520100000,592900000,586500000,700400000,879000000,1206800000,...,...,...,...,...,...,...,...,...,...,...,...,...,...,...,...,...,...,...,...,...,...,892000000000,1649050000000,1813850000000,2496530000000,3718000000000,3787500000000,4390900000000,5006000000000,4829187000000,9071700000000,8072969000000,11211339000000,7056758000000,8781000000000,7487000000000,9056300000000,6766300000000,6909786000000,6850100000000,7516100000000,8094266666666.67
Israel,Shekels,...,4200,5300,6500,7900,11200,16600,36200,27200,29100,31400,35200,46300,66000,81700,84200,97500,117700,209700,252100,322900,480200,551500,630600,1229700,1653000,2624100,2981000,3436000,6102000,9465000,25000000,63300000,125100000,278000000,1554900000,5776000000,6776000000,10489000000,11426107241.6702,10374620462.533,14092686669.679,17758359583.9171,17984207121.4136,21941063185.4615,23402522193.965,23927624576.9839,27127243253.1164,29597829025.3071,30764109493.849,31679637984.1748,33954143970.3951,35766000000,37815000000,37458999900,38568000100,40039000000,41507000000,46759000000,49528000100,50154000000,51878999900,54029999900,56005000000,58667000000,63463000000,63966000000,66984000000,70022000000,71452000000,72489000000,75049000000,78524000000,78590600000,101428320000,172113784000
Jordan,Dinar,...,...,...,...,10700000,...,...,14100000,16900000,17400000,22300000,19300000,20000000,22100000,22100000,22100000,22600000,28700000,40300000,47400000,...,39200000,38800000,46200000,49500000,52600000,57800000,97800000,86500000,93200000,120000000,124000000,145000000,164000000,176000000,176000000,198000000,219000000,219000000,220000000,220000000,214000000,295000000,250000000,271000000,285000000,210000000,296000000,315000000,352000000,363000000,375300000,375000000,370000000,433800000,416000000,428000000,497400000,732000000,964000000,1113500000,1106100000,1132300000,1045700000,1025900000,1099700000,1146600000,1256300000,1377200000,1390000000,1442800000,1459700000,1545500000,1657547000,1739669763.16213,1817800000
Kuwait,Dinar,...,...,...,...,...,...,...,...,...,...,...,...,...,...,...,...,...,...,...,...,24500000,24600000,27700000,32000000,49000000,134000000,...,248000000,181000000,225000000,262000000,252000000,329000000,411000000,420000000,448000000,382000000,371000000,374000000,577000000,643000000,4527000000,2821000000,883000000,916000000,1041000000,1163000000,778000000,711000000,680000000,712000000,707000000,784000000,882000000,950000000,1039000000,1020000000,1052000000,1209000000,1185000000,1220000000,1250000000,1568000000,1695000000,1589500000,1683000000,1740700000,2017300000,2064800000,2200000000,2255400000,2089400000,2925300000,2392052000,2380527000,2395512000
Lebanon,Pounds    ,...,...,...,...,...,...,40700000,57800000,59400000,69300000,65400000,72600000,85700000,123000000,105000000,117000000,137000000,161000000,185000000,207000000,212000000,211000000,216000000,324000000,271000000,417000000,382000000,497000000,388000000,747000000,1123000000,1730000000,1610000000,1170000000,2230000000,3090000000,3730000000,5690000000,8310000000,16090000000,...,149000000000,213000000000,758400000000,788800000000,1071000000000,1210000000000,1156000000000,1044000000000,1052000000000,1251000000000,1402000000000,1445000000000,1368000000000,1392000000000,1439000000000,1451000000000,1521000000000,1737000000000,1763000000000,2150000000000,2390000000000,2452000000000,2649000000000,2918095248868.78,3422124434389.14,3375919761312.22,3929233789295.8,3679920346954.97,4184153407931.42,3800779321881.62,2896500000000,2886100000000,6630900000000,24718300000000,57001800000000
Oman,Rials     ,...,...,...,...,...,...,...,...,...,...,...,...,...,...,...,...,...,...,...,...,...,...,12075000,20925000,31500000,88275000,180750000,203475000,177825000,198375000,201750000,305250000,391500000,435750000,503250000,546000000,558750000,498750000,438000000,441750000,450450000,556725000,482475000,583350000,553650000,584475000,582075000,552600000,569850000,506850000,515400000,606450000,699750000,718425000,757200000,857700000,1053150000,1162200000,1247550000,1331325000,1294800000,1411650000,1922775000,3556875000,3370650000,3158100000,2896650000,3051375000,2615625000,2908875000,2518875000,2343800000,2223800000,2223750000,2250000000,2302500000
Qatar,Riyals    ,...,...,...,...,...,...,...,...,...,...,...,...,...,...,...,...,...,...,...,...,...,...,...,...,...,...,...,...,...,...,...,2255400000,3856600000,5340800000,3294900000,3184500000,5565100000,...,3150100000,3576500000,3088400000,2878500000,3260100000,...,...,...,...,...,...,...,...,...,...,2770000000,2856000000,2811400000,3230500000,3879300000,5686500000,8435700000,7092000000,6831400000,...,...,...,...,...,...,...,...,...,...,42200000000,56100000000,...,...
Saudi Arabia,Riyals    ,...,...,...,...,...,...,...,...,...,267000000,271000000,634000000,322000000,379000000,512000000,556000000,800000000,1352000000,1513000000,1524000000,1932000000,2122000000,2635000000,3857000000,5803000000,...,...,...,40837000000,45568000000,59207000000,68945000000,82533000000,92889000000,75565000000,79892000000,63956000000,...,54226000000,50080000000,47812000000,61333000000,61333000000,57601000000,61692000000,53549000000,49501000000,50025000000,67975000000,78231000000,68700000000,74866000000,78850000000,69382000000,70303000000,78414000000,95146000000,110779000000,132922000000,143336000000,154752000000,169667000000,181991000000,211867000000,251325000000,302859000000,326947000000,238773000000,264000000000,279796000000,245110000000,242094000000,236980000000,265950000000,291620000000,301240000000
Syria,Pounds    ,...,...,...,...,...,...,...,199000000,173000000,290000000,297000000,323000000,323000000,552000000,...,428000000,451000000,391000000,453000000,726000000,743000000,763000000,676000000,994000000,1486000000,2006000000,3285000000,3641000000,3918000000,4763000000,6208000000,8844000000,9568000000,10703000000,10729000000,13325000000,13778000000,14440000000,14327000000,14612000000,16654000000,18429000000,32483000000,33412000000,29948000000,37270000000,39681000000,41741000000,43860000000,45912000000,47594000000,49298000000,53381000000,55332000000,67117000000,70209000000,75720000000,74924000000,82742000000,86827000000,101464000000,108907000000,120291000000,...,...,...,...,...,...,...,...,...,...,...,...,...
Türkiye,Liras     ,556,599,652,725,827,934,1077,1159,1266,1470,2153,2405,2718,2980,3157,3443,3821,3996,4596,5159,5395,6399,8487,9961,12192,15831,33000,40691,49790,66239,93268,203172,313067,447790,556738,803044,1235000,1868000,2477000,3789000,7158000,13866000,23657000,42320000,77717000,156724000,302864000,611521000,1183330000,2289430000,4167640000,6248270000,8843920000,13641000000,15426000000,15568000000,16232000000,18622000000,19528000000,21878000000,24873000000,26526000000,28485000000,31779000000,35082000000,38467000000,42619000000,53853000000,64243000000,94860000000,116143000000,110843945131.65,134883205398.12,249015171757.6,456564829373,821245871159.598
United Arab Emirates,Dirhams,...,...,...,...,...,...,...,...,...,...,...,...,...,...,...,...,...,...,...,...,...,...,...,...,...,...,...,...,...,...,...,...,...,...,...,...,...,...,...,...,...,...,...,...,...,...,...,...,12246000000,14728000000,15546000000,21579000000,21293000000,19663000000,21428000000,25035000000,24254000000,26315000000,31073000000,42497000000,50814000000,64286000000,70445000000,69866000000,86528000000,83568000000,...,...,...,...,...,...,...,...,...,...
"Yemen, North",Rials     ,...,...,...,...,...,...,...,...,...,...,...,...,...,...,...,...,...,...,...,...,...,...,...,87600000,114000000,156000000,239000000,334000000,489000000,656000000,1705000000,1498000000,2016000000,2933000000,3104000000,2585000000,2616000000,2808000000,3124000000,5533000000,6030000000,xxx,xxx,xxx,xxx,xxx,xxx,xxx,xxx,xxx,xxx,xxx,xxx,xxx,xxx,xxx,xxx,xxx,xxx,xxx,xxx,xxx,xxx,xxx,xxx,xxx,xxx,xxx,xxx,xxx,xxx,xxx,xxx,xxx,xxx,xxx
Yemen,Riyals    ,...,...,...,...,...,...,...,...,...,...,...,...,...,...,...,...,...,...,...,...,...,...,...,...,...,...,...,...,...,...,...,...,...,...,...,...,...,...,...,...,...,9693000000,12349000000,15696000000,18441000000,28263000000,32912000000,39170000000,51334000000,52247000000,61548000000,76600000000,91100000000,129500000000,148100000000,135900000000,156200000000,162000000000,209000000000,239000000000,288200000000,318000000000,344700000000,347000000000,354300000000,368500000000,...,...,...,...,...,...,...,...,...,...
