Country,1949,1950,1951,1952,1953,1954,1955,1956,1957,1958,1959,1960,1961,1962,1963,1964,1965,1966,1967,1968,1969,1970,1971,1972,1973,1974,1975,1976,1977,1978,1979,1980,1981,1982,1983,1984,1985,1986,1987,1988,1989,1990,1991,1992,1993,1994,1995,1996,1997,1998,1999,2000,2001,2002,2003,2004,2005,2006,2007,2008,2009,2010,2011,2012,2013,2014,2015,2016,2017,2018,2019,2020,2021,2022,2023,2024
,,,,,,,,,,,,,,,,,,,,,,,,,,,,,,,,,,,,,,,,,,,,,,,,,,,,,,,,,,,,,,,,,,,,,,,,,,,,
Africa,,,,,,,,,,,,,,,,,,,,,,,,,,,,,,,,,,,,,,,,,,,,,,,,,,,,,,,,,,,,,,,,,,,,,,,,,,,,
North Africa,,,,,,,,,,,,,,,,,,,,,,,,,,,,,,,,,,,,,,,,,,,,,,,,,,,,,,,,,,,,,,,,,,,,,,,,,,,,
Algeria,...,...,...,...,...,...,...,...,...,...,...,0.0161363636363636,0.0192372881355932,...,0.025114854517611,0.0349645390070922,0.0341863517060367,0.0351259360108918,0.0301910043130006,0.0261472785485592,0.0238686735837108,0.0213053918358437,0.0208758503401361,0.0179584396646008,0.0168816199376947,0.0195766814852145,0.0213109429304577,0.0270172122848464,0.0224195045907314,0.0237522893772894,0.0213869586579631,0.0210206329573495,0.0181804887475257,0.0206309744064138,0.0195121325165132,0.0175512400703414,0.0164370689684736,0.0178721366645198,0.0185637627675836,0.0174969874927024,0.0154012377856337,0.0146107058594342,0.0121083405924608,0.0214013212989672,0.0250563157717782,0.0314643001210165,0.0293502710736712,0.030940883958553,0.0363740346813324,0.0396567378793071,0.0375507998270644,0.0343339396144052,0.0352046284697011,0.0341471973103319,0.0300262450946501,0.0304875701211848,0.0273228606749557,0.0251370691443586,0.0276932850304128,0.0286740578765417,0.035129603834668,0.0318998154667367,0.039628827473348,0.0410589825804389,0.0442382453876042,0.0496487829782902,0.0555074215961894,0.0565271835420787,0.0530711492252911,0.0492992700311609,0.0532695853750995,0.0588614822110901,0.0489003270596997,0.0405748811460294,0.0739039327356489,0.0797145723551219
Libya,...,...,...,...,...,...,...,...,...,...,...,0.01592,0.0185507246376812,0.0310416666666667,0.0240794223826715,0.0184375,0.0185714285714286,0.0291492329149233,0.0336094674556213,0.0285594639865997,0.0376288659793814,0.0607293127629734,0.0532267977873387,0.0370967741935484,0.0398486197684773,0.032912696368787,0.0225396825396825,0.0196861626248217,0.0246399444733646,0.037992264416315,0.0322074942645934,0.0292236435818262,0.0175511376328302,0.022405257767156,...,...,...,...,...,...,...,...,...,...,...,...,...,...,0.0407802671566895,0.0529744153194161,0.037838602447132,0.0314686367358096,0.0241350785849837,0.0206923852022456,0.0207204807151526,0.0207107445674837,0.0152811115994456,0.0112033540648601,0.00946677517254647,0.0148985108130425,...,...,...,0.0374560382719202,0.0763933084825893,0.154795763013832,...,...,...,...,...,...,...,0.0434666046441666,0.0528705130951195,...
Morocco,...,...,...,...,...,...,...,0.0118065433854908,0.017590027700831,0.0214198286413709,0.0246973365617433,0.0231573157315732,0.0270243362831858,0.0256591337099812,0.031956155143339,0.0283586869495596,0.0242933130699088,0.0267757009345794,0.0261764705882353,0.0300457217504899,0.0239021678710395,0.0231600617601647,0.0262862488306829,0.0284391534391534,0.0306179775280899,0.0314583333333333,0.0460291288815609,0.0622043404047793,0.0661977491961415,0.0583680870353581,0.0563346228239845,0.0594007288432987,0.0638459397221449,0.0622086827346416,0.0450565855036211,0.0401819087964117,0.0539043522658704,0.0430445955767833,0.0436931479451528,0.0412851581775317,0.0439291741336162,0.0414882504070243,0.0414284293740367,0.0429804827877283,0.0465557168740476,0.0449381938880623,0.0434741049396921,0.0394909292657436,0.0419265940634305,0.034563343607373,0.0242076323622306,0.0268517230679106,0.0372613588276971,0.0349178799247956,0.0349420754151271,0.0324946757487646,0.0325799678207968,0.0310979654916899,0.0304695366406602,0.0318350142755722,0.0328865184646812,0.0339079610106242,0.0329749523520352,0.0346275007931538,0.0380578290120645,0.0339845864113579,0.0295999792230728,0.0298211832955753,0.0294588992031474,0.0290288871579444,0.0286579837978571,0.0397969764255599,0.0374975618124605,0.0381341286888659,0.0359263420161027,0.0351575374206256
Tunisia,...,...,...,...,...,...,...,...,...,...,...,0.0200478755236385,0.0221590909090909,0.0172960507350822,0.0150801131008483,0.0174418604651163,0.0128771862387084,0.0131747483989021,0.0142105263157895,0.0144268464795358,0.0131423508564678,0.0156167284277395,0.0147526100771675,0.0141451990632319,0.0139841917832016,0.0131153895852177,0.0173997932697829,0.0186239006725297,0.0238149550618185,0.0248802286726519,0.0223819301848049,0.0202871934365134,0.0248107779270096,0.0369190356881172,0.0416725834904527,0.0275534145974237,0.0233557342734384,0.0208667610288203,0.0182318459308297,0.0210347585171822,0.0211455039063035,0.0183945658886675,0.0183370852776507,0.0170612587759433,0.0173211395510226,0.0174212321164965,0.0174470758582503,0.0186753522903203,0.0172638454432232,0.0167797151546674,0.0155607575730874,0.015479040325129,0.0152111247336458,0.0149264292624339,0.0148388570363995,0.0142590206296513,0.0145160141621028,0.0144636242435988,0.0126099385636655,0.0129062492574542,0.012949496088007,0.0123617052057621,0.0148625780102894,0.0143987394498013,0.015597373837127,0.018068874807375,0.0213959162946471,0.0222498472970201,0.0203182932622148,0.0197644872011962,0.0238327777746153,0.0271275567542328,0.0262965981069507,0.025712401122127,0.0248712212584858,0.0250636792573464
sub-Saharan Africa,,,,,,,,,,,,,,,,,,,,,,,,,,,,,,,,,,,,,,,,,,,,,,,,,,,,,,,,,,,,,,,,,,,,,,,,,,,,
Angola,...,...,...,...,...,...,...,...,...,...,...,...,...,...,...,...,...,...,...,...,...,...,...,...,...,...,...,...,...,...,...,...,...,...,...,...,1.715e-07,1.73e-07,0.2225,0.219805,0.194323333333333,0.174636666666667,0.071025,0.0568283054258138,0.175225890755741,0.0570928069083604,0.0470739276826233,0.0244784815671705,0.0597226820719497,0.0264201188106298,0.17334692213616,0.0639260315427404,0.0452435381521461,0.0286993244512575,0.0376147907354734,0.0347118018672779,0.0369224094698531,0.0376149530543532,0.0311405449295742,0.0357312038062707,0.0470961004832072,0.041775845224338,0.0325566035129376,0.0323665949921649,0.0445523942155109,0.0469845451564414,0.0310542629308278,0.0273333494465123,0.0250798280550579,0.0195578680987962,0.0176791430458684,0.0181042916830117,0.0139322266365773,0.01410163657162,0.0140725542077164,0.0100049213337543
Benin,...,...,...,...,...,...,...,...,...,...,...,0.00871584699453552,0.0139528795811518,0.017516339869281,0.0173684210526316,0.0218169900980828,0.0210650887573965,0.0190023259677687,0.0197625210567402,0.0207212475633528,0.0189473684210526,0.0162528151941587,0.0160104203413747,0.0148779430882565,0.0167752808988764,0.0144237918215613,0.0149290780141844,0.0128164794007491,0.0167878787878788,0.0119430693069307,0.0193046003441345,0.0203165141910241,0.0155137131923036,0.0104929864960155,0.0118897067654805,0.0145869894023797,0.0130493193241088,0.0135509654006948,0.0156959850024171,0.0156409120470208,0.0130789606118489,0.0122515712126057,...,...,...,...,...,...,...,...,0.00485389230497635,0.00412852302408383,0.00357971127306215,0.00622819458209776,0.00647223226808757,0.00676149850432113,0.00680970684993479,0.00665723323947751,...,0.00663958979626467,...,...,...,0.00702056157787745,0.00687239683496254,0.00700924948797968,0.00798485297889781,0.00673596727016815,0.00920613124425981,0.006328575401476,0.00473313905552082,0.00458762015150415,0.00550883648806243,0.00632087491743063,0.00757551382919002,0.00720549619940377
Botswana,...,...,...,...,...,...,...,...,...,...,...,...,...,...,...,...,...,...,...,...,...,...,...,...,...,...,...,...,0.0135657256914742,0.0287490900266925,0.0350149938260716,0.0320762052877138,0.0297829811536265,0.0269474386042894,0.0232633769837828,0.024372708318355,0.0218473148857049,0.0266359580269355,0.0479441457471087,0.0489967702289422,0.0356901008012406,0.0444515803477224,0.0460346992729676,0.0448280904912553,0.0493349197298009,0.0400812039559554,0.0350647971949777,0.0289952149833484,0.0319720462718414,0.0377939884443731,0.0309207375530236,0.0319124295081058,0.0383122303260369,0.0411020648951656,0.0400736658870518,0.0350587404134874,0.0285800418504025,0.0275454609516549,0.0290001468952761,0.030976203987662,0.0326282073750534,0.0275907988033428,0.0240443003238577,0.0234377212582193,0.021471710497407,0.0221199714449013,0.0282519449903662,0.0341066258273304,0.0324857919499091,0.0292475944543875,0.0308122244554008,0.0333478768726661,0.0304556932426419,0.0251778285669486,0.0245625898216649,0.0283392800595041
Burkina Faso,...,...,...,...,...,...,...,...,...,...,...,0.00682017543859649,0.00834368530020704,0.02345703125,0.0238305709023941,0.0260515873015873,0.0152482269503546,0.0164948453608247,0.0132507288629738,0.0117848101265823,0.0124672228843862,0.0117223910840932,0.0117716535433071,0.0113985374771481,0.0123518687329079,0.0115190839694656,0.0281118373275236,0.0312382864792503,0.0304326663061114,0.0328314606741573,0.0269861386138614,0.0274669117647059,0.0284268969771746,0.030033036339974,0.0293218341631388,0.0301716743691831,0.0183652541094857,0.0262189349112426,0.0225258646172037,0.0231081264414598,0.0274077407740774,0.0270489296636086,0.0216686926732236,0.0204965156794425,0.0186252988480765,0.0142288472939781,0.0138304269392664,0.0128708847039697,0.0141705504471596,0.012763626403725,0.0123191199892624,0.0123804638062972,0.011555150239697,0.0117793497700006,0.010730553376671,0.0120700576570117,0.012018948481342,0.0111032179719724,0.0141572652816375,0.0124291260830384,0.0135276497598007,0.0122478599330692,0.0115090587793045,0.0117602847916222,0.0123609025726906,0.0127234195224905,0.0125078088033268,0.0116533335437179,0.0136362970468668,0.0192538455062898,0.022125520849195,0.021142418147419,0.0233362863136249,0.0298161566942536,0.040787117239204,0.0467973196943363
Burundi,...,...,...,...,...,...,...,...,...,...,...,...,0.00187192118226601,0.0394379391100703,0.00434782608695652,0.00445620493940788,0.0135233700506103,0.0138228792484112,0.0133260688417409,0.014142233312539,0.0175449137775641,...,0.0103240865427776,0.0145867098865478,0.0194621227673989,0.022250827510114,0.0205680705190989,0.0222360119971041,0.0253338174190165,0.0279637365243246,0.0264371530123667,0.0291880336888339,0.0303033024268684,0.0350702489000361,0.0310480892586401,0.0297540078538161,0.027511726460413,0.0280541315800684,0.0264913991225016,0.0314524514901214,0.033495221333571,0.0344871247254088,0.0378627086474328,0.0359563794790509,0.037202758201085,0.0392111119751454,0.0420907289936566,0.0585688491874941,0.0635965296132281,0.0657227250690963,0.0625764365683521,0.0486240221311558,0.0607173715802774,0.0544167885941746,0.0553343538949835,0.0490326684339249,0.0443619004108442,0.0351171845179021,0.0341459524778307,0.0272089052653941,...,...,...,0.025271777075949,0.024824131147541,0.0229794559090695,0.0213131991459474,0.022431638636818,0.0200270990259373,0.0214941956621913,0.028078168112503,0.0218591328366483,0.0204300976329884,0.0259858091417074,0.034315771103264,0.0380127919699841
Cameroon,...,...,...,...,...,...,...,...,...,...,...,...,...,...,...,...,...,...,...,...,...,0.0187212787212787,0.0184267040149393,0.0176285473447598,0.0176067415730337,0.016919407226959,0.0172759393312651,0.0176232501521607,0.0171585010760856,0.0166511723995455,0.0165536374845869,0.0155581772599912,0.0181891560899577,0.0199051914580265,0.0189068408387762,0.0174021909233177,0.0133983572895277,0.0121782345828295,0.0125002549719531,0.0128479615502836,0.0133368915456874,0.014745666126807,0.0151455169920463,0.0153260561383612,0.0132612455061139,0.0131034009188973,0.0125164483851881,0.0122483788338251,0.0130124174610687,0.0139650943786737,0.0144385239060644,0.0132474886472414,0.0129036003475657,0.0133850675603337,0.013838069976001,0.014016038318718,0.0114390062434822,0.0122979394296967,0.0124159299291596,0.012555907411193,0.0123383418917622,0.0128837517696819,0.0113588889236589,0.0117534857560788,0.0116504114303499,0.0110497962306915,0.0109889864309409,0.0114642434992604,0.0113837382188187,0.0107600981816736,0.0106457837839838,0.0096440732254506,0.00985208787517684,0.00939352946747924,0.00926490469517272,0.0100912763032385
Cape Verde,...,...,...,...,...,...,...,...,...,...,...,...,...,...,...,...,...,...,...,...,...,...,...,...,...,...,...,...,...,...,...,...,...,...,...,0.0279239896511732,0.024634443863568,0.023355314806092,0.0210367617411426,0.0191388560611607,...,...,...,0.00992592471063058,0.00756580531119533,0.00838878589489836,0.0126508085113154,0.008441753102704,0.00831007455137562,0.00858540442487481,0.00838543201162953,0.0115402591313906,0.00753615197231365,0.00665480290001653,0.00648753558764804,0.0063097843761799,0.00649497233340122,0.00564741208222978,0.00481259814269355,0.0054860127368837,0.00449908484432209,0.00451425943343675,0.00476996486976338,0.00506009716198007,0.0048366416567439,0.00492596173932618,0.00510089039086437,0.00550048040403016,0.00470518534467026,0.00485896540748011,0.00431864983823163,0.00618818770532046,0.00546659834120196,0.00456081005090828,0.00566494134671967,0.00623903407592831
Central African Republic,...,...,...,...,...,...,...,...,...,...,...,...,...,...,...,...,...,...,...,...,...,...,...,...,...,...,...,...,...,...,...,...,...,...,...,...,...,...,...,...,...,...,0.0156806934196677,0.0164212531741423,0.0149708784517113,0.0125588265167931,0.0116678191990947,0.0121019207119553,...,...,...,...,...,0.0108695556960344,0.0126385440119305,0.0115308800406955,0.0108975993344158,...,0.010890772448248,0.0154988099383057,0.0174797074081845,0.0240996017514635,0.0204840124780659,0.0170284520206217,0.0283390827023391,0.0202965439546462,0.0157531677890907,0.0147163796004867,0.0134269739488284,0.0133998903358031,0.0178989988276583,0.018589727247233,0.0214924843936704,0.0171086224316852,0.0237720659578149,0.0251969119903231
Chad,...,...,...,...,...,...,...,...,...,...,...,...,...,...,...,...,...,...,...,...,...,...,...,...,...,...,...,...,...,...,...,...,...,...,0.031245638629608,0.0295200711180685,0.0282431904837062,0.0295842450765864,0.0183306638191849,0.0356275204167191,0.0273314069752787,0.0138028771986802,...,0.0137465027279824,0.0174558218311,0.0121772291754531,0.0089855575134087,0.0100166734233204,0.00697722260505036,0.00598524353955962,0.00885368766386186,0.00999606076289673,0.0099371784003006,0.0111881329019114,0.0097060058970103,0.00742432609642281,0.00610589376245507,0.0217784149012173,0.0324949802660511,0.0427645851757143,0.0570148439592454,0.0431747390688638,0.0375931302180558,...,0.0429488547231355,0.0215784238896733,0.0152397076587984,0.0231170355001725,0.0165961164003921,0.0165270267984506,0.0157360148213511,0.0221192688117357,0.0207913556881174,0.020442448086408,0.0211758982875058,0.0298484990097129
"Congo, DR",...,...,...,...,...,...,...,...,...,...,...,...,...,...,...,3.91428571428571e-07,...,4.31e-07,...,4.215e-07,4.17241379310345e-07,5.51612903225806e-07,4.85714285714286e-07,4.02564102564103e-07,3.48979591836735e-07,5.26666666666667e-07,4.53125e-07,3.35789473684211e-07,3.49242424242424e-07,3.27322404371585e-07,2.97297297297297e-07,...,...,...,...,...,...,...,...,...,...,...,...,...,0.0522608568530078,...,...,0.015468010910472,0.0141085112381148,0.00428454161411096,0.0115815066378512,0.00220260805193326,...,...,0.00880645829020907,0.0133660440783123,0.0131013976084745,0.013246033223691,0.0110611627665862,0.00697347863400989,0.00651615938486403,0.00821258594589643,0.00904759163497381,0.0110722925521469,0.0107353188499408,0.0088969520971371,0.0122338305167721,0.0102563437176754,0.0074157072807359,0.0061234655603641,0.00694017431863738,0.00729735329108429,0.00533178814847647,0.00567707215239695,0.0111885996027452,0.0122855267131451
"Congo, Republic",...,...,...,...,...,...,...,...,...,...,...,...,...,...,...,...,...,...,...,...,...,0.0486040268456376,0.0460024301336574,0.0352967032967033,0.0422027290448343,0.0424087591240876,0.0449749373433584,0.047318339100346,0.0495321959273528,0.0431971759959657,0.0439371316306483,0.0336598224195339,0.031870961786967,0.0334504567814476,...,0.0225310380803339,0.0257519571487433,...,0.0437416739067478,...,...,...,...,0.0382928860778653,0.0364486910824424,...,...,...,...,...,...,...,0.0179222454052521,0.0212335238350685,0.0243229339855318,0.0244017990277083,0.0151813794092809,0.0156934291857187,0.019162889436872,0.0179027941022784,...,0.016625904477394,...,...,0.0204447551898046,0.0394035726748698,...,0.0459480614297478,0.0317813469269901,0.0197928115025179,0.0214627657925685,0.0260118726630221,0.0234034890602655,0.0190798488893194,0.0197625641072141,0.0118596121569308
Cote d'Ivoire,...,...,...,...,...,...,...,...,...,...,...,...,...,0.0127553444180523,0.00998988877654196,0.0114392991239049,0.0131969949916528,0.0126356589147287,0.013126586869786,0.0116049004594181,0.0114879649890591,0.0118100747167992,0.0150034098658786,0.0169563374311149,0.0113034263511127,0.0133964817320704,0.0117843019772319,0.0111888611210282,0.0079476861167002,0.010980931015143,0.0112377230421145,0.0116428671100981,0.0109103604783102,0.011421677056103,0.0111504662496642,0.0102559041948217,0.00996969503636596,0.0105352867044739,0.0121709875321591,0.0124914061221149,0.0133037465830519,0.0096477473288964,0.00994003862515562,0.0101708680343167,0.00973500965104727,0.00731597907508044,...,0.00611814463966836,0.00577204483263576,...,...,...,...,...,0.010067518242091,0.0109607344304215,0.0105806530751568,0.0108657956101875,0.011508330294867,0.011017046812579,0.0125173572577555,0.0112710510056221,0.0100705786228658,0.0110066387533087,0.00995019119922897,0.010677761217949,0.0124391728133935,0.0124585910179804,0.00965894036488091,0.0103921408235247,0.00887657865631757,0.00963119470642636,0.00876213826792915,0.00865226904910508,0.00864878467778842,0.00762358993041457
Djibouti,...,...,...,...,...,...,...,...,...,...,...,...,...,...,...,...,...,...,...,...,...,...,...,...,...,...,...,...,...,0.000209424083769634,0.000175054704595186,0.00535539601744234,0.0141532600122037,0.074850640113798,0.0765969316596932,...,...,...,...,...,...,...,0.0665088450757308,0.0676002805366394,0.0615873724134084,0.0575744469878374,0.0579164602938749,0.0508047879345913,0.0547498607759421,0.056508745401074,0.0547808971304258,0.0506910119132427,...,...,...,0.0560717905405405,0.0450775678258952,0.0458763424043374,0.0290107489253439,0.0262758252462798,...,...,...,...,...,...,...,...,...,...,...,...,...,...,...,...
Equatorial Guinea,...,...,...,...,...,...,...,...,...,...,...,...,...,...,...,...,...,...,...,...,...,...,...,...,...,...,...,...,...,...,...,...,...,...,...,...,...,...,...,...,...,...,...,...,...,0.0198642304021115,0.020456168533629,...,...,...,...,...,...,...,...,...,...,...,0.0150182586762037,0.0148230906749545,0.0247492960390331,...,...,...,...,0.00766177996343115,0.0104143202034015,0.0123948977462594,0.0112893709401034,0.0114208303034219,0.0130805287179895,0.0164082995887433,0.0134533764165546,0.013031878031878,0.0151867240610434,0.00982185856511218
Eritrea,...,...,...,...,...,...,...,...,...,...,...,...,...,...,...,...,...,...,...,...,...,...,...,...,...,...,...,...,...,...,...,...,...,...,...,...,...,...,...,...,...,...,...,...,0.213291139240506,0.127159420289855,0.195391124143288,0.203448190649491,0.118604149677876,0.324970666110039,0.343777684538841,0.326556711938037,0.221367915582472,0.206718783563252,0.208657453093811,...,...,...,...,...,...,...,...,...,...,...,...,...,...,...,...,...,...,...,...,...
Ethiopia,...,...,...,...,...,...,...,...,...,...,...,...,0.0185587761674718,0.019321903294163,0.0242836676217765,0.029215844785772,0.0322993525071525,0.0310719908401317,0.0248622496976213,0.021956163689345,0.0202066455324645,0.0188310980263875,0.0190607150412524,0.0193641025641026,0.0192555408221254,0.0279458239277652,0.0449206211503427,0.0413172252533126,0.0396778085302675,0.0481090245174752,0.0688658800866843,0.0870858213323967,0.0753695803155075,0.0753901842798044,0.071796178343949,0.0796914816163087,0.0682390419897137,0.0669723756906077,0.0685567368494198,0.085014361098123,0.102766484563588,0.096579698086295,0.0570513154467309,0.0344170834936514,0.0307168835064302,0.0286843870238978,0.0222561605430131,0.0211713848911382,0.033431774775412,0.0727693614895529,0.0950694268259021,0.0769023859338487,0.0439265735424712,0.0375673419834585,0.0329628763599851,0.0313053613053613,0.0281221837499407,0.0230714932404438,0.0189627732982541,0.0151584796368311,0.0120460157802807,0.0115394252706819,0.0109070647415251,0.00868361507077892,0.00806417193723534,0.00768407756190907,0.0070541465068261,0.00683567210395797,0.00675310715716932,0.00645850962685811,0.00579949536835092,0.00780754838260967,0.0160917093329444,0.0150594072756186,0.00882490047359025,0.00650506448320295
Gabon,...,...,...,...,...,...,...,...,...,...,...,...,...,...,...,...,...,...,0.0110778443113772,0.0101508888474928,0.0136759569663221,0.0143240191454706,0.0144053282588011,0.0155023041474654,0.0130353817504655,0.00679580306698951,0.00780709342560554,0.00668474481991378,0.0102970153578673,...,0.0187713310580205,0.0160362751603628,0.0228680323963792,0.0244764067625536,0.0255358662849184,0.0225549415242257,0.0285904698433855,0.0399592771697633,...,...,...,...,...,...,...,...,...,...,...,...,...,0.0169170490588038,0.0179395209821725,0.0178317027682097,0.0166832793289402,0.016131661692941,0.0124868216929966,0.0128261921013258,...,...,...,0.0187162256589575,0.0146243422997043,0.0161980464787095,0.0160404717948982,0.0114481839629997,0.0118502560854907,0.0144754580418175,0.0181138276957815,0.0155363446931116,0.0158168890147569,0.0171695248466736,0.0160218113320742,0.013582460776711,0.0132324399735374,0.01538206793748
"Gambia, The",...,...,...,...,...,...,...,...,...,...,...,...,...,...,...,...,...,...,...,...,...,...,...,...,...,...,...,...,...,...,...,...,...,...,0.00340909030378368,0.00477501573316551,0.0055122589453325,0.00563939016801493,0.00631086622245003,0.00810531317253137,0.00958392269816802,0.0046126597245397,0.0050424326671404,0.00409650498904237,0.00279219753894381,0.00255557491763486,0.00304615670171595,0.00397307469403729,0.00407575945502193,0.00384833814905964,0.00325833061382465,0.0031579359886356,0.00234862058929382,0.0024438080993324,0.00227388636213975,0.00192621401787275,0.00277027428909804,0.00260242378391835,0.00355318377435937,0.0109491765751865,0.00482205427892009,...,...,0.00792325301857297,0.00754494266076443,0.0118750912674762,0.0100885846696253,...,...,0.0068699671133711,0.00797324578818787,0.00816569761733964,0.00775165384461361,0.00705923163360025,0.00581008845800962,0.00574440350261863
Ghana,...,...,...,...,...,...,...,...,...,0.0100351617440225,0.010308261405672,0.0170665901262916,0.0210300429184549,0.0200100300902708,0.0201634877384196,0.0192198868229588,0.0173260572987722,0.022266139657444,...,0.0265588235294118,0.0250125062531266,0.0211819389110226,0.0170131947221112,0.0142984014209591,0.0136493432324386,0.0158154506437768,0.0171493469619534,0.0156680968433956,0.012532473349458,0.00851281806918898,0.00646304301608674,0.00773574778895293,0.00741113531698977,...,0.00341179539008248,0.00593211881978556,0.0100044308668175,0.00900516843869348,0.00892627345844504,0.00437880517503805,0.00430846522392588,0.00276510427354999,0.00368975044988862,0.00377347219697109,0.00421951639889914,0.00426586695929125,0.00335747716894977,0.00286903633491311,0.00287938176197836,0.00334707661290323,0.00333671099852227,0.004436304,0.00264452812963597,0.00260305614783227,0.0030375830974791,0.00277570912276859,0.00260967076343411,0.00262213532811969,0.00370332914572864,0.00294033500427925,0.00336757870912986,0.00282687655236928,0.0043515452267479,0.00593208552483374,0.00400294579040699,0.00484989051455069,0.00392915126090548,0.00291412454265461,0.00312701278609545,0.0032587623925291,0.00343818178617089,0.00350949233772808,0.00382741906430833,0.00337946355940024,0.00398080247565807,0.00383994182354107
Guinea,...,...,...,...,...,...,...,...,...,...,...,...,...,...,...,...,...,...,...,...,...,...,...,...,...,...,...,...,...,...,...,0.00902357645982379,0.00793828345445229,0.00639108637534101,...,...,...,...,...,...,...,...,0.0238055425991604,0.0169464061466168,0.013407093629396,0.0135611690454208,...,...,0.0117281926203606,0.0125499180312356,0.0159513114331129,0.0153463751403247,0.0310021054615164,0.033246802439883,0.0244118141486197,0.0222856440980186,...,...,...,...,...,...,...,0.0224508735704069,0.0238618429535759,0.0227643791059905,0.025177315199509,0.0188200742269539,0.0176492717450729,0.0167017173427376,0.0147320213579399,0.0146963829052972,0.0154641182201592,0.0218865717393084,0.0213309701622161,0.0205370337042453
Guinea-Bissau,...,...,...,...,...,...,...,...,...,...,...,...,...,...,...,...,...,...,...,...,...,...,...,...,...,...,...,...,...,...,...,...,...,8.69457771777129e-05,0.000134783154640054,0.000150240384615385,0.000109031437397783,0.000243964421855146,0.000580869565217391,...,0.0018108504398827,...,...,...,...,0.00317965023847377,0.00495568090249799,0.00566593083149375,0.00650521152667075,0.014047619047619,...,0.0262803036170707,0.0162672677091596,0.015586028989376,0.0157542311053966,...,0.0189459928348781,...,...,...,0.0155025769160365,0.0182387957578709,0.0151613050510836,0.0233372193259001,0.019570423918299,0.0189380436110046,0.0147900420224188,0.0126454587592398,0.0130856549036791,0.0137872156165153,0.0149375034588535,0.0151874963824343,0.0146036445301284,0.0139829187831807,0.012348847572106,...
Kenya,...,...,...,...,...,...,...,...,...,...,...,0.00327317763623496,0.00112994350282486,0.00077319587628866,0.00206489675516224,0.00589887640449438,0.00990334780781622,0.0113326848249027,0.01304993715004,0.0121834288692027,0.0108006912442396,0.0105748325941386,0.0122771506422733,0.015418118466899,0.0165927802406586,0.0177700255645505,0.0187890255439924,0.0248474297785776,0.0374017554053641,0.0519929215471476,0.0550160584679969,0.0451531983515499,0.0422532483879088,0.0457278317930395,0.0419523392431061,0.0347691247415575,0.0237575745554443,0.0250357532007627,0.0313374349122125,0.0294555339497599,0.0274085168629691,0.0288821495785942,0.0235425808983553,0.0190074676245392,0.0183774159512733,0.0164125280758672,0.0164671623136492,0.014179547033567,0.0134063859838611,0.0122012251882916,0.0118697414805458,0.0131374203224597,0.0150475490196078,0.0163240781121287,0.0165009984272562,0.0161419423692636,0.0169058701379422,0.0145517741016444,0.0154791227998168,0.0161585029427424,0.0136507571681354,0.013699852575929,0.0137974304585955,0.0148957729008126,0.0139539650803677,0.0119943336712808,0.0120316940776845,0.0124730980077159,0.0123759400127025,0.0120738536752593,0.011125711791299,0.0110843419595019,0.0107720025210221,0.0101020520038813,0.00975388127956637,0.00999546585264659
Lesotho,...,...,...,...,...,...,...,...,...,...,...,...,...,...,...,...,...,...,...,...,...,...,...,...,...,...,...,0.0155179127725857,0.0143813206424747,0.0150560828300259,0.0185120753172329,0.0315853658536585,0.0331151035322777,0.0435773665862161,0.0401305683563748,0.0397914379802415,0.0431409907457812,0.0483998732572877,0.0418131307404468,0.0336975524475524,0.0430771465930554,0.0355047598830801,0.0288884695541125,0.0270645352476235,0.0247547266258969,0.0274112240996011,0.0324188937641956,0.0282467366309587,0.0271217734729986,0.0285192846653195,0.0356245119166974,0.0328492612837033,0.0274417802299373,0.025163929527429,0.0236900091916458,0.0213166293812828,0.020492596155836,0.0207422499066906,0.0236815458611088,0.01547920805645,0.02722681670282,0.0316252874160214,0.0225552295756199,0.0214823978786685,0.0202653187465999,0.0195379607639772,0.0186575300076387,0.0196388842698486,0.0227081453102287,0.0199938292931215,0.0187540421655185,0.0188146803172144,0.0153556597959744,0.0147290152655986,0.016252797841757,0.0156745014441231
Liberia,...,...,...,...,...,...,...,...,...,...,...,...,...,...,...,...,0.0117749672917575,0.0114519427402863,0.0116858237547893,0.0110187861271676,0.00993485342019544,0.0109873104302074,0.0118594436310395,0.0110024449877751,0.00968992248062015,0.0093429158110883,0.00952380952380952,0.0107256577844813,0.0115156017830609,0.012409369771333,0.0115464930598207,0.0149175149175149,0.0311281748375665,0.0501794189142262,0.0470609667233422,0.0294048320565704,0.0295430518031246,0.0289536266349584,0.0228721217105263,0.0240778195126649,...,...,0.0718390804597701,0.101342281879195,0.189837905236908,0.297276853252648,...,...,...,...,...,...,...,...,...,0.00504459308807135,0.00685063559322034,0.00351713255184851,0.00214434523809524,0.00292064439140811,0.00381841359773371,0.00456866734486267,0.00535918803418803,0.00567439252336449,0.00496435611038108,0.00470258899676375,0.00478622250970246,0.00451842751842752,0.004015507377296,0.00405300245098039,0.00418863636363636,0.00424794204807376,0.00847050441721288,0.0131348766985405,0.0142410022779043,0.00711206896551724
Madagascar,...,...,...,...,...,...,...,...,...,...,...,...,0.0150215208034433,0.0153731343283582,0.0146036988110964,0.0145875,0.0159085439229844,0.0154227485541173,0.0155002592016589,0.0154621848739496,0.0150724637681159,0.0135124298315958,0.0131657355679702,0.014881933003844,0.0152385752688172,0.0167068919281309,0.0163714574898785,0.0188020957370803,0.0230719931638539,0.0241985203452528,0.0292723911947572,0.0276891852710931,0.0297845373891001,...,...,0.0187315634218289,0.0178005493344602,0.01551935381404,0.014290401370712,0.013471834264432,0.0121086533180207,0.0123151104450381,0.0129634905775571,0.00769921868015948,0.0112232401680386,0.00926473487088508,0.00859887969729569,0.0123763444173934,0.0148191235942607,0.0134892749207597,0.0121022921655833,0.0121751390900084,0.0143584760245284,0.0131316157379668,0.0132475732452129,0.012482266720781,0.0107194154854732,0.00977431205130634,0.00961181513313121,0.00962892092840992,0.00738132953446095,0.00570214687272478,0.00623191026336477,0.00592764957720632,0.00578559931839726,0.00556391260884791,0.00520469241195104,0.00501387044175783,0.00506222289767563,0.00532102174287315,0.00545343037675691,0.00673153896375499,0.0067886477563931,0.00653151211221591,0.00647758015406905,0.00708648145396825
Malawi,...,...,...,...,...,...,...,...,...,...,...,...,...,...,...,...,0.00701997780244173,0.00645792563600783,0.00716937354988399,0.00695430346051464,0.00667962356792144,0.00641145638337701,0.00581516870707674,0.00602199944305207,0.0106043956043956,0.00966955579631636,0.0152680762695866,0.013733660130719,0.0168990384615385,0.0269451729736481,0.0406593406593407,0.0175835370823146,0.0127449168207024,0.00936369615258139,0.00743801652892562,0.0063870232669705,0.00717150979153506,0.0085818114051435,0.00763658146964856,0.00618993409227082,0.00613137618258071,0.0057581149106058,0.00440591433496884,0.00574406265790803,0.0050889527831439,0.00582363053840744,0.00323789982357904,0.00361847121057508,0.00406114394732904,0.00338641668549055,0.00332170301359544,0.00275495027044514,0.0030354064447686,0.00301011297279539,0.00290335696389997,0.00448770022775966,0.00742373659905014,0.00552309217409022,0.00538318180673433,0.00593494429088422,0.006745044979156,0.00510085444003662,0.00468557773532063,0.00543771636934602,0.00809790589117754,0.00580771278154093,0.00450825277879302,0.00452047625154312,0.00530100138963233,0.00589501502223623,0.00760781549256416,0.00834281207531417,0.00730315165462018,0.00933234952541455,0.0116535783959732,0.0102496048269861
Mali,...,...,...,...,...,...,...,...,...,...,...,...,0.0270224719101124,0.0289130434782609,0.0264691358024691,0.0286877828054299,0.0251991150442478,0.0240803382663848,0.0240384615384615,0.0199081163859112,0.0217551622418879,0.0222804718217562,0.0191616766467066,0.0237556561085973,0.0265580890336591,0.0286591606960082,0.0316602316602317,0.0291153415453527,0.0312958435207824,0.0321395775941231,0.0296610169491525,0.0207929560652539,0.0196076196121795,0.0210679495672383,0.0198366008623087,0.0197260741380505,0.0214241632585193,0.0202676894054551,0.0211678611388309,0.0221346810206719,0.0211201131003608,0.0195649418287434,...,...,0.0156379346508086,0.0143802626563637,0.0149701708229888,0.0142841059416252,0.0149685223773671,0.0140463231082634,0.0149228992788343,0.0147864974445751,0.0129517222790027,0.0126885043144455,0.014193331132051,0.0142199884362637,0.0138431204093435,0.0139141541039687,0.0135503402826002,0.0146571486807421,0.0141866425479876,0.0137456680820104,0.012410333300729,0.0119640574526633,0.0116137913160626,0.0151593383195421,0.0236017445199795,0.0258613087357125,0.0302860111373814,0.0282359553728652,0.0275271658139503,0.0339955821425498,0.0338177520702573,0.0309091717190995,0.0377364142226059,0.041981465701254
Mauritania,...,...,...,...,...,...,...,...,...,...,...,...,...,...,...,...,...,...,...,...,...,...,...,...,...,...,...,...,...,...,...,...,...,...,...,...,0.0594589517189555,0.0503676294677746,0.0466958696563589,0.0448975060025259,0.0396113694076082,0.0382792649057496,0.0360051244917284,0.0268906639883241,0.0241242301834316,0.0224086190780735,0.0226015463356202,0.0262634120713694,0.0296726008736906,0.0186244096675618,0.0227363788853198,0.0292800544546355,0.0400238442248896,0.0273938350984677,0.0399527571653134,0.0383812011166649,0.0305155577623304,0.0269364721669718,...,0.03059333957503,0.0313532417025639,...,...,0.0211497466612287,0.0199659728958967,0.0219709519242621,0.0215557240363879,0.0214548780076745,0.0212109845694596,0.0213128230977177,0.0199633301217738,0.0238926918122421,0.0229399489807024,0.0205903871155909,0.0226048047574852,0.0215504682070845
Mauritius,...,...,...,...,...,...,...,...,...,...,...,...,...,...,0.00141453831041257,0.00170842824601367,0.00163232104121475,0.00165570175438596,0.00155830753353973,0.00155797101449275,0.00180501930501931,0.00219465648854962,0.00223944875107666,0.00202513966480447,0.00188984881209503,0.00139925373134328,0.00191744730679157,0.00187074829931973,0.00172730613744947,0.00172579098753595,0.00204842931937173,0.00489249166379211,0.00466745028896072,0.0026226012793177,0.00269137350152785,0.00252089136490251,0.0021964135275003,0.00197969543147208,0.00194038477417224,0.00219642296830875,0.0029001622888742,0.00346095334685598,0.00367421785897981,0.0035442407333599,0.00330254201972496,0.00333145557537633,0.00332825601093285,0.00293390184375287,0.002340788927524,0.00202814817776534,0.00208135283363803,0.00200718816089576,0.00194580389102996,0.00196270033883066,0.00187102773867202,0.00166216849736244,0.00160674051849869,0.00153856508278369,0.00142725039281222,0.0015595207103506,0.00167777183674029,0.00148689589780391,0.00152035252096647,0.0014279440115901,0.00188733237769964,0.00151017482159405,0.00142301917631184,0.00174701755953711,0.0016537629451361,0.00156385299781821,0.00148796738188038,0.00161615351006251,0.00171377098585721,0.00138698687184487,0.0014048907662346,0.00149590857574221
Mozambique,...,...,...,...,...,...,...,...,...,...,...,...,...,...,...,...,...,...,...,...,...,...,...,...,...,...,...,...,...,...,...,0.0185714285714286,0.0278571428571429,0.0281884057971015,0.0354090909090909,0.04,0.0328205128205128,0.032093023255814,0.0350649350649351,0.0301258992805755,0.0337342497136312,0.0238905775075988,0.0186267955697504,0.0212975279140707,0.0205907716535961,0.0246322012864367,0.0109304195371498,0.00894205564420208,0.00862075979464516,0.00887476838774871,0.00899191140105439,0.00933474909084702,0.00895889123487939,0.0089920614095398,0.0090789369830672,0.00978051637223721,0.00701900109021606,0.00603997650979439,0.00634745730219107,0.00647887786238704,0.00687406495551449,0.00869180245993684,0.00813112431836901,0.00833531162295525,0.00918079927497185,0.0096645825007793,0.00826910016335521,0.00919413170302599,0.00984570977671917,0.0130860718971448,0.0138807982041907,0.0202272611905463,0.0191141353069573,0.0220848120068367,0.0192823085749343,0.0199330115632931
Namibia,...,...,...,...,...,...,...,...,...,...,...,...,...,...,...,...,...,...,...,...,...,...,...,...,...,...,...,...,...,...,...,...,...,...,...,...,...,...,...,...,...,0.0642100268859719,0.0561525495153814,0.0425041876046901,0.0246452375833154,0.017512338730626,0.0194789863056824,0.0190360402371594,0.0230135514297654,0.0232183724519666,0.0312403306903887,0.0270673279864922,0.0300874087986708,0.0261784537918538,0.0262491288264622,0.025275896811078,0.026452053014553,0.0250124939843779,0.0261042455712992,0.031372615742466,0.0337436368373618,0.0351474397546307,0.035745889549471,0.0316654259121144,0.0320641632429402,0.0432586724007944,0.0452800016778678,0.0397104492479212,0.0352238850010305,0.0333269228396146,0.0329742631401913,0.0348015259214476,0.032264092268075,0.0291089959085182,0.0274670698895234,0.0273490195432496
Niger,...,...,...,...,...,...,...,...,...,...,...,...,...,...,...,...,...,...,...,...,...,...,...,...,...,...,0.00870842572062084,0.0082177385456074,0.00936634349030471,0.00928173719376392,0.00839124548736462,0.00671391271913465,0.00631753948462178,0.00633484162895928,0.0068519866103915,0.00727756892230576,0.00743835616438356,0.00769503546099291,0.00635210396039604,...,...,...,...,...,...,0.0123237199847542,0.00970976253298153,0.00861401471157569,0.00932594644506002,0.0106122448979592,0.0116690809592789,0.0116461081638404,0.0132015978285548,0.00963347955260515,0.00931763626554351,0.0109118729739427,0.00715211768830327,...,...,0.0073944643123804,0.00735262361389119,0.0087650323651909,0.00976041978774068,0.0162398436872309,0.010452311825973,0.0133859819740079,...,0.0159964624315915,0.0180984292435405,0.0179380881698289,0.0191733600650351,0.0173360752172491,0.0135730093120168,0.015729764923811,0.0197616000981122,0.0224177586841643
Nigeria,...,...,...,...,...,...,...,...,...,...,...,0.00695833333333333,0.00849453322119428,0.0109697933227345,0.0110319076714189,0.0123370429252782,0.0140145203522971,0.0110115095174856,0.0580820060996272,0.091591382904795,0.10316957879632,0.0527925012553702,0.0439211982188639,0.0539026887908144,0.0547846811844983,0.0434401142623954,0.0812406844073322,0.0579139783442963,0.0602411790978115,0.0532604776301556,0.0432233407904549,0.0329560373980505,0.0277007205001291,0.0226720169230048,0.0221984130271864,0.0155679483416495,0.0143678626386977,0.0131155364657903,0.00769793676287504,0.0088435129597009,0.00579894648474617,0.00833115305550364,0.00773691292368809,0.00564010709444363,0.00933218301724012,0.00781452287737133,0.00483558767048935,0.00406177811568832,0.00435835755422039,0.00548312392864221,0.00855415630326234,0.00543531645186578,0.00780315876986167,0.0095433804485135,0.00570707544874932,0.00490996769130759,0.00397422937174069,0.00348375434095589,0.00370354831159892,0.00489084134608938,0.00505855627592204,0.00539231118131693,0.00579227031040921,0.00504264930204985,0.00469695304520636,0.00414718776586509,0.00417636537730714,0.00432947784673169,0.00430671218863917,0.00506944517393582,0.00459170524387093,0.00632022913474166,0.0101270192678284,0.00650166691789414,0.00842654277365197,0.00555429367236392
Rwanda,...,...,...,...,...,...,...,...,...,...,...,...,...,...,...,...,...,...,...,...,...,...,...,...,0.0188489208633094,0.0147154471544715,0.0162878787878788,0.0161389337641357,0.0215223463687151,0.0158816276202219,0.0174743326488706,0.0187685185185185,0.0203915171288744,0.0200305576776165,0.0189514426460239,0.0160402262727844,0.0158837075417386,0.0179553466509988,0.0167523364485981,0.0159426066161817,0.0175375880559352,0.0372916598371212,0.0550917220341816,0.0429060212378114,0.0453637540088899,0.03437876960193,0.00607802874743326,0.0532855611635214,0.0417352561260538,0.0437764728159408,0.0444810543657331,0.0353550295857988,0.0339622641509434,0.0304893350062735,0.0244712990936556,0.0197346600331675,0.0174305555555556,0.0164391043145822,0.0136567834681042,0.0130649717514124,0.0132690239867659,0.0121679268178848,0.0109493104282603,0.0104224962789709,0.0105488528481013,0.0110273875155611,0.0121369473342003,0.0124050679129546,0.0124889524304653,0.0123514702337913,0.0119793121977431,0.0147371574450349,0.015121767339852,0.0133346574344023,0.0125231620743593,0.0124772078121775
Senegal,...,...,...,...,...,...,...,...,...,...,...,...,...,...,...,...,...,...,...,...,...,...,...,...,...,...,...,...,...,...,0.0343113465481887,0.0275527027027027,0.0273441483198146,0.0234951076320939,0.0254588457899716,0.0240795262267343,0.0219286250939143,0.0204004135079256,0.0198118811881188,0.0211178451178451,0.0202769623484365,0.0163346898573868,0.0154705556651557,0.014439999325024,0.0166830404428701,0.0134761973804184,0.0131009911066192,0.0124391793737025,0.011969122297618,0.0117914185452607,0.0120212680514523,0.0104836027705155,0.0111566749250516,0.0110124043617179,0.0111544277826225,0.0105782487014373,0.0113046452910055,0.0127105687032274,0.013795917338401,0.0129196686871926,0.0133587587609685,0.012153093310459,0.0129386015954483,0.0111347959476351,0.0125170125603319,0.0121336600293871,0.012090991706832,0.0160209745363896,0.0147106251742975,0.0166692756826471,0.0152473710605653,0.0140872642077366,0.0175617528439428,0.0152411336065101,0.0147655823980403,0.0156647768181405
Seychelles,...,...,...,...,...,...,...,...,...,...,...,...,...,...,...,...,...,...,...,...,...,...,...,...,...,...,...,...,...,...,...,...,...,...,...,...,0.0429081251556146,0.0467441860465116,0.0454187262697901,0.0428038484193992,0.0427683189028996,0.0402623150831173,0.0442401898893995,0.0472738733060195,0.0275961340736171,0.024436854517362,0.0228118026283164,0.0209574851017878,0.0202481003710903,0.0173291558768129,0.0178292544212037,0.0167933282099451,0.0177826552168784,0.0167737547090833,0.0173431637499016,0.0189764022742369,0.0160235235107661,0.0141343002330889,0.0146828358935559,0.0115019319695979,0.0102087833561425,0.00737915363270446,0.00855504063317464,0.00936679584641367,0.0103655893266994,0.0222757343262158,0.0126370471979916,0.0139771684213413,0.0132734497333997,0.0120539204484215,0.011603964906236,0.0136712279790406,0.0246023265148376,0.011392449640985,0.014864216122769,0.0117906851761683
Sierra Leone,...,...,...,...,...,...,...,...,...,...,...,0.00751072961373391,0.00726554267650158,0.00714213709677419,0.00763131813676908,0.00780771017185323,0.0072264836495761,0.00692630775105002,0.00796946564885496,0.00804869186046512,0.00872657986662432,0.00934984520123839,0.00898737808376363,0.00953063518830804,0.0104246122552759,0.0121389702804521,0.0103020778767243,0.010920945395273,0.0108841709217952,0.00999882366780379,0.0110765643218033,0.00587407667956384,0.00543833580980684,0.00432846895869404,0.00360747663551402,0.00302184466019417,0.00224829621302607,0.00345390829175576,0.00251559151048297,0.00301586157915865,0.00524456356216117,0.00820769493275465,0.0127920056504565,0.0168778296601619,0.0130662854515732,0.0125075325983502,0.0123701082989956,0.00849855684883699,0.0048048255613625,0.00643666734495763,0.0109319455027975,0.0157801055285861,0.0172271852453079,0.0135970475391743,0.0127788496760216,0.00974909894000986,0.00859492175206273,0.00890937353042299,0.00842695620186599,0.00603658478631646,0.00695771445150757,0.00600434938929684,0.00530893039714345,0.00517911005474655,0.00469957196664839,0.00747309962312162,0.00581670050305266,0.00714168280060902,0.00676969771194224,0.00465679597167025,0.0037632567182809,0.00486095493916065,0.00600261617809604,0.00582258374348818,0.00603276275520294,0.00462539633893509
Somalia,...,...,...,...,...,...,...,...,...,...,...,...,0.00230825420014609,0.00254470426409904,0.00290155440414508,0.00330487804878049,0.00296955772544515,0.00353645266594124,0.00387944358578053,0.004072265625,0.0041958041958042,0.00496014171833481,0.00483050847457627,0.0045360824742268,0.00505494505494506,0.0072714916751614,0.00516201117318436,0.00517512790240063,0.00460755813953488,0.00994988387727662,0.0097466103578573,0.00549735206078747,0.00607709750566893,0.00288266620855523,0.00239324528624811,0.00143127627483072,0.00050709706959707,0.289482415394824,0.169562113279391,0.174357168016907,0.0152999213555444,...,...,...,...,...,...,...,...,...,...,...,...,...,...,...,...,...,...,...,...,...,...,...,0.00443857556653604,0.00935247555486575,0.00681391609413828,0.006454606954404,0.00749066892874455,0.00972462847707354,0.00828653957250144,0.011376518312471,0.0117069801771404,0.0116300107811428,0.0128520375603975,0.0158578050121769
South Africa,...,...,0.016205382639743,0.0173954232886334,0.0135177110776204,0.0120228915855789,0.0121605188488042,0.0129294335027481,0.0130020225368391,0.00980939589212683,0.00880670653610342,0.00950977129000048,0.0146784913582076,0.0225483730416399,0.0206460848141164,0.02695608797689,0.0263082886060615,0.02704872973096,0.0278801852960007,0.0276117526451189,0.0260847927374445,0.0233374509405345,0.0245819303358705,0.0237266886068014,0.0264690982776089,0.030851992816305,0.0387495470832159,0.0472799061209406,0.052633345592313,0.0456219888726238,0.0386307372855086,0.0330463366071471,0.0363812916270383,0.0361409329641932,0.0360464820498906,0.0369560695941547,0.0369833382968385,0.0382057632450885,0.0419217049247912,0.0462375902257971,0.0435788474069836,0.0389635147817926,0.0322263389360805,0.0281765061454765,0.0249552369800039,0.0256196590060566,0.0211786404667743,0.0175587879819291,0.0158213355671958,0.0138316672312245,0.0127205293062738,0.0138728913141799,0.0148316101798605,0.0152930955872386,0.014688112381823,0.0135572857797827,0.0123481125272958,0.0115387200554978,0.0105851963686616,0.0103941759302272,0.0108950470906387,0.0100348106887351,0.0100265340405471,0.0103352274081458,0.0102779402383821,0.0102189399625968,0.0100692862196088,0.00971046764986093,0.00943568494750462,0.00894757064750116,0.00882430271670915,0.00956510732317856,0.00805965112062888,0.00798457056094626,0.00754561053349382,0.00700150834276412
South Sudan,...,...,...,...,...,...,...,...,...,...,...,...,...,...,...,...,...,...,...,...,...,...,...,...,...,...,...,...,...,...,...,...,...,...,...,...,...,...,...,...,...,...,...,...,...,...,...,...,...,...,...,...,...,...,...,...,...,...,...,0.0576128903307145,0.0496846263299849,0.0414063254299941,0.0609441532228387,0.0877114861951039,0.0656986369718549,0.0857452320335879,0.0860365296803653,0.0484674935905441,0.039933777725745,0.047742494592124,0.0380125272262975,0.0186635872996114,0.0151129459315632,0.0157467379753671,0.0209613379474333,0.019617070809135
Sudan,...,...,...,...,...,...,...,0.0112,0.0163666666666667,0.0151975683890578,0.0171005917159763,0.0191740412979351,0.0184496124031008,0.0205952380952381,0.0214912280701754,0.0314224137931034,0.0411530398322851,0.035251509054326,0.0365461847389558,0.0375,0.0519725557461407,0.0495400788436268,0.0460336538461538,0.041917502787068,0.0316211878009631,0.0256783587028458,0.0225108225108225,0.0266666666666667,0.0261560342734242,0.0204069088450427,0.0259315206445116,0.0230270466802674,0.0178180681462957,0.0244047619047619,0.0326868598823273,0.0408451949429759,0.0339969812405664,0.0322724790228886,0.0255271311452935,0.0355196512149772,...,0.0481332473594827,0.0499230134581934,0.0438936351776834,0.0492111842294319,0.0389783506504326,0.0207304526748971,0.0126932620729147,0.00954328561690525,0.0237964989059081,0.0400975645811006,0.0447129193686891,0.0246931798617772,0.0267191557081833,0.0186421215057236,0.0465650965498174,0.0331128145892401,0.0364051219402658,0.040832306034626,0.0497892177814511,0.0545391875825013,...,...,...,...,...,0.0271294023315842,0.0227850721551928,0.0328580390103889,0.0177892402693237,0.0162906799271331,0.00975842222955387,0.00925377247984565,...,...,...
Eswatini,...,...,...,...,...,...,...,...,...,...,...,...,...,...,...,...,...,...,...,...,...,...,...,...,...,...,...,...,0.0178231939163498,0.0243309620596206,0.0245841697734442,0.0242353888796759,0.021661010181673,0.021995610023779,0.0225586611456177,0.0203080175147214,0.018411214953271,0.0163451232583065,0.0142929208004036,0.0126009025614949,0.0125287230550388,0.0127597457759347,0.0138451659383859,0.0163271154292264,0.0174804676490152,0.01818089820086,0.0169333926177873,0.0165257773101622,0.0149483917047487,0.0164720895062658,0.0168450591336061,0.0146023215821152,0.0125574840528112,0.0139355489870954,0.0147739784683142,0.0157952007330623,0.0203322402021397,0.0167289344815941,0.0164441175361171,0.0199882032667877,0.0209112187510159,0.0236677016665611,0.0221867209215692,0.0191455696202532,0.0195189144736842,0.0182286935337352,0.0174960240174858,0.0207382569653681,0.0192445503522586,0.0209604400864986,0.0189047734248605,0.0185505471294042,0.0167850436407438,0.0165499533493805,0.0138354667632574,0.014440675502379
Tanzania,...,...,...,...,...,...,...,...,...,...,...,...,...,...,...,...,...,...,0.0142312406373417,0.0147320294640589,0.0173497763269254,0.0229997819925877,0.0309761565111066,0.0343268886501969,0.0417461650003816,0.053551331749406,0.0536005470517069,0.0468897170236291,0.0547665234862131,0.101091112561783,0.0850260452553537,0.0452063250866613,0.0558429391878131,0.0549760201527605,0.0541431948863139,0.0524756417462994,0.0538707636370118,0.0574462063063124,0.0315187898727108,0.0244754416242452,0.0238263547886239,0.0204648408015958,0.0218177801099174,0.0210603925919978,0.0137927837082884,0.0129411406473615,0.0162721403741102,0.0155535029886083,0.0154354453955173,0.0160197154683142,0.0148766265966724,0.0148726401206321,0.0145160464399204,0.0130259845652854,0.0107430696847071,0.00994614572583098,0.00823941300163293,0.00792124010730679,0.00762064569335019,0.00698278989715238,0.00757193066304469,0.00896024084275438,0.00903150747306732,0.0091379934806313,0.00972362603264413,0.010157610032095,0.0109136986722986,0.0109369193376988,0.0105581731620716,0.0110090687427422,0.0106113270582911,0.0107713241782149,0.0112240771800076,0.0119134153738855,0.01210113658261,0.01154617473534
Togo,...,...,...,...,...,...,...,...,...,...,...,...,0.00265562913907285,0.00546875,0.00839955282956159,0.0215711274752153,0.0189538574780328,0.0133747763021569,0.013397397678252,0.0135886349598518,0.0128223536844524,0.0136839535640664,0.0140831295843521,0.0147564388098909,0.0169491525423729,0.0149195462130839,0.0185658612626656,0.0249523110785033,0.0307227488151659,0.0271428571428571,0.0224906015037594,0.0219463087248322,0.0237248062015504,0.0225917686318131,0.0209697986577181,0.0218514977692798,0.0250798344175044,0.0284505885573501,0.0350349087003222,0.0312490869247626,0.0309406858202039,0.0312248587570621,0.0285935085007728,0.0293122886133033,0.040306556911723,0.0258431085043988,0.0185752563400778,...,...,...,...,...,...,...,0.0136569983895261,0.0140604809612512,0.0145744020230587,...,...,0.0172218624355757,0.0163801256321406,0.0165885798813081,0.0152606374846498,0.0162464311756716,0.0167620536115859,0.0181828886251592,0.0167442289494562,0.0136106759176365,0.0139797941282441,0.0146839079223187,0.0236248167773665,0.0216399918335325,0.0238551286600829,0.0414153649480957,0.0304669540490777,0.0199877193389434
Uganda,...,...,...,...,...,...,...,...,...,...,...,...,0.000221238938053097,0.00113289760348584,0.00369318181818182,0.00651162790697674,0.0113293943870015,0.0143723554301834,0.0162348178137652,0.0179408060453401,0.0182458100558659,0.0197302904564315,0.0346866359447005,0.0406217162872154,0.0349577897160399,0.0362484157160963,0.0282293497363796,0.0318528402592451,0.0203606802466829,0.0196664990782638,0.0168720017444396,0.0221722509557005,0.0188803627485176,0.019759846301633,0.0221853846153846,0.0262669902912621,0.0266172914147521,0.0290591793751089,0.025860002949635,0.0245988196514221,0.0272997785771173,0.0296852622114122,0.0250799847648067,0.0165917772135475,0.0193136675611518,0.0201578234788366,0.0210151053274244,0.0221091090169168,0.0211670724007935,0.0244235581316614,0.0265573403225382,0.0176460770822564,0.0168324514574881,0.0163467473652418,0.0169168784576439,0.0176615583020933,0.0168432268847927,0.0150342601664363,0.0139447189004469,0.0134734497189712,0.0143231723283534,0.0246009387698207,0.02538786699798,0.0117612274538488,0.00937840989830747,0.00924476429892299,0.00986680287683281,0.0100333547376504,0.0103901851871998,0.0115245192326926,0.0171775245377408,0.0246768517919382,0.0233814515074458,0.0184520857089792,0.0180686571158733,0.0188159798311992
Zambia,...,...,...,...,...,...,...,...,...,...,...,...,...,...,...,...,...,...,...,...,...,...,...,...,...,...,...,...,...,...,...,...,...,...,...,0.0300141959034679,0.0236145873103409,0.0366412213740458,0.0322068519192655,0.0238834408143687,0.0419526940334752,0.0341082508884576,0.023374458851178,0.027050497634892,0.0142939824259298,0.0171924538560915,0.0145168841419497,0.010518095531385,0.0100766103765507,...,0.0164831846043945,...,...,...,...,0.0158089960446516,0.0184832294449392,0.017439454502704,0.0206370699223085,0.0208008787697224,0.0173163534710359,0.0138259276517524,0.013176391076812,0.013578688500397,0.0135973638684875,0.016338689575111,0.0175323445099498,0.0142930472392762,0.0130136750851783,0.0143749939178333,0.0125568409370479,0.0116572196732911,0.00982237890875063,0.011165478995702,0.0133879038934617,0.0133268361976463
Zimbabwe,...,...,...,...,...,...,...,...,...,...,...,...,...,...,...,0.0103935584586312,0.0118956840018301,0.0132246235468518,0.0136005726556908,0.0206812652068127,0.0242276887871854,0.0243870077486466,0.0228806168816267,0.0218284348508048,0.0262585362905663,0.0297699763949576,0.0339944638894608,0.0462671359762875,0.0653812666116763,0.0799131353984741,0.0852052148720425,0.0662908562787285,0.0486431834635644,0.0512254528847618,0.0556085058152265,0.0567764991105304,0.0548666915012506,0.055038198632891,0.0582388892185368,0.0520870655678968,0.0493103073748235,0.0410390378548896,0.0397936507936508,0.0380277171820865,0.0330030387105298,0.0311471290363111,0.0318165315260801,0.0288277157260057,0.0299826689774697,...,0.0223808309966862,0.0305379188712522,0.0254980434009249,0.0630647414997671,0.0203467725088782,0.0270575805599577,0.0145257572407694,0.0198624247635426,...,...,...,0.00816251453246969,0.01407162104666,0.0185949988315027,0.0186822395642382,0.0188778911739064,0.0188630877860684,0.0174198491851131,0.0147256736668559,0.0117941734860884,0.00653123880490076,0.00974989311324521,0.0156777878168608,0.00994988109351456,0.00209793581326229,0.00351195023855751
Americas,,,,,,,,,,,,,,,,,,,,,,,,,,,,,,,,,,,,,,,,,,,,,,,,,,,,,,,,,,,,,,,,,,,,,,,,,,,,
Central America and the Caribbean,,,,,,,,,,,,,,,,,,,,,,,,,,,,,,,,,,,,,,,,,,,,,,,,,,,,,,,,,,,,,,,,,,,,,,,,,,,,
Belize,...,...,...,...,...,...,...,...,...,...,...,...,...,...,...,...,...,...,...,...,...,...,...,...,...,...,...,...,...,0.00575196524617294,0.00799043909348442,0.00863782257029144,0.0115896992837435,0.0143758716875872,0.0153438103553192,0.0154391891891892,0.0155982599550648,...,...,...,0.011991114230498,0.00894743197157451,0.00818168468482646,0.00788094264285229,0.00844087949169837,0.0105288722447478,0.0101132983352715,0.00962038381608788,0.0111142453608722,...,...,0.00657400606900072,0.00660133826570744,0.0065317934436876,0.00674810769936463,0.00699362422608098,0.0075074714637425,0.00770603665352675,0.00804721615478068,0.0107408006688025,0.0102025947294782,0.00876347006335822,0.00842255994312455,0.00796165416080834,0.00874010589302631,0.00931313121713426,0.00892830505973699,0.0096275814780823,0.0101066786730984,0.0101132122816519,0.0101662701573035,0.0126623781790202,0.010975102664713,0.00979173785897568,0.00992933768484191,0.00898885869151742
Costa Rica,...,...,...,...,...,...,...,...,...,...,...,...,...,...,...,...,...,...,...,...,...,...,...,...,...,...,...,...,...,...,...,...,...,...,...,...,...,...,...,...,...,...,...,...,...,...,...,...,...,...,...,...,...,...,...,...,...,...,...,...,...,...,...,...,...,...,...,...,...,...,...,...,...,...,...,...
Cuba,...,...,...,...,...,...,...,...,...,...,...,...,...,...,...,...,...,...,...,...,...,...,...,...,...,...,...,...,...,...,...,...,...,...,...,...,...,...,...,...,...,...,...,...,...,...,...,...,...,...,...,...,...,...,...,...,...,...,...,...,0.0338096005154639,0.0332685611242383,0.0308450500072474,0.0393759997812444,0.0351272878104423,0.0353600476096013,0.0308379144526184,0.0307218792501319,0.0287240323946139,0.0287620737245072,...,...,...,...,...,...
Dominican Republic,...,...,...,...,...,...,...,...,...,0.0531044656027893,...,0.0523152574784865,0.05229793977813,0.0431965442764579,0.0386521308225966,0.0378349505920057,0.0421207041072925,0.0346271991063949,0.0319186875891583,0.0324517139377066,0.0264782447006322,0.0241669471558398,0.021962196219622,0.0198752138472376,0.0179127393696422,0.0196506550218341,0.0183101330888278,0.0192838162723017,0.0188572300582067,0.0217556606961811,0.0218229431876046,0.0158354321564842,0.0172012825276253,0.0158204007834865,0.0136650543348589,0.0119889598067966,0.0121005235068591,0.0134415405467726,0.0101813994179507,0.00880047487861676,0.00800367985280589,0.0067572938756657,0.00348155032228406,0.00559086816093422,0.00755070036358464,0.00733765624039859,0.00549477867602509,0.00633651609977827,0.00796926406823975,0.00780062374149808,0.0081624388755279,0.0103009647155323,0.0121349605211345,0.0105891921128922,0.00764145027120822,0.00687618052138186,0.00766536371799736,0.00683423360678412,0.0062761905715381,0.00699861657175699,0.00667461170274579,0.006675317048534,0.00602928060143009,0.00653151461976632,0.00611824773045351,0.00651437855543241,0.00643674978238558,0.0063403055291349,0.006660634439633,0.00693991110098086,0.00689583054746984,0.00746231922011371,0.00647239948925026,0.00679073001629194,0.00779308679345321,0.00782420068931067
El Salvador,...,...,...,...,...,...,...,...,...,...,...,...,...,...,...,...,0.00738683896695399,0.00709079835684082,0.00694253982686142,0.00655571183199067,0.0071546150132435,0.00629834058383193,0.00718020405177658,0.00881572824648191,0.00864970611800008,0.00801397476690848,0.00830737938354675,0.00881847195617408,0.00971842225565606,0.0111852601258792,0.0157765362430514,0.017363364875446,0.0227954641554224,0.027763365312517,0.0355144989362715,0.0644328243706815,0.0658971611464278,0.0432995671803931,0.0446916395124473,0.0427132388506901,0.0487234584982692,0.0341366598744942,0.0273257745456787,0.0225357678228633,0.0167872879014223,0.0135222117942445,0.0117505832785871,0.0107440915279515,0.0100776620629422,0.00922942907935975,0.00920549239593538,0.00840331038102095,0.0109067003863398,0.0113023872990524,0.00841381284888912,0.00810214431044768,0.0090420465369438,0.00888131105901353,0.00973444824900437,0.00961811831487238,0.0107887821146881,0.0108955372746629,0.0108806149544119,0.0104880962679117,0.0107998923193894,0.0103525487674093,0.0105682005889035,0.0102350295230491,0.0104446940079198,0.0113220727885334,0.0118000962074512,0.0137995002386364,0.0121053697201576,0.0143329011743175,0.0133693500391086,0.0118611916982816
Guatemala,...,...,...,...,...,...,0.0131071190430111,0.012686558198667,0.0129922484191613,0.0123799574153478,0.0126614248711827,0.0115792223391347,0.0112222106548301,0.010453078110693,0.0117300751136389,0.0100383425318668,0.0139559048518441,0.0137345487471598,0.0145714604983797,0.0126668736417262,0.0102599976681823,0.0169642857142857,0.0111850060459492,0.0114198705748002,0.00910753901840968,0.00898307765301281,0.0123148656061437,0.0127139028245481,0.0137213757868808,0.0118112181863108,0.013066782558308,0.0131685153691905,0.0188944910430075,0.0202571867758735,0.0203593409871932,0.0219084928671742,0.0200737043596487,0.0166749799534035,0.0175071000671895,0.0186907699721099,0.018028516299552,0.0172801156281599,0.0126843726414995,0.0147262037513846,0.0126706017134887,0.011785345993652,0.0108042737364637,0.00895717413539242,0.0074281794332224,0.00720839850994178,0.00675600759866063,0.00918401634718749,0.0105206292918867,0.00762245026054294,0.00815655342525256,0.00479416089056921,0.00383913656735458,0.0043182946456192,0.00398456601466993,0.00468231102914397,0.00395326073511874,0.00441382604389834,0.00459619447723005,0.00475870730886697,0.00471272593167646,0.00424656428368739,0.00405967931287061,0.00440496512523365,0.00383850245049506,0.00372491637911365,0.00430070763358893,0.00440993296513657,0.00390634304160435,0.00461665961921935,0.0041898209578954,0.00367622067360881
Haiti,...,...,...,...,...,...,...,...,...,...,...,...,...,...,...,...,...,...,...,...,...,...,...,...,...,...,...,...,...,...,...,...,...,...,...,...,...,...,...,0.000867385444743935,0.000827735623003195,0.000930058157330885,0.00102727272727273,0.00110963715046605,0.000934226399919574,0.000742775407292475,0.000819197504607968,...,...,...,...,...,...,...,...,...,...,...,...,...,...,...,...,...,0.000303030932089833,0.000355624820363801,0.000399858125348653,0.000492315360368918,0.0004364592592778,0.000611986488105247,0.000859315095445588,0.00103094179098955,0.00153942307239608,0.000687408576027912,0.000540804620761845,0.00068443100204951
Honduras,...,...,0.009609375,0.00914328657314629,0.00962569316081331,0.0099560546875,0.0110109289617486,0.0112217391304348,0.0164555369127517,0.0171653543307087,0.0151367781155015,0.0116840536512668,0.0107584269662921,0.00988387096774193,0.00931707317073171,0.012800875273523,0.012291052114061,0.0118181818181818,0.011371237458194,0.0108545034642032,0.0106824925816024,0.0136929460580913,0.0147001934235977,0.0183600713012478,0.0168337730870712,0.0159886471144749,0.0190391459074733,0.0175816023738872,0.019047619047619,0.0226961558715113,0.0223954802259887,0.0222135619641465,0.0214577052668913,0.0230755984157052,0.0227494312642184,0.0244049412473637,0.025827723588405,0.0277011946960746,0.0295003010234798,0.0285374554102259,0.0267079543255274,0.0220148360851878,0.0154468554615668,...,0.0115782978535854,...,...,...,...,...,...,0.00729929060458941,0.00822610515328626,0.00809187514419362,0.00998264922159563,0.00682692754206461,0.00641478464457184,0.00692430000775615,0.00776008264862645,0.00953978556250972,0.0107491069621038,0.0107445720815541,0.0113130910330426,0.0113179437578958,0.013795353155606,0.0119271597688079,0.0135173104039659,0.0153155567439147,0.0158983296006831,0.0148969667029328,0.0157817708956802,0.014667972724004,0.0149821773541885,0.0146557698015697,0.0152388630538342,0.0157536270602411
Jamaica,...,...,...,...,...,...,...,...,...,...,...,...,...,...,...,...,...,...,...,...,...,...,...,...,...,...,...,0.00925307817831182,0.00941001252411739,...,...,...,0.0150794248996589,0.0162772067972252,0.0138598924669679,0.0105973179462521,0.00891059849412813,0.00853933328915104,0.00770446354311062,0.00807990671996954,0.00929262991503655,0.00840785086389815,0.0075852456763707,0.011078382456987,0.00821906410171071,0.00629920602685154,0.00538709243142773,0.00567656626792595,0.00655054826817414,0.00544947828971664,0.00511051526418673,0.00486319761296974,0.00504358949501446,0.00585431033566746,0.00581596297588658,0.0053596996755953,0.00527663694618897,0.00608922318763779,0.0065245791026588,0.00953354273523125,0.00947227444976472,0.00874179484221201,0.00925165752936644,0.00929536056664277,0.00898967963739861,0.00872784216786518,0.00872353476007681,0.00954831298098327,0.00973433068165328,0.0133284679598136,0.0168152578167608,0.0170647069948671,0.0146676867767402,0.012899994472516,0.0118599590352408,0.0127385736005958
Mexico,0.00877551020408163,0.0086374695863747,0.00764150943396226,0.00721753794266442,0.00811544991511036,0.00875346260387812,0.00786848072562358,0.00738568588469185,0.00734199134199134,0.00687402799377916,0.00644880174291939,0.00673508659397049,0.00651780325890163,0.00689655172413793,0.00718685831622177,0.00677506775067751,0.00591269841269841,0.00576379066478076,0.00545217107411035,0.00548510763786494,0.00600160042678047,0.00497411658789106,0.00487655580493777,0.0053656808925093,0.0054421768707483,0.00565744136934534,0.00573584219616398,0.00598103574033552,0.0053425620505056,0.00504834431419526,0.00505297473512632,0.00416107382550336,0.00513301014380576,0.00495419417575106,0.00522866313988212,0.00659819059927896,0.00676313139343828,0.00634622463096704,0.00580341889191456,0.00536145374184792,0.00517255829376633,0.00433081035474032,0.00435402300782292,0.00469454655731209,0.00400441266975791,0.00476011477226271,0.00411044545371404,0.0043569107787377,0.00417243861215643,0.00405987604918763,0.00420263793911023,0.004085181378342,0.00405679210443065,0.00391316389699324,0.00386714351968895,0.00348326583014086,0.00340404650226474,0.00297483414235144,0.00383092431979546,0.0037317675556547,0.00478488795822754,0.00433229899207479,0.00447386999972132,0.00455502051174913,0.0048764287589738,0.00495321031372806,0.0045074282393045,0.00480046272445401,0.00424849155540147,0.00464611544931539,0.00509337628297564,0.00717690608258695,0.00659404192954647,0.00685819352028866,0.00660371879752505,0.00893257529320534
Nicaragua,...,...,...,...,...,...,...,...,...,...,...,...,...,...,...,...,...,...,...,0.0145964542951095,0.0137701531929543,0.0158426055559649,0.0150573737863237,0.0186729019837893,0.0142056716970161,0.0145341316914625,0.0174609414281405,0.020673642695843,0.0246546314030727,0.032219457323258,0.0310478654592497,0.033461804193077,0.0433559111285625,...,...,...,...,...,...,...,...,...,0.0400221575959008,0.0263275323516287,0.0210232558139535,0.0118950040982787,0.0110282030687536,0.00949704913116282,0.00894669832421458,0.00735362192331601,0.0071949282543475,0.00782751441383728,0.00683524520762284,0.00865165582304889,0.00860737429085598,0.00730793275300281,0.00700404064217207,0.00551255993486822,0.0053172621458102,0.00502058376769716,0.00502751000926974,0.00505472679188859,0.00526411336509848,0.00665903553721293,0.00678614215031222,0.00685091959091359,0.00775537371941149,0.00639876675817232,0.00626510067010078,0.0062717222145559,0.00605020089397565,0.00629971870953776,0.00549759399022683,0.00537113968209365,0.00554656019996368,0.00545131278321867
Panama,...,...,...,...,...,...,...,...,...,...,...,...,...,...,...,...,...,...,...,...,...,...,...,...,...,...,...,...,...,...,...,...,...,...,...,...,...,...,0.0184098043736587,0.021109857421274,0.020849104859335,0.0125635913653238,0.0122854731313889,0.0108347426748615,0.0119864522871209,0.0119255655788032,0.0111575688974104,0.0108559230216368,0.0117017056723522,0.00951292019208781,0.00974136501313688,...,...,...,...,...,...,...,...,...,...,...,...,...,...,...,...,...,...,...,...,...,...,...,...,...
Trinidad and Tobago,...,...,...,...,...,...,...,...,...,...,...,...,...,...,...,...,...,...,...,0.00670378178943207,0.00675372176591376,0.00754395570967938,0.00961321287408244,0.00841940907999039,0.006834490289369,0.00420373506332435,0.00438199279258882,0.00504474181101716,0.00489525807136788,0.0051405913726958,0.00591401256586214,0.00592171641242541,0.00513444457963256,...,...,...,...,...,...,...,...,...,...,...,0.00494773590298477,0.00489219432314411,...,...,...,...,...,...,0.00155634799309892,0.00213074265946209,0.00294294112206887,0.0056332687432576,0.00604538000333575,0.00621275873847403,0.00568668581528334,0.00493375226495272,0.00709658644481144,0.00635217366605715,0.00566437190906244,0.00641229257894688,0.0076306904134769,0.00656301051048555,0.00752974392707466,0.00914265892901233,0.00845376415248969,0.00694747131148301,0.00733109759963043,0.00812607258583509,0.00859057055256023,0.00765634931845469,0.00959389724160016,0.00921416388185832
North America,,,,,,,,,,,,,,,,,,,,,,,,,,,,,,,,,,,,,,,,,,,,,,,,,,,,,,,,,,,,,,,,,,,,,,,,,,,,
Canada,...,0.0242745098039216,0.0466225314183124,0.0679876837504966,0.0737355559765107,0.0686272662168784,0.0617777777777778,0.0568582456993496,0.0534931963907506,0.0493779595953935,0.0439976766903398,0.0418525654025553,0.0412831224346052,0.0399921638867122,0.0362065011154897,0.0340206283659061,0.0293026065941654,0.0268328242154957,0.0274792676977819,0.0254364188044292,0.0227378467044438,0.0218897969593808,0.0213148563939489,0.0201181843821932,0.0183260181767425,0.017838130850829,0.0186354185265607,0.0176592797783934,0.0180576360007784,0.0184888740061337,0.0171124591794032,0.0176444861477782,0.017099156381512,0.01954343585383,0.0208119624877852,0.0211718885542571,0.0209737623375073,0.0210919711788911,0.0206257637101059,0.0198676711890836,0.0193461430865038,0.0195879374221417,0.0189544433858064,0.0186168769986295,0.0182175350392748,0.0169668025731865,0.0155409007114777,0.0140375258106455,0.0124624320151167,0.0125629390156868,0.0124170306410258,0.0111434980213748,0.0113335628281332,0.0111686914736943,0.0111193730688338,0.0110418939142687,0.011071054242081,0.0112252472932052,0.0118579022996702,0.0124551836677548,0.0137755563107525,0.0119433833839121,0.0119329189549638,0.0111840459807104,0.0100236720047397,0.00989925299438868,0.0115270937445521,0.0116416156719089,0.0135189646465708,0.013176781061648,0.0128451224366918,0.0139399340787119,0.0125420081409628,0.0116713259486345,0.0125316567875902,0.0131303419578919
United States of America,0.0527202005452264,0.0508196344009797,0.101670211701178,0.138600809955537,0.135802724604204,0.117365955271285,0.101562448635985,0.0990101162224892,0.0999243948515759,0.100717639870091,0.0943877296397373,0.0899312458715278,0.0915603150017123,0.0933167294545842,0.0883189118618018,0.080512811057284,0.0758724717722602,0.0843530028594507,0.0941779593255137,0.0926845427468793,0.0863326379509104,0.0803274358404085,0.0694306960936061,0.0651975692434716,0.058938705911674,0.0595411119676015,0.0562267909613336,0.0519107142902555,0.0515561735127125,0.0494308724791688,0.0495199153527265,0.0515353746651636,0.0564654125624258,0.0681405709441284,0.0632114425976717,0.0623641652963897,0.064532192046686,0.0662652265789842,0.0642027402288488,0.060712777020948,0.0587120600804653,0.0560517529438794,0.0488342939776313,0.0497046680768284,0.0460435029507644,0.042152646751779,0.038602457917389,0.0355498220635218,0.0340556224418855,0.0320155849896996,0.0308567678324746,0.0311224214697679,0.0312380980266703,0.0344761809928778,0.0382716104473623,0.0401631273640692,0.0408923187524508,0.0404134230166038,0.0407335051467688,0.0444659552156261,0.0487576835879774,0.0490402300595835,0.0482244197600452,0.044617099699335,0.0402370560438155,0.0367891817387645,0.0346449292564277,0.0340260233575118,0.032977234873792,0.033040005391035,0.0340921408383721,0.0364518757294704,0.0340451991574826,0.0330947715843109,0.03304441637598,0.0341921653228044
South America,,,,,,,,,,,,,,,,,,,,,,,,,,,,,,,,,,,,,,,,,,,,,,,,,,,,,,,,,,,,,,,,,,,,,,,,,,,,
Argentina,...,0.0291428571428571,...,...,...,...,...,...,...,...,0.00813,0.0155,0.0214,0.0266,0.0168,0.0115,0.0107,0.01168,0.014,0.0168571428571429,0.019375,0.0187777777777778,0.0180769230769231,0.0182380952380952,0.0184857142857143,0.0165918367346939,0.0204195804195804,0.0378129117259552,0.0400860009555662,0.0471914405808177,0.0467335625570135,0.0309895833333333,0.0346534653465347,0.0270455793520044,0.0273881278538813,0.0216203914428767,0.0229971724787936,0.0231367874921125,0.022843868799904,0.0212493922313663,0.0188036559239223,0.0145090921225786,0.0150692655529635,0.0142122223348777,0.0142280290057293,0.0145703853325047,0.0147307310721151,0.0124122726437626,0.0114013911131295,0.0113631802186333,0.0122035954754993,0.0114882267666887,0.0118423354187058,0.0109188047859748,0.0106089505704838,0.00883295358833529,0.00847154783885961,0.00788233877461469,0.00792548175031362,0.00762756475390461,0.00886508576686385,0.00814878118220695,0.00764287095310235,0.00784824735364742,0.0083773642721392,0.00878100924236765,0.00850128597463815,0.00809245362717563,0.0084775481125944,0.00732300347538541,0.00699696134379197,0.00734111593948744,0.00631788619254705,0.00684586409291956,0.0075569413987974,0.00618350391157195
Bolivia,...,...,...,...,0.00527547297449525,...,0.00316884311841737,0.00355894588458467,0.00818611072540163,...,...,...,0.0120346398630851,0.0115869999293218,0.0132641201559317,...,...,...,...,0.0135015218468453,0.0131822489730177,0.0161221645007261,0.0139158576575288,0.0159554189417413,0.0162263620944444,0.0183665409751227,0.0237123711512529,0.0236715657458444,0.0224749944085215,0.0259897009809179,0.0270846107783402,0.0317239989323544,0.0390220332170092,0.019818473003102,0.0149932070318929,0.0217084173606847,0.0201399252543919,0.0234554922832377,0.0237726317649524,0.0202098131957809,0.0215628869950008,0.0281588331884607,0.026883248571772,0.0250611883346961,0.0191634980988593,0.0225030123424626,0.0209616225791141,0.0198680754250518,0.0227361030066829,0.0269111085956905,0.0213328709491197,0.020629715134384,0.023204467435097,0.0199033371462944,0.0214548339823865,0.0189650330503014,0.01717004422633,0.0146622698404757,0.014890475837354,0.0219395160882894,0.0176136075631536,0.0278500726887326,0.0168412265690433,0.0184560643919497,0.0184124031434345,0.0189691504477836,0.0175943591545975,0.0153046784866919,0.0153642735273655,0.0149690260690782,0.0145127092717043,0.0139204744468967,0.0132579943750687,0.00973250888476219,0.0130430837360161,0.0137066364312669
Brazil,...,...,...,...,0.0359550561797753,...,...,...,0.0440352105543593,0.0406752084604434,0.029633633462773,0.0267913472590723,0.0236406619385343,0.0239868330737835,0.0226083918239834,0.0201449809094829,0.0335209215674899,0.030219816316073,0.0285697200831844,0.0264974015836375,0.0261559000626652,0.0288728955692843,0.0261904685858105,0.0243581199022501,0.0215465130649243,0.0194135341120892,0.0197214379625895,0.0200275336513055,0.0168772647800164,0.0159967155032807,0.0152193168607333,0.0113843442074363,0.0114314876818876,0.0130353436107498,0.0125458032300474,0.0119954104516533,0.0142952312218953,0.0122038872750142,0.0174399403145367,0.021180722049862,0.0268625,0.0236384102519699,0.0196333333333333,0.0152152886115445,0.0192792281498297,0.02016007789121,0.0186213698033379,0.0165484349950291,0.0157768831551774,0.0166229191975824,0.0164547466656987,0.0173072614713627,0.0195188244532532,0.0189577119915617,0.0150347763554507,0.0146126840890621,0.0152401346273319,0.0148108495636286,0.0146629209992902,0.0144192408837717,0.0153862567601211,0.0153940698128362,0.0141185115924524,0.0137865646470437,0.0132944608382557,0.01330244423168,0.0136551715396161,0.0134797541299482,0.0141402166797586,0.0146967772350671,0.0138279724638797,0.0132666026860555,0.0114903763026142,0.0105240083845945,0.0100237538990131,0.00972774559040702
Chile,...,0.0263969982841951,0.0306955614218184,0.0257307728691704,0.0278000687836753,0.0169096681927342,0.023,0.023,0.0305,0.027,0.0215,0.0311840562719812,0.0352744729701524,0.0304370907803929,0.0286539572501444,0.0263518659558264,0.0288571273300364,0.0273592085235921,0.0271363263392334,0.0252706817797327,0.0226089998688066,0.0445045063352876,0.0626481544192347,0.0662541419500109,0.0628382090072808,0.0710956116396779,0.0674253666077988,0.0608505082532873,0.0691524481356639,0.067281223205458,0.0633255633255633,0.0648209286969784,0.0702211888902853,0.0887726773839499,0.0757522260240995,0.076054061762236,0.0690060861105455,0.0628800219933844,0.0563807107493349,0.0413999607967718,0.0359002950895468,0.0340165485912065,0.028498427672956,0.0262851046938573,0.0270692293725521,0.0259754498264789,0.0256206462916649,0.0242329858662731,0.0247364271374518,0.0257620115809555,0.0270268274607335,0.0268861587922595,0.0264704914030913,0.0253154295292261,0.0270297145376308,0.0271229041616156,0.0253476302244179,0.0250608218939499,0.0233098056175611,0.0258365229486108,0.0227650789887703,0.0225424093293149,0.0226361278130337,0.0204588028294284,0.0199462247217943,0.019671068502734,0.019096233898132,0.0192415844717468,0.0194059250989466,0.0187761395069212,0.0186471710953666,0.0206553058219768,0.016474241515743,0.0154099069337002,0.0163026388670905,0.0157780388625485
Colombia,...,...,...,...,...,...,...,...,...,0.0235459072668375,0.0183086680761099,0.0188432347552997,0.021432563032116,0.0309941520467836,0.035151403758673,0.0318080357142857,0.0319094692172311,0.0316524479704396,0.031173645631477,0.0238537248109852,0.0205492415707552,0.0225954658431875,0.0337417409711976,0.0196719582300512,0.0169024510610298,0.0157578013524412,0.0174026807533756,0.0149360287072351,0.0143848721422287,0.0155031940977911,0.0167392876970441,0.0183012164926257,0.0175512036191792,0.0171385095903576,0.0221993752742179,0.0232589496393177,0.0205401660934215,0.0194461959115846,0.0198313541641877,0.0219924475548319,0.0218818380743982,0.0186015929954807,0.0185348178319724,0.0210667794255338,0.0252526701829097,0.0250840701347047,0.0283162658057701,0.0444539325396431,0.0280178788575936,0.0344098574204708,0.0376274205786296,0.0303168353865852,0.0332387281880532,0.0341712762358197,0.0346398869081496,0.0346501517406307,0.0337467969392646,0.0329582499135229,0.0328630170949445,0.0373724698565115,0.0388696383706353,0.0363691504613462,0.0307710698956258,0.0315600586340429,0.0327226285651869,0.0310825884811044,0.0310996008410671,0.0307113102611539,0.0320809672439436,0.030332327385044,0.0314565669372153,0.0353440413219336,0.031957582534691,0.0279798282722927,0.0296545217971359,0.0335903368303836
Ecuador,...,...,...,...,0.019415917843389,...,...,...,0.0241129435282359,0.0228229292744129,0.0190267527675277,0.0237623678350892,0.0204676698378785,0.0204545378336297,0.0176521231065259,0.0190995401275775,0.020695652173913,0.018242215194411,0.0180442333340465,0.0192397349775755,0.0237061630052488,0.0183368971819713,0.0185402516979624,0.0199002320804546,0.019765704092947,0.0201588995612475,0.0236680898459254,0.0220068766787297,0.0308037216906285,0.0214272648880295,0.019874937490116,0.0178122469851281,0.0167784031835944,0.0165400283130616,0.0157477834994725,0.0148523232727441,0.0177973855389976,0.0183738682762294,0.0196631614944003,0.0161611581675238,0.0142669785233533,0.0135122222907748,0.0127147161976289,0.0121330539339896,0.015053435537415,0.0131569135777556,0.0198760353101763,0.016897249235818,0.018110665611487,0.0201895367462851,0.0155598240646013,0.0151733948117752,0.0166039298461832,0.0186662346180863,0.0238654946619875,0.0201733501271599,0.0236848865849083,0.0207919490158198,0.0262795079870115,0.026922066648737,0.0324319951406484,0.0307257396611835,0.0310647440690889,0.0295181465866835,0.0283298697009902,0.0271279094772759,0.026720726618256,0.0257311675623471,0.0235738419773924,0.0237199911152844,0.0218038189769994,0.0245792351121034,0.0224210709535338,0.0221851529975547,0.022651385614971,0.0222194770434425
Guyana,...,...,...,...,...,...,...,...,...,...,...,...,...,...,...,...,...,...,...,...,...,...,...,...,0.0164596273291925,0.0285057471264368,0.0695810564663024,0.0835260115606936,0.0607458292443572,0.0389084507042253,0.0371501272264631,0.0370026525198939,0.039448966812774,0.0512655601659751,0.0451634877384196,0.0467470588235294,0.0843686354378819,0.0535585585585586,0.0308608876973488,0.0266376601401982,0.015837366892546,0.00905828279604213,0.00582892778319561,0.00969692301108401,0.00950952235978621,0.0100593672094627,0.00915520386083765,0.0078783093358105,...,...,...,0.01765977248429,0.0201794562341177,0.0229328668097935,0.0219971682743689,0.0280932483375126,0.0141048583687429,0.00805815134799291,0.00914399668478094,0.0100888107540392,0.00981015648111865,0.00905210395614708,0.00878175345601621,0.00825543220373685,0.00843693300095089,0.00951652170035393,0.0108486547097887,0.0115412827584568,0.0125334268912328,0.0129081562879598,0.0129961278504611,0.0140257741131547,0.00954930861063661,0.00601394233025198,0.00640353101540134,0.00868162254451279
Paraguay,...,...,...,...,...,...,...,...,...,...,...,0.0252896446576405,0.0227914968110271,0.0229739211371685,0.0239885421989564,0.0240376576147081,0.0263308768009038,0.0291684506016093,0.0303155899468327,0.0321104958736661,0.0316148604879584,0.0331587229143819,0.0322522546972088,0.0384646313307982,0.034174372291334,0.0256457242017884,0.0312500356436095,0.0298995650695533,0.0288864465534837,0.0295853231831292,0.0202639826239285,0.0218144922143015,0.0252786018286072,0.0380329757549991,0.0364524179869616,0.0350818517688981,0.0375763484289285,0.0380406563785285,0.0277319233257148,0.031954734453196,0.0242576375579472,0.0213187585625298,0.028293270046069,0.0236888997739081,0.0217854766482964,0.0204676637090921,0.022834245690128,0.0206378993670781,0.0168568030658609,0.0154315371528311,0.0138876785203796,0.0124493945384649,0.0107463481723327,0.0097123693298858,0.00825755371784335,0.00877630063887399,0.00721480399782029,0.00793455134933818,0.00741436848396038,0.00683124275184385,0.00753483712105124,0.00750544858772042,0.00844603850849582,0.00964506788033691,0.00964167260244977,0.00986605391734507,0.0106744934908852,0.00950953301628568,0.00892663231219253,0.00961156152749535,0.00973840384070445,0.0102757342677333,0.0091821461942659,0.00871127145265658,0.00922071975751778,0.00933106143624753
Peru,0.0290401968826907,0.0283205703723264,0.029186935371786,0.0265693569929403,0.0277753245606288,0.026911729527151,0.0276804484933427,0.0298172389805856,0.0292189493043814,0.0289690275070392,0.0279647359939331,0.0250800127271706,0.0264475743348983,0.0242506811989101,0.0331639135959339,0.0334022750775595,0.0309834638816362,0.0284356725146199,0.0470363288718929,0.0235737351991389,0.0238755980861244,0.0350643955130868,0.0361951588502269,0.0363081099423142,0.0392538975501114,0.0393296089385475,0.0521628498727735,0.0567691301504251,0.0821438699309954,0.0619970193740686,0.0335243553008596,0.0455906821963394,0.0398481973434535,0.0511265164644714,0.0484595635430039,0.0335755813953488,0.0387014909590779,0.0334929554073131,0.0341149604544948,0.0218520096250158,0.0219047619047619,0.0268237879230488,0.0201981593068921,0.0250703504732668,0.0274610246918215,0.0247419793989292,0.0263532409935627,0.0250202659772583,0.0199676996833552,0.0201666134194933,0.0193063071870992,0.0178896684869544,0.0175202012964839,0.0154184022087652,0.015094994978724,0.0138222353551043,0.0158127268565483,0.0145621492625964,0.0130393825370825,0.0124669488192926,0.0152962572422539,0.0147697203873093,0.0137118305528699,0.0148351279277452,0.0164306905104789,0.0160248762240244,0.0174508054943009,0.0132190839942957,0.012652396703256,0.0118979117011669,0.0120589146228792,0.0131677830419866,0.011644987739258,0.01135133506685,0.0123585995220031,0.00909288680359786
Uruguay,...,...,...,...,...,...,...,...,...,...,...,...,...,...,...,...,...,...,...,...,...,...,...,0.0219806763285024,0.0376415462709879,0.0453145622525297,0.0428606416850355,0.0348156353853458,0.037459201606829,0.0362107985774329,0.0380043383947939,0.046961086286929,0.0625546127902134,0.0644930689376515,0.0538198403648803,0.0457564575645756,0.0430422064354367,0.0412128017967434,0.0303942220884743,0.0315664690939881,0.0352912674143328,0.0352740166449266,0.0239471219270806,0.0284951481234276,0.0279239845208779,0.0257770556975008,0.0271463667452926,0.0280593839042227,0.0239972074691363,0.022581336824168,0.023944609705068,0.0243597728787045,0.0250257766217716,0.0253014006008996,0.0223754532184395,0.020407280132366,0.0200038586601038,0.0200617807800672,0.0177716708828507,0.0186952468832085,0.0182261337958887,0.0187580785777619,0.0171974893241654,0.0160724459656554,0.0168721815702608,0.0174099456885648,0.0176584061733326,0.018091708739885,0.0191114379023487,0.0207741613248953,0.020057166464094,0.0205692189335606,0.0226205420416101,0.0204278364297671,0.0211561237275002,0.0231053827798918
Venezuela,...,...,...,...,...,...,0.0257657053431701,0.0275490196078431,0.0321647236433783,0.0343312723722747,0.0295820942244483,0.0305804440981691,0.0142222222222222,0.0231290213342364,0.0255358807082945,0.0244668911335578,0.0263643553915107,0.0265688259109312,0.028585154936344,0.0267737617135207,0.024989228780698,0.0229401644045116,0.0269940787182167,0.0282926829268293,0.0247098976109215,0.0230776084825804,0.0259102455546147,0.0188749074759437,0.0206794682422452,0.0210576126818881,0.0191585635891018,0.016955153422502,0.0152168577539357,0.0224877261647269,0.0297074010327022,0.0229205175600739,0.0136961895641717,0.0164997053624042,0.0163369833980925,0.0181610508280982,0.0279359694117964,0.0151803655572423,0.0184033527682396,0.0164347885019412,0.0214525385503951,0.0159074692484412,0.0154906215977261,0.0103948338355238,0.0179528505216579,0.0158855520454273,0.0143719900378467,0.0152657012884905,0.0155510791113255,0.0115337359551171,0.0118269062721142,0.0128830181236512,0.0183171374924625,0.019784922172232,0.0188899310620025,0.0179355285179574,0.0123107041540807,0.0101348862784929,0.0113040534078431,0.0134147173233053,0.0166955178280415,0.0116181680999136,0.00941375968866619,0.00454046014282467,0.0223333219917076,0.00150853892569221,0.0179230375763991,0.0157552271230291,0.00313630729266034,0.00649886788939365,0.00500704497643446,...
Asia & Oceania,,,,,,,,,,,,,,,,,,,,,,,,,,,,,,,,,,,,,,,,,,,,,,,,,,,,,,,,,,,,,,,,,,,,,,,,,,,,
Oceania,,,,,,,,,,,,,,,,,,,,,,,,,,,,,,,,,,,,,,,,,,,,,,,,,,,,,,,,,,,,,,,,,,,,,,,,,,,,
Australia,...,0.0287790149084733,0.0373505976095618,0.0518059583443185,0.0479986036769839,0.0396825396825397,0.0385961403859614,0.0367069904885031,0.0331721387969797,0.0325456053067993,0.031032885595183,0.023695451396906,0.0241513985411521,0.0236369536996971,0.0244663463919568,0.0264824279705097,0.02952292961532,0.0345138290370603,0.0379376396722358,0.0383727358459887,0.0338591988002192,0.0296603557682305,0.0276315170889944,0.0268562060485785,0.0237934679594664,0.0226280269948392,0.0226731559253735,0.0221661210675248,0.0224720220833707,0.0221568856991058,0.0219272937103289,0.0224895690403517,0.0229660194471064,0.0239326521613692,0.0251981181916526,0.0250523365070013,0.0252326837870517,0.0254042975157867,0.0237298883241393,0.0216075183750683,0.0204853013398884,0.0207633746497533,0.0216398943025625,0.021677126248268,0.0217544607354227,0.021137746508636,0.0201963487798019,0.0192972572930819,0.0186485958622229,0.0186888717465027,0.0188736164284382,0.018244056794188,0.0186297632956383,0.0186803152019821,0.0184253577993579,0.0182208057125111,0.0179628773763805,0.018177309027711,0.0181127596229823,0.0179619704962465,0.0192365517034008,0.0185259869583961,0.0175526613878209,0.0167028165223311,0.0163819651223089,0.0177241725032578,0.0195232628501993,0.020896214779767,0.0200509517581937,0.0189562007676709,0.0188000240626833,0.0200738622102391,0.0197847691589702,0.0188329708969124,0.0186157133456052,0.018837883329175
Fiji,...,...,...,...,...,...,...,...,...,...,...,...,...,...,...,...,...,...,...,0.00205761316872428,0.00188323917137476,0.00187695516162669,0.00217083529966966,0.0024885145482389,0.00218740762636713,0.00242222222222222,0.0030049786628734,0.00396150761828388,0.00507575757575758,0.00873095000712149,0.00938856941673512,0.00862051438446681,0.00919420509421456,0.0115496779857107,0.0124142084112131,0.0122260793484156,0.0113315792450674,0.0104396175427768,0.0196952748392996,0.0205201508941251,0.0227010663248741,0.0210875525984723,0.0216678825384228,0.0184041410651212,0.0180855931911651,0.0170263727299194,0.016257873899244,0.0142424634501108,0.0136495958076192,0.0125918886595729,0.0113180634323429,0.0175624341841376,0.0182458369041641,0.015485667306433,0.0148650087420329,0.0158387595253995,0.0132359461422314,0.0160859901711712,0.0223709999847122,0.0152095281013957,0.0178657925681224,0.0160512894075313,0.0161040391811109,0.0149096169403815,0.0138677744785356,0.0153977309916003,0.00910147310120732,0.0110379290217157,0.014048380780238,0.0145588315236828,0.0144512747814401,0.0160530458182017,0.0159594278733602,0.0136090769946015,0.0133351782363525,0.013128793789726
New Zealand,...,...,...,...,...,...,...,0.0310875842155919,0.0285842696629213,0.0282529082292115,0.0281728444802579,0.0269073315965761,0.0248562702120014,0.0230993664554852,0.021982890314696,0.0247283365840067,0.0235555842145989,0.02639267145333,0.0262371503705475,0.0272768259693418,0.0256622516556291,0.0263203017832647,0.0231670061099796,0.0218326794076699,0.0197304054788564,0.0206537890044577,0.0208476174151526,0.019360329054677,0.0211589846359385,0.0220987144710461,0.021596362717858,0.0302279053583855,0.0272937506722599,0.0258285841637747,0.0243835930996871,0.0237762415493316,0.0236462612075438,0.0236758702191663,0.0240727668912179,0.0211567282473989,0.0218128925260325,0.0231118179211096,0.0227879899517525,0.0209692028985507,0.0193570187294845,0.0185336848600438,0.018424965987112,0.0179266217547491,0.0171947356766697,0.0171057230025219,0.0164847514924836,0.0159661664300683,0.0150037212395687,0.0140027526778768,0.0132758202233317,0.0117679545518528,0.0113990601161353,0.0124082789303303,0.0118207112642705,0.0115276441116352,0.0121981164874631,0.0120991906751486,0.0116234930052697,0.0111637221213693,0.0104392336294516,0.00998146779850979,0.00987950412435414,0.0103552843699621,0.0105195301181686,0.0110543396326223,0.0129326329516102,0.013399501211388,0.0116477544956865,0.0117089864666233,0.0122064828880902,0.0119404695449297
Papua New Guinea,...,...,...,...,...,...,...,...,...,...,...,...,...,...,...,...,...,...,...,...,...,...,...,...,...,...,0.00603585657370518,0.0163125877398222,0.0125008863362405,0.0126644951140065,0.0121030962720659,0.0140308322552824,0.0140963855421687,...,...,...,0.0155887833477253,0.0156493310964856,0.0161078320565951,0.0126628600271302,0.0149653610007552,0.014191337327407,0.00924685894061952,0.00890351343106268,0.00917458233626881,0.0101320529871609,0.00775516093293818,0.0101731136644028,0.010753537542736,0.0087922032066839,0.00691394522292367,0.00639107654317662,0.00547294852305232,0.00371637931460894,0.00345763181450338,0.00389122470657362,0.00416637769353025,0.00376920047262702,0.00411602600339175,0.00337014470677837,0.00447943023146847,0.0032514450867052,0.00356925097321889,0.00519471738934463,0.00494549266247379,0.00484413309982487,0.00459900166389351,0.00381076923076923,0.00355034482758621,0.00330226700251889,0.00362698688154268,0.00393261831182209,0.00329678128303653,0.00420977241775767,0.00336863761991679,0.00307995782327758
South Asia,,,,,,,,,,,,,,,,,,,,,,,,,,,,,,,,,,,,,,,,,,,,,,,,,,,,,,,,,,,,,,,,,,,,,,,,,,,,
Afghanistan,...,...,...,...,...,...,...,...,...,...,...,...,...,...,...,...,...,...,...,...,...,0.0162960609911055,...,...,0.0186891025641026,0.0161082474226804,0.0172206572769953,0.0204608695652174,0.020114747930775,...,...,...,...,...,...,...,...,...,...,...,...,...,...,...,...,...,...,...,...,...,...,...,...,...,...,0.0243125378739118,0.0199206569856085,0.0189623399634252,0.0256626735198569,0.02335545701939,0.0208741255278385,0.0194583569418812,0.0182134545354632,0.0117541612009987,0.0107694976762403,0.0129801287790022,0.00994575822723645,0.00956772140958855,0.00945226799939516,0.0100674585570556,0.0117096838242129,0.0135885692738929,0.01827933856217,...,...,...
Bangladesh,...,...,...,...,...,...,...,...,...,...,...,...,...,...,...,...,...,...,...,...,...,...,...,...,0.00656720536673466,0.00604303491769365,0.00844783330921373,0.0152367897526514,0.0156997781312899,0.0126898518073211,0.00934292961052104,0.00857420859311264,0.00915831691308672,0.0106086968537316,0.0127067371198923,0.0117804196040112,0.010542727837491,0.0111219167555771,0.011682325387956,0.0124638809717465,0.012908618013077,0.0122316502629369,0.0121442280200769,0.0136050314985351,0.0142939051496523,0.0152902366386599,0.0156669314074255,0.015390735944898,0.0157166792587459,0.0156753519839217,0.0158483439104611,0.013571191812402,0.0128842277551655,0.0104836646260037,0.0100263309760624,0.0099885977372525,0.00972810090266113,0.00989838836982973,0.00997091964413713,0.00938215291633285,0.0102893954845227,0.0118438401700177,0.0121766894947597,0.0118089723364654,0.0111372942922328,0.011364432719278,0.0120851710681525,0.0122590049912782,0.0112758125325097,0.0115395749092166,0.0124410082330294,0.0124468950875224,0.0116873060016575,0.00990983394484057,0.00919471499049507,0.00941321120606305
India,...,...,...,...,...,...,...,0.0202004909983633,0.02475,0.0192248972401644,0.0213607167004733,0.0200401234567901,0.0207435972060536,0.0274540043290043,0.0402530602636535,0.0381923698021801,0.0387141491395794,0.0357237064592492,0.0322392372146778,0.0324556858467412,0.0314081455805893,0.0318518303985171,0.0365245352356247,0.037179474612821,0.0315864376713433,0.0320282632441289,0.0353459878110716,0.034778831428908,0.0316277193712918,0.0312633170169882,0.0326132865787541,0.0313378132972583,0.0318624812218328,0.0334511766555139,0.033230686597074,0.0341687559436328,0.035690302776083,0.0410646868066223,0.042313175270108,0.0372867178276269,0.0353417972767288,0.0314621461029961,0.0290997432764267,0.0270483970561409,0.0282354224568723,0.0266467372708604,0.0257848357246069,0.024727682254674,0.0264773242601716,0.0272731141679376,0.0295719564743412,0.0294892990622572,0.029244355462896,0.0282686683045838,0.0267777693222748,0.0282875224798105,0.0291058750164482,0.0268038156022763,0.0247824652803557,0.0263146078124112,0.0312938472737472,0.0288946327164641,0.0270448222276966,0.0261816634758562,0.025488248901417,0.0254398176462257,0.0245745006060163,0.0254315152114541,0.0253151136056791,0.0242428452604417,0.025459982314359,0.0280361581112679,0.0246874153034185,0.0238309809835882,0.0235679426678262,0.022712033218142
Nepal,...,...,...,...,...,...,...,...,...,...,...,...,...,...,...,...,...,...,...,...,...,0.00593019315486276,0.00617910602372197,0.0064755629855443,0.0065768099398516,0.0060723646141802,0.00682172824966878,0.00856261175520563,0.0089214308872798,0.00858464252509119,0.00911205723565817,0.0103207571410218,0.00992053319661625,0.0108945398218665,0.0125292497260152,0.0122061436912922,0.0119582716208384,0.0118285068360426,0.0115918201177502,0.00883106075309511,0.009016455507808,0.00877698697720721,0.00868794915188911,0.00857172504281226,0.00835090130011041,0.00792864588289217,0.00767151166826895,0.00733931488597476,0.00717627970083392,0.00755393438669459,0.0077194600709259,0.00783989813425201,0.00960767214148209,0.0126633078093219,0.0139282050756047,0.0156868123796311,0.0168753218051244,0.0153003259651123,0.0135358169302232,0.013995740545118,0.0143935498107438,0.0136781608986268,0.0135067285523943,0.0124370217046399,0.013407258743985,0.0143375979820575,0.0136813102427041,0.0146937461345505,0.0148497718496345,0.0134998219265679,0.0123581135255825,0.0132338446484361,0.0121581594858048,0.0115743842490309,0.0107154635588773,0.00979452474186084
Pakistan,...,...,...,...,0.063167699501958,0.0535367493277562,0.0557374764857521,0.0502507866288669,0.0417273792177366,0.0425303264674754,0.043356167711218,0.0431266261925412,0.0409789064099939,0.0365587277256179,0.0364841297523544,0.0386589013064694,0.0590466788887322,0.0673052198508614,0.0540460370194589,0.051039059949951,0.0551204188481675,0.0615838762214984,0.0673553323768532,0.0686595551145291,0.0621064272703617,0.0609099631368984,0.0632152024509398,0.0588947199314555,0.055474116781158,0.0550329966329966,0.0545327429503612,0.0552324446699715,0.0571087057573544,0.0637571708663133,0.0664379805914383,0.0665949145701601,0.0692213359819193,0.0699165601052428,0.0697188008366256,0.0678581073127497,0.0653272525576236,0.0652232023523122,0.0657095278815428,0.0669818754925138,0.0642731262310377,0.0592354829296761,0.0582022528285793,0.0603716630506556,0.056212164889017,0.054150950442544,0.0518989926490607,0.0416872271381496,0.0387893394479455,0.0407377016787657,0.0409142718735613,0.0395603411669147,0.0389701939256291,0.0364525520437771,0.0351198610011098,0.0345937100362745,0.0326522399322955,0.0304189326480607,0.0291924318438144,0.0309577353673779,0.0308802003540329,0.0309657969704779,0.0316298664508296,0.0320377671550622,0.0336444910317801,0.0358696176378502,0.0350584031595126,0.0348667909020303,0.0338923879613996,0.0317683202352522,0.0288079974069692,0.0266760037007452
Sri Lanka,...,...,0.00245484741540378,0.00337703834288233,0.00448908204367182,0.00671402841705023,0.00545203281027104,0.00677005943536404,0.00911806670233637,0.0124010109519798,0.0123056795444051,0.0118305236461286,0.0118327272727273,0.0108285509325681,0.00897791926307234,0.00851725907866034,0.00852610094012865,0.00872915916996522,0.00845136660396149,0.0079453205188019,0.00807396323215049,0.00916642271662763,0.013626334519573,...,0.00874809823951315,0.00795086449875899,0.00803589569928886,0.00659239148428964,0.00684373884143159,0.00803000117192078,0.00834462748391777,0.00765779307649526,0.0062679842362214,0.00544740925855015,0.00889137424856704,0.00922430502256969,0.0316076982294072,0.0269665801174543,0.0339314670882408,0.0237118324909227,0.0179859542421127,0.0232848743256346,0.03082087848635,0.0336763990096007,0.0343178565351856,0.0372933805803649,0.0586113224274153,0.0551978316113981,0.0463060207374592,0.0464346408117958,0.040301638395602,0.0503387296841704,0.0428699058949232,0.0334258944021437,0.0286891182725842,0.0299735847919569,0.026395333951407,0.0279877359903086,0.0326060835702917,0.0324360178402603,0.0316189871004304,0.0270074784039336,0.0268531865302989,0.0215519951243996,0.0215404824269909,0.0241264701190051,0.0241701116575955,0.0197935533284589,0.0197692843257215,0.0173469354853576,0.0175219928060225,0.0173988733298184,0.0171265688710699,0.013433273089473,0.0164003079587098,0.0142539087177796
East Asia,,,,,,,,,,,,,,,,,,,,,,,,,,,,,,,,,,,,,,,,,,,,,,,,,,,,,,,,,,,,,,,,,,,,,,,,,,,,
China,...,...,...,...,...,...,...,...,...,...,...,...,...,...,...,...,...,...,...,...,...,...,...,...,...,...,...,...,...,...,...,...,...,...,...,...,...,...,...,...,0.0244710131532583,0.0245401611552735,0.0231124341155315,0.0244954206753443,0.0192806687404062,0.0169347959870483,0.0168623388691537,0.0165272667000964,0.0163265067284541,0.0165508069090551,0.0187146591412577,0.0183575968454189,0.0198308624365796,0.0205936465293746,0.0199628893565843,0.0193850823279804,0.0187185802294835,0.018695916362794,0.0175016458545192,0.0171604254580499,0.0189352379603523,0.0173351986212832,0.0165908251595704,0.0170094267160117,0.017143409229625,0.0173840928794394,0.0177677106896806,0.017688865902507,0.0171124264388853,0.0167357820944542,0.0168291101151296,0.0175669947098837,0.0160525971842503,0.0163053389156959,0.0166484889659813,0.0171129740345228
Japan,...,...,...,0.0207093453434132,0.0203107183580388,0.0219315121200462,0.0210287352888464,0.017458767591433,0.0149655102548281,0.0143218671728071,0.0126418656133674,0.0108059488934833,0.00916660202208259,0.00882981583852488,0.00902911616201838,0.0087504612187006,0.00899713990141788,0.00879421011265392,0.00836230312650205,0.00793866529243094,0.00772551017292608,0.00773230313218779,0.00824119314063094,0.00842475301533426,0.00815014489146474,0.00862068323351509,0.00907387056975466,0.00891651107922652,0.00890681061512105,0.00891286374043561,0.00907392110929058,0.00906794213450064,0.0091664815297164,0.00926375566882048,0.00952297427190256,0.00958404158758974,0.0095939791396488,0.00962811252055438,0.00965510912838467,0.0094970885873148,0.00940781035886882,0.00941791766132693,0.00940821904384541,0.00948312440331709,0.00950663824755226,0.00905931358699237,0.0090093030549817,0.00894648972187736,0.00904515219581402,0.00923513329235146,0.00930179880124356,0.0091598559605623,0.00931672835040444,0.00940357532610132,0.00940046602477998,0.0092660402297468,0.00916916827733627,0.009029884189667,0.0088498737572599,0.00907855045566342,0.00972969565505525,0.0094903257605427,0.00974823565427991,0.00956761841659896,0.00940538501428935,0.00957800914762225,0.00947283532698529,0.00929516775505971,0.00913229479099801,0.00962497363778907,0.00992231472747577,0.0101676127140466,0.0106384050244526,0.0100994395391657,0.0113954641785041,0.0137139689580634
"Korea, North",...,...,...,...,...,...,...,...,...,...,...,...,...,...,...,...,...,...,...,...,...,...,...,...,...,...,...,...,...,...,...,...,...,...,...,...,...,...,...,...,...,...,...,...,...,...,...,...,...,...,...,...,...,...,...,...,...,...,...,...,...,...,...,...,...,...,...,...,...,...,...,...,...,...,...,...
"Korea, South",...,...,...,...,0.0236286919831224,0.0585365853658537,0.0624226348364279,0.0832778147901399,0.0679611650485437,0.0742744712247909,0.0763888888888889,0.0715754833401892,0.0672614962251201,0.068671963677639,0.0482385908726982,0.0413443960061876,0.0441047487783486,0.0468887369346488,0.0468514253950608,0.0473064179653945,0.0469439489249836,0.0440334654337296,0.0473498860643367,0.05010068079394,0.0403473216443858,0.0454144562770677,0.0487871647715607,0.0590815568383151,0.0603493912122816,0.0637145061919441,0.055258765683501,0.0639877211320904,0.0641585729782663,0.0624089448534207,0.0572681360842501,0.0525453539277515,0.0522553168462828,0.0494825625094216,0.0446860555045954,0.0428121593799201,0.042902352949115,0.0400230428922186,0.0371112784107967,0.0369027269027269,0.0341789483823914,0.0319275266895546,0.028923329861881,0.0274347966333348,0.0266338780772064,0.0279444200391705,0.0249257721979611,0.0230986337128191,0.0228023381667517,0.0216944775379075,0.0217524124529532,0.0216578832442349,0.0228040178931092,0.0229892381866626,0.0227093537515891,0.0238850767922871,0.0249990153790778,0.0236122792330691,0.0237114288990647,0.0239205949733254,0.0239128707318548,0.0241327231110109,0.023763712275445,0.023357998421426,0.0229813107276094,0.0236150967895845,0.0251931997944066,0.0264297706902012,0.0261904941244001,0.0257642560395009,0.0259925771052554,0.0256205259386748
Mongolia,...,...,...,...,...,...,...,...,...,...,...,...,...,...,...,...,...,...,...,...,...,...,...,...,...,...,...,...,...,...,...,...,...,...,...,...,...,...,0.058338850879129,0.0634124344738177,0.0625119508141262,0.0428138537530827,0.032315351247489,0.0190943719983615,0.0171236270542572,0.0165435558131062,0.0162050592646532,0.0177694736936813,0.0163873482170006,0.0190653754569999,0.018350123058221,0.0202248060815309,0.0178165840784985,0.0179556721143698,0.0150969431652769,0.0138273006263926,0.0101728588491723,0.00961656696108958,0.0105327216611992,0.00823306745414827,0.00629698225139809,0.00762997245666295,0.00837270236688781,0.00924305618490081,0.00822311489894261,0.0085972525833079,0.00875507832442284,0.00863910995114833,0.00762153816975996,0.00668952463384853,0.00661538119118052,0.00709909468541962,0.00619505072530135,0.00513936273012978,0.00542565742478439,0.00742307300960191
Taiwan,...,...,...,...,...,...,...,...,...,...,...,...,...,...,...,...,...,...,...,...,...,...,...,...,...,...,...,0.0623631475373486,0.0691767376960008,0.0701927829955512,0.0758445391931781,0.072900418684837,0.0664804107159774,0.0699032291680639,0.0633639092997482,0.0572578097998912,0.0609224246572966,0.0544337191105497,0.0493279146369974,0.0514477422324282,0.0528133524056482,0.0522287852923741,0.0496639670302918,0.0469305547120325,0.0495541097036132,0.0466140030381275,0.0410726477526989,0.0401973971547634,0.0372365565247716,0.0329117783126571,0.0287518507953326,0.0265474927689962,0.0265597974446285,0.0243800136318356,0.0234545913821703,0.0224727781521333,0.0213111703777213,0.0196743876969812,0.0199820094785881,0.021473733836719,0.0232609094822731,0.0203764941522932,0.0205829991196322,0.0211652953784728,0.0194278150634835,0.0184770607012097,0.0186645758522873,0.0182081689662001,0.0182339791058034,0.0174296896497148,0.0181512959768591,0.018968408169444,0.0187384825140194,0.0196609967182211,0.0213849411742984,0.020981143723022
South East Asia,,,,,,,,,,,,,,,,,,,,,,,,,,,,,,,,,,,,,,,,,,,,,,,,,,,,,,,,,,,,,,,,,,,,,,,,,,,,
Brunei,...,...,...,...,...,...,...,...,...,...,...,...,...,...,...,...,...,...,...,...,...,...,0.0499585337535246,0.038200628601362,0.0328230653643877,0.0203233697729531,0.035334247762056,0.0475526862148403,0.0413717232894861,0.0459571480340641,0.0611536632169392,0.0288887204366283,0.0355618190687842,0.0396318009972056,0.030463201171851,0.0257408440230526,0.0288778814029385,0.0467072980761742,0.0379251495457601,0.0662997709980055,0.0621043627031651,0.0643773526926327,0.0640435012461295,0.0624514478073449,0.0574023173528116,0.0598247135891837,0.0547726596521598,0.0624949383149313,0.0718396455211652,0.0752984389348026,0.0613041835206517,0.0406920549004446,0.038863976083707,0.0387078275829112,0.0371141961800389,0.0253273008763096,0.023494276381516,0.023039631946555,0.0238015224434092,0.0226179236887845,0.0294107203176036,0.0285048790060089,0.0224224141990167,0.0215903448896045,0.0227750759504916,0.0308686095781185,0.0327929046083748,0.0353938463904119,0.0286512850957169,0.0263661248533021,0.0307858724948281,0.0363429176862407,0.0323636748209722,0.0261193002463948,0.0297601749693804,0.0357781609529419
Cambodia,...,...,...,...,...,...,...,...,...,...,...,...,...,...,...,...,...,...,...,...,...,...,...,...,...,...,...,...,...,...,...,...,...,...,...,...,...,0.0114685088240056,0.015742453461372,0.012782035615864,0.0199245358205796,0.0207137559385002,0.0232789658450414,0.0314593301435407,0.0176128949875169,0.0384234290025109,0.0357731057861843,0.0323845458339129,0.0300336116231161,0.0266204789979779,0.0251002908172038,0.0218580351927626,0.0170559956511647,0.0144629083177813,0.0133610258818851,0.0117651607638203,0.0100419041063819,0.00908700457988102,0.00780175183344973,0.00678731132114834,0.0109246347000704,0.0121559876300051,0.011985526648033,0.0121900137646164,0.0122920405585317,0.0126114158531483,0.0134520463175237,0.0143955694700576,0.0156181647470424,0.0163716525982655,0.0162193704891153,0.0178010501633067,0.0170160776824328,0.0154188348947322,0.015448976529505,0.0152066451977199
Indonesia,...,...,...,...,...,...,...,...,...,...,...,...,...,...,...,...,...,...,...,...,...,...,...,...,...,0.0270592080687337,0.0349218904488827,0.0342186762528529,0.0320608920239654,0.0316319352853249,0.0302025891948266,0.0291721769056258,0.0288462200140382,0.0290192826971126,0.0239812942040375,0.0228542025922011,0.0217059935369795,0.0200976539562951,0.0172218767006142,0.0153084105893772,0.0138913634136564,0.0141049291967411,0.0132406418395881,0.0135687600701146,0.0122355780893698,0.0126615561718382,0.0122630986064236,0.0126439252827808,0.0149774173762735,0.0101911684387405,0.00810812654015076,0.00684483763500435,0.00572792652704213,0.00700120208801041,0.00909285036773652,0.00945714621727218,0.00750789394004931,0.0065870277762871,0.0071236193115127,0.00578945804493387,0.00571133891996423,0.00617587091951932,0.00653776702606807,0.00711549473406383,0.00918769839183066,0.00777855178232831,0.00882266734481239,0.00792220213496852,0.00865191376221992,0.00718928190476345,0.00728563743551525,0.00886277728854897,0.00741525844917975,0.0076801260357697,0.00821108120466812,0.00779216788275608
Laos,...,...,...,...,...,...,...,...,...,...,...,...,...,...,...,...,...,...,...,...,...,...,...,...,...,...,...,...,...,...,...,...,...,...,...,...,...,...,...,...,...,...,...,0.0867531237046249,0.081075112779583,0.0752200406228842,0.0583419558712492,0.041867068435997,0.0383900703742237,0.0259421725390312,0.010577425788587,0.00791543216650207,0.00717115235195965,0.00583934898389787,0.00492156926196989,0.00433725286362231,0.00392508608502655,0.00343162744772127,0.00312173796332908,0.00273820907156906,0.00217194753335539,0.00204567128983702,0.00212126552452257,0.00199455064976167,0.00189895181780941,...,...,...,...,...,...,...,...,...,...,...
Malaysia,...,...,...,...,...,...,0.0384615384615385,0.0349802371541502,0.037456106125634,0.0406454248366013,0.0307580966166094,0.026764405046028,0.0223290965304019,0.0218704096621511,0.0242061426340448,0.0316355197263955,0.0401104972375691,0.0472825522186428,0.0449702929727515,0.0445316331535066,0.039222677839187,0.0516527178966946,0.0537244307217291,0.049789029535865,0.0387224269614912,0.0418234316213142,0.0472416263657532,0.0398077265444187,0.0485466914038343,0.037111334002006,0.0367051525073238,0.0423013431379905,0.0578515265651849,0.0536761533421755,0.0442337175628868,0.0375235700817096,0.034516587065961,0.0322373383244406,0.0414749953752235,0.0242611237414745,0.0262370169053434,0.0255540346486845,0.0319928362097037,0.0298642173584104,0.0287524536278848,0.0284711528130931,0.027513451070467,0.0240056437500985,0.0208555865079224,0.0160533534809333,0.0210148156029312,0.0163467554804841,0.020849228116252,0.0221913139689937,0.0261480673115727,0.0226306196840826,0.0217392904054248,0.0200759740140051,0.0195850253260823,0.0182484376549945,0.0187148694418887,0.0149021010582112,0.0155285313376988,0.0141333070740643,0.0149929579850642,0.0145511301633341,0.0150389842704146,0.013843347942822,0.0110033460723613,0.00960104126677078,0.00893413280938052,0.00999653920235799,0.00982646998395369,0.00902025405170821,0.00981466758859051,0.00987556748730683
Myanmar,...,...,...,...,...,...,...,...,...,...,...,...,0.0612346049864824,0.0569071146245059,0.0684714060484449,0.0602234564711961,0.0669562082076832,0.061255794096121,0.0520179852264212,0.0502319717599597,0.0531042884990253,0.0560194500335345,0.0565122539918307,0.0545164039198977,0.0511394557823129,0.0402108745089932,0.0377497124845594,0.0379370693112626,0.0403977311094605,0.0392138364779874,0.035575807318937,0.0342212955528504,0.0345682035495231,0.0321826066522826,0.030703691066375,0.0292367110099446,0.029782635874904,0.0287914210205326,0.019724009432589,0.0214085227496295,0.0295910673319109,0.0339589051013222,0.0317100459309858,0.0335451793339882,0.0352310856153263,0.0354112112764238,0.0368483237946254,0.0349342786434001,0.0231372237705347,0.0253962410781848,0.021389500494262,0.0230851230754143,0.0194785828446242,0.0148187129901045,0.0207081478779187,0.0192006952835836,0.0166965386990714,...,...,...,...,...,...,0.0412480380212694,0.0411633459177026,0.0378953444074754,0.0430136045141842,0.0408929730356682,0.0364194876170774,0.023597905591242,0.0218974000019248,0.0312332883859715,0.0407092298980473,0.0417058942838215,0.0375371612518577,0.0679452485229039
Philippines,...,...,...,...,...,...,...,...,...,0.0195874573733677,0.0183913308913309,0.0177845890655072,0.0170290804296568,0.0180881578177135,0.0185586220789686,0.0170494246983742,0.0154919986380661,0.0165172706900549,0.0173993936052922,0.0186747175448971,0.0209088848594742,0.0215675650207312,0.0206999062269308,0.0233615693267945,0.0281380492796106,0.0355803925904335,...,0.0393133834052871,0.0362130898810836,0.0258176721881701,0.0296493107109859,0.0270975470668598,0.0275572096194548,0.0259728794963065,0.0240925335363623,0.0163475893311674,0.0198257335853662,0.0198805361257508,0.0196524714249726,0.0245888921422154,0.0224292339676955,0.0214724666740931,0.0201072106794016,0.0203646157033354,0.0215753564016657,0.0217244658668699,0.0229413153545476,0.022684076761575,0.019144613761672,0.0169729337975318,0.0161577584612539,0.0160822662086796,0.014713788325538,0.0147389018793368,0.0155084482917909,0.0136062650970663,0.0127788393643261,0.012590953916093,0.0129142591630931,0.0125032908798354,0.012023233937147,0.0117013220060251,0.0115341455205701,0.0110670418975985,0.0118950172893764,0.0104312706559466,0.0108846303958172,0.0104558514673889,0.0116796083355235,0.0118424717696738,0.0113133132483668,0.0129724003910725,0.0140682254131819,0.0131630135538263,0.0117630268153778,0.0132426895346612
Singapore,...,...,...,...,...,...,...,...,...,...,...,...,...,...,...,...,...,...,...,...,...,0.0539908100748809,0.0564170312296964,0.0508580794446587,0.0470463099329079,0.0429417225052068,0.0464925699300699,0.0504436104760064,0.0567716169437207,0.0519523729007696,0.0465201551854656,0.046368613562022,0.0474135516251602,0.0465119017480232,0.0407146856786832,0.0469881540453695,0.0565661291547353,0.0544251155937074,0.0487061150486237,0.0454786526287383,0.0449289825625078,0.0463214447298365,0.0444835667304419,0.0447136864604274,0.0409176493399803,0.0379143512807907,0.0418255823202502,0.0425807867594854,0.0445180554322353,0.0520979627795524,0.052072614143348,0.0450757218998215,0.0479890680085725,0.0489323655491523,0.0483752738541917,0.0438428661801237,0.0427504313120819,0.0392291119365444,0.03602552791077,0.0385002679403201,0.0388242334748021,0.0338139843984389,0.0319387456850782,0.0310816619008299,0.0303849114883637,0.0304786038477706,0.0304671265935693,0.0309531096262441,0.0297201085878766,0.0280776039122786,0.0275970653894344,0.0280306272990798,0.0253704638803611,0.0240634363671921,0.0283014132029943,0.028417655746547
Thailand,...,...,...,...,...,...,...,...,0.0357598541809068,0.0324862183020948,0.0301476749057394,0.0246526491293072,0.0209767678480583,0.0262854679416837,0.0261603995299647,0.0243002544529262,0.0232591933570581,0.0216536792266719,0.0242681688059839,0.0275456024663869,0.0299136657073967,0.0306529850746269,0.0356097640464086,0.0347424741298213,0.0288224303273153,0.0265543855879087,0.0279523275748385,0.0313142098580169,0.0348177335018462,0.039237142330459,0.0438091940571985,0.0424445494368149,0.040631625186097,0.041203692151208,0.0395335883490465,0.0406443875433927,0.041891150023663,0.0379532821598729,0.0336138655753091,0.0293350108988332,0.0268466712260163,0.0259425018891255,0.0264502481409377,0.0265742287815579,0.0252482449877102,0.0250238335344718,0.022737823729037,0.0215152508135528,0.0217392250470724,0.0185636828124458,0.0162379763252113,0.0148811161651995,0.0142988520327266,0.0132827955528117,0.0123290567713875,0.0112835658834693,0.00986191840708362,0.00950123246459469,0.0101918920071311,0.0125266188719419,0.0154034760915174,0.015225558657538,0.0139063450331731,0.0138988888346862,0.0134525091985427,0.0137997604796617,0.0133732679725458,0.0132516695969445,0.0133627619959584,0.0132639351547521,0.0132729814008386,0.0146077928107965,0.0141836848663438,0.0124105269630565,0.011309417952786,0.0107876078016919
Timor Leste,...,...,...,...,...,...,...,...,...,...,...,...,...,...,...,...,...,...,...,...,...,...,...,...,...,...,...,...,...,...,...,...,...,...,...,...,...,...,...,...,...,...,...,...,...,...,...,...,...,...,...,...,...,...,...,...,0.017802292883409,0.0376928162185985,0.0437269712601326,0.0364703161141095,0.0501870958866419,0.029926287139941,0.0196949347659248,0.0287728369527749,0.0227036904335364,0.0204684585089477,0.0232446540880503,0.0159859756097561,0.0160517350157729,0.013245501285347,0.0169208066896212,0.0177790106333796,0.0108198620689655,0.0138083515113743,0.0264956730769231,0.0266415662650602
Viet Nam,...,...,...,...,...,...,...,...,...,...,...,...,...,...,...,...,...,...,...,...,...,...,...,...,...,...,...,...,...,...,...,...,...,...,...,...,...,...,0.0395376778715678,0.0710161041569528,0.0728651265439789,0.0791085687045644,0.0559531724614442,0.0337458835450367,0.0225869469121191,0.026493553048719,...,...,...,...,...,...,...,...,0.0212864112884164,0.0201437983970519,0.0178096085234042,0.0193836458436365,0.0230475733676407,0.0215637292727254,0.0226520866993266,0.0181539587772715,0.0155654936250578,0.0171831331991755,0.0174407703676771,0.0182295771785959,0.0190702805588388,0.0195056176952778,0.0180387228671057,0.0180650138874311,...,...,...,...,...,...
Central Asia,,,,,,,,,,,,,,,,,,,,,,,,,,,,,,,,,,,,,,,,,,,,,,,,,,,,,,,,,,,,,,,,,,,,,,,,,,,,
Kazakhstan,...,...,...,...,...,...,...,...,...,...,...,...,...,...,...,...,...,...,...,...,...,...,...,...,...,...,...,...,...,...,...,...,...,...,...,...,...,...,...,...,...,...,...,...,0.0106262020891113,0.00838731749307495,0.0103242166274226,0.0120199445983379,0.0111293900645579,0.0114973828325921,0.00819607059409027,0.00784645080413813,0.0099981747947367,0.00998337701524197,0.0102992745863145,0.00988239740954479,0.0103632123942771,0.0097899879573514,0.0129687682152726,0.0115466850608291,0.0110303324145897,0.0101441556484772,0.0093651358475802,0.0104690637071706,0.0107808460394627,0.010416921334727,0.011097215472116,0.00933551765285713,0.00831894968007788,0.00835625758457601,0.0102091636689134,0.00907188676192723,0.00819281683646492,0.00517435849596282,0.00440775673081948,0.0042842846956594
Kyrgyz Republic,...,...,...,...,...,...,...,...,...,...,...,...,...,...,...,...,...,...,...,...,...,...,...,...,...,...,...,...,...,...,...,...,...,...,...,...,...,...,...,...,...,...,...,0.0164230750551757,0.0153179449829122,0.0258636182108626,0.0345861592681371,0.029882731534704,0.0311226727759184,0.0266756189038483,0.0268520638437551,0.0287889604776163,0.0234503697046559,0.027266980460491,0.0286586980182387,0.0284851136977412,0.0307769239002886,0.0316889818198754,0.0305750079106286,0.0290487239077854,0.0317610058298534,0.038461743536872,0.0339883593465625,0.0320725902845126,0.0319620405364784,0.0337589282594698,0.0345165293268545,0.0334401777586688,0.0310489070193562,0.0302854515463686,0.0271068623481534,0.0310718371407588,0.02840273087853,0.0290437000597407,0.0345490593195541,0.0296620373701758
Tajikistan,...,...,...,...,...,...,...,...,...,...,...,...,...,...,...,...,...,...,...,...,...,...,...,...,...,...,...,...,...,...,...,...,...,...,...,...,...,...,...,...,...,...,...,3.65714285714286e-06,3.47685714285714e-05,1.71980198019802e-05,0.0109861325115562,0.0128914100486224,0.0169509493670886,0.0171303160358954,0.0139204460966543,0.00598174532502226,0.00580783882496171,0.0104883693330169,0.0111879149508362,0.0113133632771605,...,...,...,0.0102218713975002,0.00954768508640922,0.0095285512473335,0.0109380663999495,0.00999142722822931,...,0.011283850454994,0.0128197181934631,0.0120806716554116,0.0103718533693392,0.0104856527674186,0.00996966249525976,0.00947973986993497,0.0100261189599905,0.0193089624067946,0.0239642126155182,0.0184774975839365
Turkmenistan,...,...,...,...,...,...,...,...,...,...,...,...,...,...,...,...,...,...,...,...,...,...,...,...,...,...,...,...,...,...,...,...,...,...,...,...,...,...,...,...,...,...,...,...,...,0.0179764705882353,0.0231584615384615,0.0204174435876061,0.0396227021447804,0.0311402734984911,0.0290187475069805,...,...,...,...,...,...,...,...,...,...,...,...,...,...,...,...,...,...,...,...,...,...,...,...,...
Uzbekistan,...,...,...,...,...,...,...,...,...,...,...,...,...,...,...,...,...,...,...,...,...,...,...,...,...,...,...,...,...,...,...,...,...,...,...,...,...,...,...,...,...,...,...,...,...,0.0152748235149049,0.00883906988706055,0.00984546296961412,0.0111881208629618,...,0.0130640163668501,0.0091880954113644,0.00665921193229433,0.00476876688257673,0.00429913341474552,...,...,...,...,...,...,...,...,...,...,...,...,...,...,0.0286661981035524,...,...,...,...,...,...
Europe,,,,,,,,,,,,,,,,,,,,,,,,,,,,,,,,,,,,,,,,,,,,,,,,,,,,,,,,,,,,,,,,,,,,,,,,,,,,
Central Europe,,,,,,,,,,,,,,,,,,,,,,,,,,,,,,,,,,,,,,,,,,,,,,,,,,,,,,,,,,,,,,,,,,,,,,,,,,,,
Albania,...,...,...,...,...,...,...,...,...,...,...,...,...,...,...,...,...,...,...,...,...,...,...,...,...,...,...,...,...,...,...,0.0605202163275818,0.0584831705344366,0.0565159574468085,0.0544128198995456,0.0611750454270139,0.0565142619937141,0.0562618650405569,0.0586222892264873,0.0561731662843362,0.0516761272357288,0.058883007196812,0.0579127042184833,0.046708878237371,0.0319945106674965,0.0254781906037648,0.0205358735905793,0.0137902962734156,0.0128308078036268,0.0123824256064749,0.0124921009885957,0.0124636024189216,0.0130929137475594,0.0132003449433204,0.0133684292419802,0.0138115794211088,0.0135000497056322,0.0156776908873067,0.018207653435572,0.0198486885667765,0.015172171395597,0.0155859189302349,0.0152826633776627,0.0148708257655216,0.0140898210141146,0.0134651599128914,0.0116230386432234,0.0110358100880452,0.0110915100558884,0.0116054478505068,0.0128080596201472,0.0129583570269739,0.0124298808396067,0.0120878861551122,0.017407334644623,0.0203786228936679
Bosnia and Herzegovina,...,...,...,...,...,...,...,...,...,...,...,...,...,...,...,...,...,...,...,...,...,...,...,...,...,...,...,...,...,...,...,...,...,...,...,...,...,...,...,...,...,...,...,...,...,...,...,...,...,...,...,...,...,0.039043729051368,0.0241669769045157,0.018896028081156,0.0154421965764078,0.0138653346855639,0.0123615289583956,0.012206120604463,0.0137658621151299,0.0128034144398166,0.0113643026444417,0.0114557192089501,0.0108705579799922,0.0102582688734534,0.00988857622509173,0.00922772270069199,0.00852593562264982,0.0084004735664614,0.00807324224885322,0.00827298283159884,0.00886133600491203,0.00752028730749218,0.00717630060649091,0.00747079920408854
Bulgaria,...,...,...,...,...,...,...,...,...,...,...,...,...,...,...,...,...,...,...,...,...,...,...,...,...,...,...,...,...,...,...,...,...,...,...,...,...,...,...,...,0.0439627074963996,0.0383344348975545,0.0304323157297492,0.0297263384321224,0.0260927161179391,0.0249261728620574,0.0163834575680207,0.0173742958266484,0.0215948029978631,0.0213151621324202,0.0261950116392104,0.0265245576158903,0.0286251954387639,0.0277967655484011,0.0269120147161229,0.023737116819405,0.0223535026726367,0.0208176190777138,0.0222853990097534,0.0213186398257533,0.0173951150062383,0.0164246152423714,0.0131400025609446,0.0132981896505284,0.0145404283053363,0.0130960223173333,0.0124593360652028,0.0124384580804927,0.0122220854798635,0.0145106212373153,0.0314495072906354,0.0158561827051115,0.015107237100085,0.0158707500372134,0.0194458310651254,0.0214947328244853
Croatia,...,...,...,...,...,...,...,...,...,...,...,...,...,...,...,...,...,...,...,...,...,...,...,...,...,...,...,...,...,...,...,...,...,...,...,...,...,...,...,...,...,...,...,0.0760738644340829,0.107267571545045,0.111481772894242,0.0910152769738719,0.0807513154938036,0.0747805189562736,0.0554555805177024,0.0438306728344479,0.030245823570935,0.0270575135487786,0.0270880829294998,0.0202614735279736,0.0174038789534115,0.0174403729145943,0.0166641016588365,0.0161077866472529,0.0182315444519083,0.0177217858246391,0.0166618616230333,0.0173660237614066,0.0165593775106979,0.0160780875391152,0.0180811715937665,0.017487025038306,0.0158922538500355,0.0163316629446653,0.0154234055565076,0.016036107424916,0.0169659501985338,0.0197150113166485,0.0180285265162096,0.0170663158780592,0.0179323424509814
Czechia,...,...,...,...,...,...,...,...,...,...,...,...,...,...,...,...,...,...,...,...,...,...,...,...,...,...,...,...,...,...,...,...,...,...,...,...,...,...,...,...,...,...,...,...,0.023304040663427,0.0228340085763757,0.0175885533074022,0.0165758607725057,0.015803034972859,0.0173559766220784,0.0183868741109923,0.0186147018377297,0.0173552829284443,0.0180901146474017,0.0187752210665196,0.0169964346518547,0.017772578503284,0.0156811468416419,0.014247883319863,0.0123408817792114,0.0131349218921279,0.0118289778802227,0.0106914296806992,0.0105560770651415,0.0100870446252121,0.00959115722257081,0.00941202924537164,0.00986634400365061,0.00943984411925526,0.0107552668819544,0.0113323967641325,0.01295406324775,0.0135325325729994,0.0132690210545667,0.0147176821017418,0.0191680849222604
Czechoslovakia,...,...,...,...,...,...,...,...,...,...,...,...,...,...,...,...,...,...,...,...,...,...,...,...,...,...,...,...,...,...,...,...,...,...,...,...,...,...,...,...,...,...,...,...,xxx,xxx,xxx,xxx,xxx,xxx,xxx,xxx,xxx,xxx,xxx,xxx,xxx,xxx,xxx,xxx,xxx,xxx,xxx,xxx,xxx,xxx,xxx,xxx,xxx,xxx,xxx,xxx,xxx,xxx,xxx,xxx
Estonia,...,...,...,...,...,...,...,...,...,...,...,...,...,...,...,...,...,...,...,...,...,...,...,...,...,...,...,...,...,...,...,...,...,...,...,...,...,...,...,...,...,...,...,...,0.00761751960945642,0.0104163027365878,0.00930586008373083,0.00866311409441128,0.0102886453383652,0.0105677341127574,0.0128040294601413,0.0137613232122576,0.0150097699373087,0.0165626054354887,0.0173550917444736,0.0168718221150394,0.0144977185113693,0.0138733380120574,0.0165723646617002,0.0176710636308365,0.0179897241682054,0.0170034915217706,0.0167245488569073,0.0187984897526434,0.0188381591331462,0.0189535477779564,0.0198944501754528,0.0202803563355143,0.0196988670547821,0.0197061311743188,0.0199845018670744,0.0226136428332919,0.0201231933389152,0.0213485210963824,0.0299572297522503,0.0337400221824601
German Democratic Republic,...,...,...,...,...,...,...,...,...,...,...,...,...,...,...,...,...,...,...,...,...,...,...,...,...,...,...,...,...,...,...,...,...,...,...,...,...,...,...,...,...,xxx,xxx,xxx,xxx,xxx,xxx,xxx,xxx,xxx,xxx,xxx,xxx,xxx,xxx,xxx,xxx,xxx,xxx,xxx,xxx,xxx,xxx,xxx,xxx,xxx,xxx,xxx,xxx,xxx,xxx,xxx,xxx,xxx,xxx,xxx
Hungary,...,...,...,...,...,...,...,...,...,...,...,...,...,...,...,...,...,...,...,...,...,0.0403007518796992,0.0374168514412417,0.0327365728900256,0.0300699300699301,0.032078413900646,0.0333540501346592,0.0300623936471923,0.029553264604811,0.0323963792282039,0.0323904440861791,0.0334257975034674,0.0333376073855623,0.0324330699374926,0.0333593662836104,0.0314767501277466,0.0497242913804779,0.0322373254959589,0.0315557729941292,0.0359622327131352,0.0278616206175993,0.0256353802709041,0.0216146979946364,0.021796531721192,0.0190656828980965,0.0182413438385634,0.013139594616011,0.0124968177456491,0.0146833921798512,0.0126775175126137,0.0142990268770239,0.0151420984744636,0.0157074717283351,0.015956687712714,0.0164521118628476,0.0147344940256568,0.014112437788596,0.0121974188828371,0.012677875208247,0.0118049340457337,0.0112823884115794,0.0102413363369774,0.0103876980779352,0.010292472545828,0.00943669886878651,0.00857233093600132,0.00904216708106145,0.00999116487545317,0.0119169678184034,0.0100220452852258,0.0132782522734016,0.0174628152413286,0.0131520993597457,0.0183314817173654,0.0204951096796972,0.0215630980446665
Kosovo,...,...,...,...,...,...,...,...,...,...,...,...,...,...,...,...,...,...,...,...,...,...,...,...,...,...,...,...,...,...,...,...,...,...,...,...,...,...,...,...,...,...,...,...,...,...,...,...,...,...,...,...,...,...,...,...,...,...,...,0.000163027941392356,0.00481597270513536,0.00722607027057869,0.00804774182927632,0.00703950801287396,0.00721739287326993,0.00758327843608571,0.00794280304031609,0.00777866853947473,0.00802900990332654,0.00804420588442497,0.00831725992996201,0.0102303890223714,0.00845929878221182,0.0115004614573509,0.0127351351798076,0.0147659639574127
Latvia,...,...,...,...,...,...,...,...,...,...,...,...,...,...,...,...,...,...,...,...,...,...,...,...,...,...,...,...,...,...,...,...,...,...,...,...,...,...,...,...,...,...,...,...,0.00735295406430013,0.00838757226966531,0.00831537179120737,0.00657943813358724,0.0059826833706743,0.00604779500640058,0.00772368809222116,0.00901766970575075,0.0106180323433191,0.0159179944261207,0.0168220334950968,0.0165869012027526,0.0167142105821102,0.0179995995043083,0.0163649936606571,0.017043587604961,0.0141593498753712,0.0110611728003503,0.011073762662641,0.00942934638140067,0.00972846248892055,0.00978038880665435,0.0107352247572393,0.0150174457900413,0.0165275736814609,0.0213473002218592,0.0209016802211357,0.0222759521686375,0.0215577987505149,0.0225461931057619,0.0297016956920808,0.0325799154535171
Lithuania,...,...,...,...,...,...,...,...,...,...,...,...,...,...,...,...,...,...,...,...,...,...,...,...,...,...,...,...,...,...,...,...,...,...,...,...,...,...,...,...,...,...,...,...,0.00812260643325921,0.00493377598492433,0.00451480223246298,0.00501283930563048,0.00743584548384698,0.0122394047483022,0.00965770667320066,0.0121549030890811,0.0136102583365379,0.0127093846223477,0.0112083381901602,0.0119104062508646,0.0116311841256451,0.0116779179996757,0.01112731351206,0.0113081118398085,0.0107973512828669,0.00890423906680536,0.00797082443059276,0.00769173393857888,0.00766528272772994,0.00883731669079507,0.0113486085095513,0.0148013833220254,0.0171214117320754,0.0194787932963701,0.0198419011931355,0.0204915558023028,0.0194955292042791,0.0244457587877222,0.0271300052887971,0.0311817486440289
North Macedonia,...,...,...,...,...,...,...,...,...,...,...,...,...,...,...,...,...,...,...,...,...,...,...,...,...,...,...,...,...,...,...,...,...,...,...,...,...,...,...,...,...,...,...,...,...,...,...,0.0281367674231936,0.0212824694412777,0.0209823976120451,0.0171382060586219,0.01850821459557,0.0610039562766158,0.0264559751876128,0.0234170115867248,0.0238010407130392,0.0202926330577443,0.0183653768735825,0.0195006969471653,0.0174234086894233,0.0168816456224776,0.0138215461102863,0.0126218709982742,0.0122531966171625,0.0116943718855289,0.0109296080025624,0.0099342769175221,0.00970115977909212,0.00895041406541028,0.00943108732670231,0.0115911628553257,0.0124058656980426,0.0145370889108625,0.0158059754666542,0.0169322815512816,0.0210352863426818
Montenegro,...,...,...,...,...,...,...,...,...,...,...,...,...,...,...,...,...,...,...,...,...,...,...,...,...,...,...,...,...,...,...,...,...,...,...,...,...,...,...,...,...,...,...,...,...,...,...,...,...,...,...,...,...,...,...,...,0.0269436332580307,0.0229071316307389,0.0174405848731746,0.0187218246206494,0.0184376127299691,0.0181434774678489,0.0174896930267889,0.0165646177250839,0.0145226142609027,0.0147227234869517,0.0140371759825531,0.0141128063506996,0.0136277677368932,0.0136929487275714,0.0133441196432034,0.0173802726045562,0.0155528019503059,0.0157303708395214,0.0151875139564723,0.0183253539270475
Poland,...,...,...,...,...,...,...,...,...,...,...,...,...,...,...,...,...,...,...,...,...,...,...,...,...,...,...,...,...,...,...,0.0265232974910394,0.0291318561569197,0.0324558240173098,0.0290294627383016,0.0305503731343284,0.0301579703207276,0.0294140353586042,0.0276269185360094,0.0259205508117047,0.0181712151049282,0.0261248574350627,0.0225165022520211,0.0223099944320713,0.0246918731544486,0.0227323210335054,0.0190379957330223,0.0191739242748542,0.0199649463419658,0.019916575833585,0.0189014224685951,0.0181904535107873,0.0189270410859475,0.0189097402916196,0.0189890364834865,0.0186469356337462,0.0192065181170108,0.019136927914289,0.0199879774345695,0.0174555706324845,0.0179268764302392,0.0183851836437415,0.0179131485643585,0.0180404649861118,0.017900581767381,0.0190822735552002,0.0212742384353358,0.0193589358828699,0.0188828727046187,0.0202472821822818,0.0195338318505019,0.0226305371895405,0.0221716328801834,0.0220458906428882,0.0326980459253118,0.0415439387975356
Romania,...,...,...,...,...,...,...,...,...,...,...,...,...,...,...,...,...,...,...,...,...,...,...,...,...,...,...,...,...,...,...,0.0220454265465839,0.0220122357890417,0.0204021589993593,0.0198508713049541,0.0190672721791833,0.0429928084311907,0.0444571116472147,0.039140286216301,0.0420547061246542,0.0479729611491512,0.0454741504925103,0.0477333466430117,0.0424768251683067,0.0274060801469377,0.0311472840805896,0.0261344768528808,0.0236907292563377,0.0301764996200519,0.0300417486391887,0.0264025926740376,0.0249891418426016,0.024207451879196,0.0228729607547664,0.0208848713354877,0.0200765756131918,0.0200699360911993,0.0184512546001227,0.0149361825981328,0.0139998436558161,0.0127806961233722,0.0122697660697606,0.0123556866931776,0.0117392522752233,0.0129223076714816,0.013476637836228,0.0145071824376782,0.0142770454147789,0.0173375510218939,0.0179144423500295,0.0183079024096076,0.0200415209230412,0.0184762902286434,0.0175011695275109,0.0160357956167259,0.0229815245791591
Serbia,...,...,...,...,...,...,...,...,...,...,...,...,...,...,...,...,...,...,...,...,...,...,...,...,...,...,...,...,...,...,...,...,...,...,...,...,...,...,...,...,...,...,...,...,...,...,...,0.0316000596260261,0.0336740339732567,0.0305713147460424,0.0353216202139944,0.0460092009205706,0.036330301730712,0.037841026418813,0.0309653595251624,0.0275341642219387,0.0222169563091897,0.0211742898352372,0.0216443130635595,0.0205019989253683,0.0207489736839956,0.0200369125521031,0.0192573079525961,0.0191798161392813,0.0184757469294627,0.018702430512257,0.0169548003219134,0.0185741974312422,0.0175424084910469,0.0201722347053086,0.0218222737795041,0.0229536613396667,0.0272904089938996,0.0217267406821898,0.0220807318692135,0.0259513983105714
Slovakia,...,...,...,...,...,...,...,...,...,...,...,...,...,...,...,...,...,...,...,...,...,...,...,...,...,...,...,...,...,...,...,...,...,...,...,...,...,...,...,...,...,...,...,...,0.0199636032146556,0.0193951901446386,0.0310070289089865,0.0293418881478054,0.0226783995445767,0.017353509879857,0.0156985344586326,0.0165370432455852,0.0184333774482959,0.0177638869541757,0.0184975289310525,0.0165576883362586,0.0168609625574848,0.01594347802785,0.0147798320217802,0.0146010645649302,0.0151744260464589,0.0124987774042242,0.0106939130819127,0.010769371641209,0.00976653153261356,0.00982206647396956,0.0110604733307789,0.0111122582751499,0.0110051309804795,0.0121627211246117,0.01702848063096,0.019041442947824,0.0171243604796751,0.0180127696639016,0.0183861085562872,0.0201078152849676
Slovenia,...,...,...,...,...,...,...,...,...,...,...,...,...,...,...,...,...,...,...,...,...,...,...,...,...,...,...,...,...,...,...,...,...,...,...,...,...,...,...,...,...,...,...,0.0224723333231322,0.018173013500764,0.0165407466226615,0.0156609458436673,0.0153702782548185,0.0140287074092784,0.0136530877958536,0.0121560860247362,0.011030903407362,0.0131347656232859,0.014084785163184,0.0141990505481164,0.0144379021070681,0.0143040814614095,0.0155085054600912,0.0144855400639896,0.0150018334060673,0.0160495226217918,0.0161704968465109,0.0130187924610493,0.0117717193840362,0.0105894724003693,0.00983232647144707,0.00938787933833639,0.0101508115640424,0.00990668071759246,0.00986759717956076,0.0106257823971417,0.010654982010929,0.0123984465824347,0.0129505522763484,0.0132131919558764,0.0131001116486788
Yugoslavia,...,...,...,...,...,...,...,...,...,...,...,...,...,...,...,...,...,...,...,...,...,...,...,...,...,...,...,...,...,...,...,...,...,...,...,...,...,...,...,...,...,...,...,...,xxx,xxx,xxx,xxx,xxx,xxx,xxx,xxx,xxx,xxx,xxx,xxx,xxx,xxx,xxx,xxx,xxx,xxx,xxx,xxx,xxx,xxx,xxx,xxx,xxx,xxx,xxx,xxx,xxx,xxx,xxx,xxx
Eastern Europe,,,,,,,,,,,,,,,,,,,,,,,,,,,,,,,,,,,,,,,,,,,,,,,,,,,,,,,,,,,,,,,,,,,,,,,,,,,,
Armenia,...,...,...,...,...,...,...,...,...,...,...,...,...,...,...,...,...,...,...,...,...,...,...,...,...,...,...,...,...,...,...,...,...,...,...,...,...,...,...,...,...,...,...,0.0220338983050847,0.0229664433319049,...,0.0405931190833614,0.0328186700423013,0.0390939855980585,0.0352809600318196,0.0369737423084246,0.0356002487253697,0.0312724938530975,0.0269771474886414,0.0272837221377968,0.0274199670493715,0.0287193136291811,0.0294761315625864,0.0304257470127966,0.0339557936270657,0.0415704990783508,0.0426564605593771,0.0385394644115574,0.0358376691873744,0.0399724455730484,0.0394337826474581,0.0423922578573229,0.0409034921699325,0.0384973057654684,0.0411988615256896,0.0478770584078564,0.0498254372367497,0.0446514475903396,0.0408174595925594,0.0550629814850566,0.0548174920349075
Azerbaijan,...,...,...,...,...,...,...,...,...,...,...,...,...,...,...,...,...,...,...,...,...,...,...,...,...,...,...,...,...,...,...,...,...,...,...,...,...,...,...,...,...,...,...,0.0240022562120839,0.0500046778569608,0.01946584590385,0.0273690130284,0.0225423034135488,0.0232404979925782,0.0241235591259715,0.0262510993144516,0.0226786206311863,0.0231206260817217,0.0224331377031766,0.024263625550969,0.0262948113760521,0.0229906967458575,0.0341775933255807,0.0286419491898944,0.0329121114577001,0.0332542168167072,0.0279100435652891,0.0467013555547022,0.0465861825196324,0.0454092330961466,0.0455501312398224,0.0546487679293858,0.0368852730317814,0.0375630173249661,0.0354929331269041,0.038490186357853,0.0524152602506817,0.0493051740712765,0.0379537025080483,0.0492241403839666,0.0499292395978321
Belarus,...,...,...,...,...,...,...,...,...,...,...,...,...,...,...,...,...,...,...,...,...,...,...,...,...,...,...,...,...,...,...,...,...,...,...,...,...,...,...,...,...,...,...,0.0162249864791779,0.0279097146104819,0.0362160825483893,0.0169946376942909,0.0126069255990701,0.0176896655126353,0.0149509870243434,0.0136676073838589,0.0134698415075765,0.0143829074692244,0.0140024580052512,0.0129906390002339,0.0135822231382833,0.0149845313530187,0.0170941249195756,0.0164976591437478,0.0145349285157346,0.0137257698145111,0.013413834329232,0.0122449510976582,0.0122921872178113,0.0127079665150066,0.0104232763587955,0.0113806602416355,0.0152328091923032,0.0137200444073753,0.0153799428873681,0.0139642297566801,0.0140325859867166,0.0136528926554311,0.0164869313490861,0.0202344784419461,0.0207364910790144
Georgia,...,...,...,...,...,...,...,...,...,...,...,...,...,...,...,...,...,...,...,...,...,...,...,...,...,...,...,...,...,...,...,...,...,...,...,...,...,...,...,...,...,...,...,...,...,...,...,0.0221017302703038,0.0125358766896378,0.0113697395615685,0.00924374855931971,0.00615582490752135,0.00740186005258763,0.0100053299706695,0.0106848912472203,0.0137383897186186,0.0333916979671741,0.0521830695097827,0.0915911651704757,0.0852011839531126,0.0560659705141182,0.0365484993224496,0.030291791684272,0.0291212426772649,0.0252250044602568,0.0231346741070778,0.0196739841458037,0.0204079266789767,0.01942197699613,0.0186470954721815,0.0175963279056275,0.0178655575876457,0.0159240624613036,0.0160787681983081,0.0165864808405362,0.0186402941794564
Moldova,...,...,...,...,...,...,...,...,...,...,...,...,...,...,...,...,...,...,...,...,...,...,...,...,...,...,...,...,...,...,...,...,...,...,...,...,...,...,...,...,...,...,...,...,0.00530067157581448,0.00773794067290296,0.00925966651311053,0.00906693656299238,0.0090277252095021,0.00624855228169175,0.00511299142949014,0.00395141963645816,0.00402592295464743,0.00419846605695363,0.00416381264465176,0.00360979036536125,0.00400235101204801,0.0048263447637712,0.00516193541658915,0.006085356171256,0.00457886649076119,0.00262879174562087,0.00272949600366091,0.0027407991661782,0.00281261545863777,0.00293185445408591,0.00295624500989931,0.00344191282076352,0.00324532007174344,0.00332323743240549,0.00362122379105516,0.00385463275729941,0.00370579924924369,0.00360059008856848,0.00570612660188445,0.00597780838491135
Russia,...,...,...,...,...,...,...,...,...,...,...,...,...,...,...,...,...,...,...,...,...,...,...,...,...,...,...,...,...,...,...,...,...,...,...,...,...,...,...,...,...,...,...,0.0442703232125367,0.0418132464712269,0.045237006553879,0.0378442996742671,0.0375655882080282,0.0403980929678188,0.0273264908865687,0.0307328792235108,0.0330702983667541,0.0354631922908818,0.0375627739108018,0.0367083808960104,0.0330035364660483,0.0333123723441659,0.0324635723405838,0.031185420747754,0.0314948602002222,0.0392406340302834,0.0358508572012112,0.0343304383760131,0.0368924043459907,0.0385404258314373,0.0411299297822323,0.0487151474680202,0.0542514770504505,0.0424899605173948,0.0371982243956434,0.0386033750437073,0.0414471713241985,0.0357591678846302,0.0460728884010235,0.0540231844120686,0.0705233864500366
Ukraine,...,...,...,...,...,...,...,...,...,...,...,...,...,...,...,...,...,...,...,...,...,...,...,...,...,...,...,...,...,...,...,...,...,...,...,...,...,...,...,...,...,...,...,...,0.00434645819133778,0.0241777179479269,0.0273494760851588,0.0317883449282933,0.0398824090389786,0.0324403179965191,0.0288352763946873,0.0351108284883721,0.0276926719545401,0.0267619950627408,0.0274557877088929,0.0250682433490703,0.0279248933066336,0.0277159181333191,0.0287000281658483,0.0267292227463357,0.028403538702613,0.0274199654235065,0.0225828771122262,0.0235345197687142,0.023928953083474,0.0296736825853937,0.0384784847607093,0.0366861786886462,0.0324149291547879,0.0363516607992805,0.0406793765037597,0.0440031470276707,0.0342549199562857,0.256424104715416,0.365281725077224,0.344815297701892
USSR,...,...,...,...,...,...,...,...,...,...,...,...,...,...,...,...,...,...,...,...,...,...,...,...,...,...,...,...,...,...,...,...,...,...,...,...,...,...,...,...,...,...,...,xxx,xxx,xxx,xxx,xxx,xxx,xxx,xxx,xxx,xxx,xxx,xxx,xxx,xxx,xxx,xxx,xxx,xxx,xxx,xxx,xxx,xxx,xxx,xxx,xxx,xxx,xxx,xxx,xxx,xxx,xxx,xxx,xxx
Western Europe,,,,,,,,,,,,,,,,,,,,,,,,,,,,,,,,,,,,,,,,,,,,,,,,,,,,,,,,,,,,,,,,,,,,,,,,,,,,
Austria,...,...,...,...,...,...,...,...,0.0162684582679672,0.0181238397054329,0.0170211125918332,0.014581856994971,0.0130933752302764,0.0135207185896469,0.0157966775838201,0.0188730024255788,0.0150721338742394,0.0162440513164265,0.0160916641574175,0.0154267474905488,0.0149925656716418,0.0138013012131531,0.0124610695391068,0.0120228666458138,0.011849885730058,0.0127688251935917,0.0145127836371395,0.0136519681077057,0.0134595189062191,0.0142921261189068,0.0143384573169429,0.0142024610611492,0.0138005173349012,0.0141299673018358,0.0139117588416479,0.0141415833617155,0.0151262356650052,0.015087585414904,0.0141667790274506,0.0129918114420184,0.0123415492526247,0.0119566026670559,0.0115421711847241,0.0109921407158669,0.0111558454134251,0.0109445307622703,0.0107323205206951,0.0104968297742271,0.0104643398189713,0.0101807286299799,0.00980246123382213,0.00983960897278692,0.00911232125098393,0.00888297333812562,0.00915451921068386,0.00897058496971847,0.00855937301571622,0.00791400408855326,0.00906103987717548,0.00876420517647602,0.00838531947457704,0.00826388366920392,0.00795931958980622,0.00783538525853244,0.00757180192579996,0.0075464957585912,0.00702576919833039,0.0073372291194157,0.00761540652203723,0.00748993468286285,0.00753133437614439,0.00885811629497475,0.00873515488270759,0.00766706008326772,0.00870829952423219,0.00999843177036641
Belgium,...,...,...,...,0.0486255778730313,0.0488025403827687,0.0378341158059468,0.0355816300782236,0.0360839948296234,0.0357095657646318,0.0351833566263596,0.0339734786713587,0.0325907007379727,0.0328475216700874,0.032166309632907,0.0321347165933831,0.0297306360209053,0.0311258602859894,0.0313458162424807,0.0311509001127571,0.0293181499649615,0.0291864009674006,0.0289892591889451,0.0288076004125292,0.0283531113278907,0.0276141618803791,0.0306503453940771,0.0309336953424019,0.0314324864709375,0.0326152206121967,0.0326134501753371,0.0325019538550409,0.0336604943606586,0.0326994459142415,0.0319141317049267,0.0300790244923592,0.029312338541026,0.0295377262399122,0.0290179479261597,0.0262874841616219,0.0246085432355232,0.0235544045891723,0.0228769284712482,0.0183233253009366,0.0173596589343319,0.0167714315012305,0.015446405538339,0.0151931684175109,0.014578661900969,0.0141739581246631,0.0139393068975137,0.0135086536826323,0.0128352328807131,0.0122376131677303,0.0122119401053058,0.0115659439046667,0.0109664118158572,0.0105612306878486,0.0109801876439276,0.0122191451658895,0.0116353003394252,0.0109018110220613,0.0104450113453523,0.010370296665755,0.010045200869807,0.00966272329768275,0.00911829965009217,0.00898085290562566,0.00886837200658898,0.00892442476666613,0.00887004950933882,0.0100592796693225,0.0104263994220028,0.0116246551287247,0.0118422875211757,0.012770531266155
Cyprus,...,...,...,...,...,...,...,...,...,...,...,...,...,...,...,...,...,...,...,...,...,...,...,...,...,...,...,...,...,...,...,...,...,...,...,...,0.012702916956171,0.0157715789858516,0.0539147769754872,0.0570025602914459,0.0536935509753425,0.073740356129737,0.0726477612246644,0.0912928604418491,0.0407495260499477,0.0402398919595774,0.0304103421492608,0.0452471482889734,0.05573910769889,0.0467631794591642,0.0273385096955161,0.0282209015133954,0.0315322215947894,0.021301607353618,0.0198516312435716,0.019557691617927,0.0203746974323698,0.018999978625024,0.0168459965831751,0.0162970494449745,0.0181681950779024,0.0185292455056688,0.0173783209097559,0.0165475170209627,0.0160700908951525,0.0154260195978916,0.0164766762744388,0.0140455761221209,0.0156810293907547,0.0174983319036456,0.0176959353705638,0.0189553437845021,0.0178406744246115,0.0172118847605333,0.016506068333336,0.0164735214954921
Denmark,...,0.0166450296735905,0.0205298871936725,0.0273950397147025,0.0336334745762712,0.0319436924742826,0.0318118948824343,0.0302628600989363,0.0307879525403103,0.0287711124053582,0.0258901375905892,0.0272887755602413,0.0258681164503683,0.0301827310409247,0.030415238937401,0.0284291447082145,0.0283213773314204,0.0263674969892882,0.0258821092365411,0.0267593414991841,0.0239160763140253,0.0242911996594156,0.0236222218936224,0.0217997334586636,0.0197580758328422,0.0223484393156229,0.0239724954226188,0.02204203184792,0.0221630312859212,0.0227182119452819,0.0225152737235981,0.0236309252270559,0.0243866639204741,0.0241989502520681,0.0236474287605693,0.0223547072552978,0.0210467210710106,0.0194481923668799,0.020316474834314,0.020874706324154,0.0202422013695156,0.0195075703504915,0.0191975873946774,0.0185515102127163,0.0187408519061274,0.0174260026232195,0.0168675957369556,0.016461435449497,0.0161872430785355,0.0160907118109632,0.0156553651572988,0.0145846561683975,0.0153154262127753,0.0150685882049485,0.0146466732860503,0.0142024015449579,0.0130811146758176,0.0137505574678224,0.0130402280174653,0.0134882681237568,0.0134441225473678,0.0139710181036952,0.013123392890178,0.0135329314051826,0.0122352490397164,0.011497978040996,0.0111481302624419,0.0115107146564238,0.011399854112558,0.0128310489294024,0.0129920660644454,0.0137376885314973,0.0129155763565745,0.0136156457421085,0.0199961332917573,0.0241617454160591
Finland,...,...,...,...,...,...,...,...,...,0.0170796545502128,0.0187492874003944,0.0176904104762464,0.018361815196588,0.0251317830864007,0.0192714178695058,0.0185927303165209,0.0179734038277768,0.0171395131378637,0.0161552115269617,0.01755074400253,0.0143747769806296,0.0137585401679306,0.0144904687492755,0.0153084554364898,0.0145370204008298,0.0127017866747889,0.0150815981992122,0.0134012461675403,0.0140535201149425,0.0142944410507025,0.0147900930967855,0.0167093547993658,0.0154558673057246,0.016437501499772,0.018232638142335,0.0160404180113724,0.0167657907276353,0.0172390995338997,0.0164553300960529,0.0160769117311844,0.015343144923525,0.015633514986376,0.0178123103649322,0.0190713101160862,0.0186801150656572,0.0175560359540335,0.0142254149924916,0.0153047227121301,0.0153515505066012,0.0146317555780765,0.0122310377157804,0.0124000997169797,0.011431199131475,0.0115346267852331,0.0144547443507181,0.0146771855552706,0.0146470451104851,0.0144270225678265,0.0128760998478864,0.0139102532971688,0.0156084541207723,0.0149172644486325,0.0149199362525613,0.0153160526604717,0.0154007184381097,0.0145927959000267,0.0145819060668341,0.0143150516649128,0.0136088933984851,0.0137168236993597,0.0136132283517387,0.0143578115547809,0.0130243925969996,0.0158854518946055,0.020075369530221,0.0229979173712597
France,...,0.0465418114891636,0.0598686277465438,0.0722791998577345,0.0757152904896221,0.0612078564708724,0.0538483480578486,0.064603929247566,0.0616059643925387,0.056875297664523,0.0563524691636675,0.0542848588493053,0.0529560753876716,0.0515887134953187,0.0474008571749863,0.0454025026669875,0.0439531951376613,0.0429010327424386,0.0429524594691896,0.0413684603777682,0.0367975172675766,0.0345855771733226,0.0331609304824223,0.0323030459043129,0.0314371920479698,0.0308644058078624,0.031971454640285,0.0315613958423347,0.0323156861034418,0.0315148731411781,0.0313939544307514,0.0315520508491915,0.0324613261046416,0.032238391338373,0.0323713177475225,0.0318736925092314,0.0314393280229726,0.0308576501575346,0.0312045160513517,0.0300034058907042,0.0291783465873507,0.0284463959497759,0.0284921925342208,0.0272756816588629,0.0272168441384594,0.0269073238306963,0.0251542226280158,0.0243766326434912,0.0239395696754189,0.022468089386267,0.0219815329922308,0.0209218901026309,0.0204148415280944,0.0205857264018165,0.021064709567846,0.0211416633859403,0.0202813701732743,0.0197737744775679,0.0191095777789429,0.0189934504679172,0.0209877791453034,0.0196864375039496,0.0188794614981494,0.0187154409463222,0.0184711648361859,0.0185952906556899,0.0186973268204402,0.0185171809616119,0.018523088187904,0.0184604257144589,0.0185288520696513,0.0202167455284232,0.0198022225807935,0.0195772067476703,0.0195099683800051,0.0205257687860637
Germany,...,...,...,...,0.0394796297885113,0.0372290168467875,0.0382613865189935,0.0339517939386522,0.038800597960436,0.0277726555591033,0.0414851922040853,0.0375239529712865,0.0372257751371672,0.0447513526890496,0.0487658326540949,0.0436398517673384,0.0407211656897412,0.0389118320865712,0.0405878248265452,0.033906038798747,0.0338287545977261,0.0299867169564358,0.0304603413911262,0.0315283099924127,0.0314497732538136,0.0324603091379624,0.0326800346106044,0.0312103802490174,0.030242158535872,0.0303531502721566,0.0295044791851167,0.0294762841980312,0.0302778521542503,0.0302023629678599,0.0301294853266969,0.0291266607299653,0.0285409355351334,0.0277739964953778,0.0275945364827544,0.0262867334017811,0.0252069658026011,0.0250676361181222,0.0197382250348754,0.018360797299954,0.016772597330503,0.015366036133542,0.0148727246874621,0.0145737175283167,0.0140270759051929,0.0138165698909139,0.0138034779906259,0.0134421581953972,0.0130789826898647,0.0131344033426945,0.012986963477858,0.0125072808117217,0.0123275583821682,0.0117898651377886,0.0115279236258074,0.011888700534429,0.012847898688108,0.0124181027958074,0.0118233731589884,0.0121725965761789,0.0116213791467872,0.0112769949450115,0.0111541840455009,0.0112912506140277,0.0113126090102098,0.0114814145777047,0.0124014846331417,0.0135598993512329,0.0129982374349238,0.0135030514561756,0.0148796332620564,0.0189190377205494
Greece,0.0590633325843418,0.0600883248509479,0.0663685817326403,0.0642888377350396,0.051146019008988,0.0549351535836177,0.0511361488147,0.0594159278971928,0.0500274122807018,0.0476614294796113,0.0485646585166391,0.0485730295953435,0.0424357000022985,0.0404842971228294,0.0382448463962285,0.0357356211032106,0.0349846492059281,0.0358468738765907,0.0434570766758805,0.0469018026641258,0.0478878606005897,0.0419730219448359,0.0411919917305914,0.0395652514491618,0.035177090640908,0.0482446883464592,0.0584732162220776,0.0582922738415295,0.0591853565442111,0.0557544451249418,0.05181248328693,0.046608059951787,0.057357013089349,0.0562659345822855,0.0517247666277713,0.0483544433693963,0.0469256693840525,0.0412801512211307,0.0425552044841929,0.0419823223061689,0.037658694645888,0.0379826032707078,0.03484865109943,0.0362980089042347,0.0360012469561704,0.0358197232877289,0.0309663675025723,0.0323732069026365,0.0329602741401833,0.0345541464568208,0.0349420868804542,0.0359479870587568,0.0335627566229104,0.0316565671755075,0.0256278132746133,0.0267202808458836,0.0290167987543818,0.0282969288184234,0.0271917513817491,0.0302372412926418,0.0326904009456305,0.0275678087939637,0.0252021146748907,0.0247639628901893,0.0239130807647224,0.0236784026258467,0.0247743424261411,0.0257279833754101,0.02556623889921,0.0270054108209766,0.0259648367110305,0.0302310765728834,0.0380247367841764,0.0400035246143373,0.0288325472633445,0.0312797536550149
Iceland,...,...,...,...,...,...,...,...,...,...,...,...,...,...,...,...,...,...,...,...,...,...,...,...,...,...,...,...,...,...,...,...,...,...,...,...,...,...,...,...,...,...,...,...,...,...,...,...,...,...,...,...,...,...,...,...,...,...,...,...,...,...,...,...,...,...,...,...,...,...,...,...,...,...,...,...
Ireland,...,...,...,...,...,...,...,...,...,0.0144895183240411,0.0141839194508815,0.0133038674274387,0.0132014208497048,0.0129021997609629,0.0124281713383915,0.0130320786489055,0.0132690805500519,0.0123436045763536,0.0118712684797857,0.0113285129943636,0.0109928037099096,0.0115860929602813,0.0124394513227465,0.0132881101131957,0.0131269490105501,0.0140693235636944,0.0162595896710865,0.0161516249948012,0.0152517744005848,0.0148308354739001,0.0158220056709233,0.0166526701222097,0.0158060661844101,0.0159123694788544,0.014926312327501,0.0141243942527662,0.0141604420408081,0.014232052652489,0.0128230024699033,0.011994341526595,0.0110547611947077,0.0120350328404375,0.0125393531255992,0.0120411854985202,0.0113922514870102,0.0110873259118524,0.0101536302332693,0.00990896265766987,0.00923621423991217,0.00823067638264075,0.0075007656936,0.00694961052162033,0.00702765014395844,0.0063383334613874,0.00587456023721602,0.00567899833158286,0.00540612698817302,0.00513151243889595,0.00508754794256741,0.0057698781953157,0.00601169019780089,0.00574574154033988,0.00539508228229788,0.00509289132793347,0.0049161342312128,0.00447668415911946,0.00329854616599638,0.00327907586700795,0.00296120745416758,0.00280112255033866,0.00273293508559262,0.00262684777602834,0.00238637692712824,0.00212502380914468,0.00230374711003044,0.00239096332495524
Italy,...,...,0.0377708989611411,0.0399412073815855,0.0332755706280351,0.0353219330897254,0.0325167903670824,0.0316619620959543,0.0308587377929069,0.0304213353097755,0.0295389410388531,0.0271382598828575,0.0257386907530496,0.0263383835685955,0.0275343795360876,0.0272735589826609,0.0274758016222984,0.0298871998055421,0.02767746940336,0.0264896159188232,0.0242240082694152,0.0205821005427826,0.022389709472173,0.0239117601629548,0.0219581741427764,0.0207062677398957,0.0197523216803617,0.0182814366885272,0.0189080851218824,0.0187975510456818,0.0187395946663968,0.0176364323708972,0.0182111250603573,0.020053729031431,0.0201650141992046,0.0200860777360645,0.0193636892016635,0.0197714264210667,0.0206035364400414,0.0207285745924484,0.0202642731989536,0.018807984132592,0.0185885268375554,0.0175197698347487,0.017867679733127,0.0171374275955101,0.0145963717676225,0.0158142783542643,0.0161893523792895,0.0163621282256544,0.0167522558920443,0.017333974080779,0.0166687444230505,0.0169394254893483,0.0169839951235756,0.0167228931403318,0.0159516123663349,0.0151434317166841,0.0144091823807458,0.0153005124720846,0.0154748909606347,0.0149431312454622,0.0146829220552997,0.0141946238544527,0.0139167747666985,0.0127633070266495,0.0120247316488401,0.0132773387933426,0.0135122350161336,0.0135443317948295,0.0130611671363832,0.0172984958969454,0.0166286387777873,0.0165164252620196,0.0160646040928357,0.0160924561245844
Luxembourg,...,0.012083338478649,0.014078873873712,0.0214308071793047,0.026071885306335,0.0294376962639257,0.0291637254467183,0.0171242750265699,0.017591926534444,0.0173960788749165,0.0158740591358921,0.00906952919286089,0.0100015206896733,0.0116246371645813,0.010672209514909,0.0124585400836772,0.0122031510134833,0.0121187901587785,0.00996085872127087,0.00825022794421924,0.00737580771306242,0.00681993152418119,0.00712646825176389,0.00738045903344618,0.00706935166712404,0.00685000056287078,0.00869718940134074,0.00890996863139468,0.00906504943377878,0.00929190840976478,0.00918695859255975,0.0104184420341133,0.0109342002947633,0.0107715200754963,0.0108824129427353,0.0104216962842296,0.00867554425044341,0.00833086844864453,0.00915915918607726,0.00951494528594597,0.0078845832033386,0.00788344680855924,0.00811385163106724,0.00827198401049985,0.00707154433830032,0.00741561435509644,0.0061631229536522,0.00611795282179392,0.00619164073380448,0.00641796393004664,0.0058038083885115,0.00546329291336707,0.00677211501251718,0.00588787408670377,0.00606265558712765,0.00605730957855837,0.0058477615707441,0.0052078771268481,0.0050162400683642,0.00364912794964823,0.00371311757115607,0.00441009496679635,0.00376775588804359,0.00358937251707305,0.00358492375793951,0.00366856825936978,0.00415571527949753,0.00378949157263331,0.00495110917223231,0.00500655642661875,0.00546198379988419,0.00578077082223964,0.0047124923612019,0.00625325775260002,0.0077317942181024,0.00962679157025622
Malta,...,...,...,...,...,...,...,...,...,...,...,...,...,...,...,...,...,...,...,...,...,...,...,...,...,...,...,...,...,...,...,...,...,...,...,...,0.0127625103445688,0.0126918382590508,0.0145625776866228,0.0122106673142782,0.0110818483744066,0.00914918012232462,0.00871119892244603,0.00973183398963503,0.0100196104784451,0.0102405911504141,0.00839629966950651,0.00871057168117547,0.00822349255968959,0.00725207281017275,0.0068064007256322,0.00628078156689517,0.00666190034371232,0.00637560681968479,0.00629824750823065,0.00663925031267677,0.00822526574900827,0.00655773991501952,0.00618983130615608,0.00613354639613187,0.00676723897394339,0.00646212685652893,0.00571705680644883,0.00519475728040563,0.00498340372182382,0.00476026297334065,0.00456932902032034,0.00496660141239844,0.00456702678272601,0.00414176632611117,0.00491258185670287,0.00527674290511624,0.00446085155562138,0.00411834981751042,0.00504866253628109,0.00451123319487248
Netherlands,...,...,...,...,...,...,...,0.057937469871221,0.0531683834829991,0.047181953452162,0.040238283229433,0.0370390179658833,0.0408728387914001,0.0412277525012795,0.0401083448197299,0.0393265268418307,0.0357129033135163,0.0337028428544947,0.0352333580585187,0.0325633492017265,0.0322892860322925,0.0286623555435659,0.0283882953486528,0.028185399996365,0.0270299724962028,0.0265347166146325,0.0284386012856602,0.0268890944936651,0.0295445752206894,0.0274707053060561,0.0284023282824093,0.0278429856620748,0.0286311944233433,0.031414705898142,0.0284858474479936,0.0286172441738649,0.0276821812094818,0.0272511978598847,0.0271346717798331,0.026109094684565,0.0251740390550589,0.0236901988510143,0.0224853153093843,0.0221300259630903,0.0202782940845455,0.0191306097545144,0.0176873757696223,0.0173454966695627,0.0163818103121788,0.0155853398473808,0.0156975125135966,0.0143342083323197,0.0143475082877619,0.0142155215440017,0.0143794632366222,0.0142068916216587,0.0139083240225484,0.0138651514016655,0.0134687487455341,0.0129710010302488,0.0138580992838475,0.0131752879372712,0.0127726127378573,0.0122552534668627,0.011572088159419,0.0114761127983414,0.0111786033539529,0.0114449960079147,0.0113721447777951,0.011961416179648,0.0129180842332848,0.0140607718904592,0.0136537490886658,0.0130419995572639,0.0144136515676766,0.0191642541759119
Norway,0.0270923336018159,0.0236847342931069,0.0304822808419931,0.0400829635346325,0.0507780897539618,0.0500460546515198,0.0392536452755581,0.035212293350812,0.0358657002188184,0.0350600883349882,0.0357581239098133,0.0320043559803981,0.0300420435724296,0.0324151790991843,0.0320842732309849,0.0311916398458299,0.0339793651930931,0.0356795983067309,0.0351256281407035,0.036078431372549,0.0360425249935175,0.0347283949071698,0.0339150440491555,0.0329146596752231,0.0313360512105282,0.030355353426347,0.0320843028338556,0.0312402978167525,0.0309817680596454,0.0284131892913699,0.0276654591368918,0.0261901886888382,0.0262397215285996,0.0274459210641682,0.0279497153165342,0.0254443435066589,0.0279600023170273,0.0280841701830998,0.0297832442559969,0.0284075508520007,0.0285732026033111,0.028339918998321,0.0269755102919046,0.0290717052046937,0.0263361861863617,0.0267698123806063,0.0230745749830242,0.0216304215907884,0.0201605130811152,0.0215582766096953,0.0203788030128002,0.0170442346991516,0.0170223168580233,0.0207531910404726,0.0196940449912105,0.0184243477657857,0.0157588467314326,0.0144466802794409,0.0145917207799086,0.0137033371660879,0.0159690979918941,0.0150762795492815,0.0144252755140788,0.0139318999611811,0.0140525218139781,0.0146227942776465,0.0149812327266489,0.0161734383599671,0.0170515328594991,0.0171529737478335,0.0184373537818427,0.0196598369239436,0.0167632184694899,0.0146436961628818,0.0181314737150102,0.0209124111193175
Portugal,...,0.0234260919060548,...,...,0.0248726900919835,0.0257550766036576,0.0260313308460125,0.0248016324771203,0.0246588894758697,0.0244019601886728,0.0259708746203047,0.0255567079028491,0.0388750179030931,0.0422667364735832,0.0395578921858609,0.0411149725818899,0.038136131460626,0.0385289574058252,0.0446379018514436,0.0450281558008619,0.0413901661630361,0.0413788067758456,0.0433176583858868,0.0406104423642914,0.034795625646625,0.0434227985854624,0.0309510805560106,0.0235834695323792,0.0207020884669032,0.0209388501450419,0.0202862086839682,0.0202672491054328,0.0200267383908056,0.0203513354054572,0.0190927673971989,0.0186132340712926,0.0184354337576399,0.0191582545286477,0.0185930207777881,0.0188542646646333,0.0188750264446765,0.01840828125429,0.0182995478165992,0.0180524410002279,0.0178650706580181,0.0168121275838708,0.0170715787362033,0.0160164031322082,0.0154154760574092,0.0142301869395635,0.0142626993965458,0.014070359633161,0.0144506185476172,0.014648125666589,0.0143358027472409,0.0150609147993081,0.0159379180313443,0.0151208523296058,0.0137790810197484,0.0141594674624287,0.0153406376621365,0.0148615299877848,0.0148992161044294,0.0140383146309083,0.0143957267155316,0.0130668261277534,0.0132892803352448,0.0154200474856982,0.0123983975869036,0.0134147881873726,0.0137395750042211,0.0142613611053982,0.0151644104082545,0.0138999857860246,0.0146642848168082,0.0153226822745255
Spain,...,...,...,...,...,0.0229086773580445,0.0231069998619533,0.0226009433457975,0.0223464276480521,0.019334354890474,0.0190545294031686,0.0225074702204848,0.0203124482602107,0.0226774589192604,0.0196963291958044,0.0193055857347098,0.0188486682463102,0.0207961936015824,0.0185195694357998,0.0229767251939567,0.0243416753437938,0.0228661622551749,0.021079717457114,0.0231778209800765,0.0211074172547559,0.0220756393740679,0.0200426223337861,0.0232104693213536,0.0231423266289489,0.0235795730062073,0.024970649013133,0.0248989578488601,0.0258210874483481,0.0266030674579303,0.0293627289991861,0.0296600550441302,0.0295472170818505,0.026250366796807,0.026147006889558,0.0248937521722977,0.0235967514225005,0.0229330520898016,0.0212919223112803,0.0204280367601027,0.020118717370405,0.0200133740218861,0.0191702239465122,0.0181443901615473,0.0172281567944182,0.0175731994886122,0.0175523458900652,0.0172551798839458,0.0162958403293613,0.0145597370162444,0.0142254439300681,0.0143022117967926,0.0138717775355122,0.0137000746147478,0.0136310631227691,0.0136762048450666,0.0135835383696039,0.013816644927099,0.0132573618168037,0.0141695174735802,0.0126618872678062,0.0124625944103127,0.0125969265356283,0.0112848106845526,0.0122211082849583,0.0124562475871831,0.0122464525288942,0.0135429599703865,0.0133768901652321,0.014055469125943,0.014715775760116,0.0143210737406914
Sweden,...,...,...,...,...,...,...,...,...,...,...,0.0377697093998143,0.0372061333129569,0.038634442931593,0.0396727724240992,0.0386619773810931,0.0391263074939103,0.0385801327117097,0.0361145184983266,0.0347654687767811,0.0345928073254583,0.0335866826147039,0.0341003678543619,0.0340796434986602,0.0327858730550753,0.0321539704912016,0.0308160313845438,0.0300311290223018,0.0310108211536798,0.0314777548793793,0.0312335742266503,0.0292345159602684,0.0294823714687051,0.0285375478407458,0.0273782261810655,0.0267196132262297,0.026730084000738,0.0258656825639449,0.0248279607141854,0.0244551601057075,0.0243275007538796,0.0246222087771384,0.0231988463219988,0.0233879088257987,0.0223500815954401,0.0210703239487222,0.0174250521093618,0.0147343176529016,0.0189568067997443,0.0185898135400003,0.0185215824084675,0.0181219616487946,0.0176644912426107,0.0162865223371684,0.0158816297928906,0.0143407694057924,0.014088832755238,0.0131996199535912,0.0130317126242131,0.0117073406588482,0.011657412674695,0.0119449893581106,0.0110855139297702,0.0113574610579856,0.0111768901606678,0.011347022453612,0.0107374144708625,0.0105595798245271,0.010325978685581,0.0104000297143706,0.0109692312001944,0.0115009466283262,0.0118992635880485,0.0133147661923348,0.0150126036606591,0.0199771738810168
Switzerland,...,...,...,...,...,...,...,...,0.0283143178531255,0.0298843388558925,0.0271081677704194,0.0234145036125234,0.0246907706945766,0.0256756756756757,0.0251633668194675,0.0253585569731632,0.024679592507394,0.0253079335934511,0.0238237384506041,0.0217651757188498,0.0219792370538731,0.0210334748800529,0.0205252682169037,0.019681261245823,0.0186144856220206,0.0187597448618001,0.0190075273804003,0.0216258100873485,0.0202208656286439,0.019673644305258,0.0203979942603046,0.0167860654586318,0.0166280222143271,0.0172819451127189,0.0174880558932822,0.0170124830295676,0.0182497186832109,0.0166102195140386,0.0156186605542128,0.015648052643261,0.015241653668033,0.0157214718757236,0.0153782488553083,0.0152370927239544,0.0136696434518411,0.0133228409403183,0.0135581088252354,0.0128375680158363,0.0122086410342116,0.0118520390139366,0.0108621220546806,0.0102928011745958,0.00991880080138388,0.00956388349764947,0.00926630419400856,0.00888925074606932,0.0083306403652778,0.00753808477874928,0.00718232323663411,0.00722484412265189,0.0073179337674355,0.00687220165933277,0.00694782257657599,0.00669001710434324,0.00712636242390875,0.00634898338463689,0.00651341082840214,0.00664750475412517,0.0066568455676088,0.00652876569793988,0.00696324324760463,0.00772558973227674,0.0067289247365512,0.00682061302644033,0.00705659021596424,0.00717812077671144
United Kingdom,...,0.0720843263339843,0.0829519634494239,0.103739488369233,0.10960455111675,0.100568215252605,0.0908513237117629,0.0856254786151661,0.0798662212869687,0.076245301628956,0.0729060254222139,0.0709248637082215,0.0692138752285922,0.0694416604105903,0.0680074341068238,0.0659605601313516,0.0643697857340144,0.0624903679676674,0.062357037120617,0.059411052003122,0.055021956389853,0.0519741323809566,0.0507633062254603,0.051710477559332,0.0490616105746511,0.0506942711490535,0.0533960343915615,0.0517550333681554,0.0492327762103886,0.0473304308586993,0.0467975756747534,0.0501990345888742,0.0498376336921746,0.0538132652115477,0.0539688559001511,0.0550807949805952,0.0532070461905547,0.0505982373679728,0.0468666844260533,0.0421428762838849,0.0404095433156431,0.03983217694585,0.0411680242273171,0.0386471776641263,0.0359064951247979,0.0338193371776532,0.0285419949053587,0.0272459232198324,0.0256014877225605,0.0249596227501881,0.0242290959332375,0.023727966452319,0.0241112210130721,0.0248565967470705,0.0255206201518244,0.0249782136751626,0.0242271607573388,0.0236967440284241,0.0237465777127738,0.024871500848402,0.0264772453259797,0.0256799960467203,0.0249903987829525,0.0241781748358099,0.0229232047399432,0.0218448549185402,0.0204890800410498,0.0198449096820719,0.0195002885979327,0.0194455569473457,0.0198525373099586,0.0216304030547387,0.0207241748249759,0.0205691855462534,0.0223063973904322,0.022786177901127
European Union,xxx,xxx,xxx,xxx,xxx,xxx,xxx,xxx,xxx,xxx,xxx,xxx,xxx,xxx,xxx,xxx,xxx,xxx,xxx,xxx,xxx,xxx,xxx,xxx,xxx,xxx,xxx,xxx,xxx,xxx,xxx,xxx,xxx,xxx,xxx,xxx,xxx,xxx,xxx,xxx,xxx,xxx,xxx,xxx,xxx,xxx,xxx,xxx,xxx,xxx,xxx,xxx,xxx,xxx,xxx,xxx,xxx,xxx,xxx,xxx,xxx,xxx,xxx,xxx,xxx,xxx,xxx,xxx,xxx,xxx,xxx,xxx,xxx,6.22168491479947e-05,8.51824394119927e-05,7.70944711000724e-05
Middle East,,,,,,,,,,,,,,,,,,,,,,,,,,,,,,,,,,,,,,,,,,,,,,,,,,,,,,,,,,,,,,,,,,,,,,,,,,,,
Bahrain,...,...,...,...,...,...,...,...,...,...,...,...,...,...,...,...,...,...,...,...,...,...,...,...,...,...,0.0152617985442592,0.0175228724031609,0.0207792207792208,0.0495813133539004,0.0589275191514437,0.0569889130660035,0.069025815655055,0.0853516194922673,0.0479033601777284,0.0417930569598921,0.0458815818221543,0.0583776248148471,0.0525325388113533,0.0560304575820703,0.0564466166448682,0.0528479154433353,0.0570375064815348,0.058780719923865,0.0536985516733492,0.0511130218782841,0.0518323179048832,0.0527393976376237,0.0506848741255812,0.0533310395251817,0.0550362154366541,0.0396167096884853,0.0414808163198998,0.0461110660635053,0.0465883280302628,0.0404492884796012,0.0321438109533007,0.0310294772848129,0.0295699023434392,0.0280016136873791,0.0361053524967651,0.0327782374844849,0.0359149722735675,0.038444905725653,0.0414139762975071,0.0441851202803887,0.046441113490364,0.0467063531353135,0.0432073774179037,0.0404108625299001,0.0402986101554975,0.0405746865109248,0.0351979682208909,0.0342339334548769,0.0352083573819693,0.028946654057963
Egypt,...,...,...,...,...,...,...,...,...,...,...,...,...,0.0667547918043622,0.086646884272997,0.103283898305085,0.101174345076784,0.0871826883062838,0.0890769850866586,0.111330438215555,0.143360534124629,0.159878828677213,0.171870121760849,0.135645302897278,0.135135135135135,0.172742435072671,0.154318460908719,0.137268961121734,0.131120584652862,0.0994071348257181,0.064689378757515,0.0616031027795734,0.0741690962099125,0.0718896060538616,0.0795867393278837,0.0826523207017322,0.0785693305919735,0.0749813056581541,0.0652874277064007,0.0506087662337662,0.0396809895833333,0.034676995357893,0.0361174470420041,0.0321550063172359,0.0309773699249923,0.0315393465100637,0.0308203623414837,0.0297481186979645,0.0284148521846447,0.0265938329094369,0.0256976747814276,0.0255126513982739,0.0298556856033807,0.0327845479650374,0.0317728527009726,0.0287753123653597,0.0271422040657605,0.0260621860261331,0.0237963467509709,0.0218078548537016,0.0203264504307225,0.0195296705174529,0.0183702551137618,0.0164817579267929,0.0161005697699419,0.0168969483568075,0.0172314742829085,0.0166660515243227,0.0142203170028818,0.0124996619642133,0.0118097179684711,0.0112247550332399,0.0112200927143154,0.0101475596559521,0.00808918707093165,0.00665263620234986
Iran,...,...,...,...,...,...,...,...,...,...,...,0.0229490883301967,0.0234664218166081,0.0230741087712102,0.0259035696447359,0.0288182674775756,0.0324952490444466,0.038189953679917,0.0445799176138232,0.0517636359090398,0.059690541955316,0.0585690329096248,0.0304701247800352,0.0227537027764767,0.0186470541876358,0.0875035024750824,0.120691929092555,0.112479723346227,0.101898301489818,0.111132050910914,0.0579724702809783,0.0534315018542368,0.0819038082342705,0.0790689063839738,0.0709708065005957,0.06354853844404,0.0651241844033205,0.0607933597523708,0.0588910778863281,0.06269777621033,0.0455798049268961,0.0294265012534759,0.0216970796657052,0.0178930544437356,0.0170036120174971,0.0207301000512615,0.0215416588498039,0.0224486451064281,0.0249887472505777,0.0262907924769004,0.0240455173780106,0.0229504222152572,0.0241817929679324,0.0217457636612743,0.024050402653569,0.0283455780463948,0.0303665449804817,0.0331519380033441,0.0265398282115891,0.0268334192055637,0.0304770554917662,0.027865480606164,0.0238163454250427,0.0268660846849974,0.0218077190909837,0.0211655706144949,0.0255709080686915,0.0279643556281004,0.028443384495596,0.0235629488324383,0.0214694745014838,0.0217701027609522,0.0222394282528392,0.0211062130699384,0.0235179187276968,0.0201043175751636
Iraq,...,...,...,...,...,...,...,...,0.0654269366197183,0.0607535321821036,0.0671279789829236,0.0705063185899568,0.0685139886867451,0.0691081661891118,0.0825088464260439,0.0795651389390112,0.0887326656394453,0.0852055837563452,0.0842706237424547,0.092208540042523,0.113800847457627,0.111682261208577,0.10516111033617,0.106410923728225,0.122583620265617,0.12494819419775,0.116746221161496,0.111631001695606,0.0981281342579567,0.0811775941535523,0.0614876787611163,0.0551152466705124,0.108295344412937,...,...,...,...,...,...,...,...,...,...,...,...,...,...,...,...,...,...,...,...,...,...,0.0167557807777108,0.0224258030532454,0.0189757172208062,0.0223992802514507,0.0236775982414374,0.0289914007639814,0.0270935227972459,0.0230344021962536,0.0189956836613945,0.0331583096149399,0.029506139914123,0.0541292532011925,0.0355013476903527,0.0390898492056515,0.0275172485497662,0.0323719485045446,0.0311217889939661,0.0226111174702371,0.0164001134527485,0.0226269486919183,0.0235714058035714
Israel,...,...,...,...,...,...,...,...,...,...,...,0.0746024831191462,0.0786501626310083,0.0916079196040198,0.097535741158766,0.0898462696194367,0.0856915377616015,0.0943467336683417,0.154425144747725,0.174280147218013,0.190893169877408,0.234470563207999,0.227998034775922,0.203710188427547,0.27856092653735,0.276552864420413,0.304638027862708,0.292455930986357,0.23087213342599,0.228911349757844,0.193846931894808,0.189193366304698,0.202622686197897,0.183882100800596,0.155468886770799,0.161822289156626,0.166006435277983,0.147677128827137,0.169001449480308,0.159470945572914,0.124457326547219,0.12362686187267,0.155869829136602,0.10925077527679,0.115232439907469,0.101199658353758,0.0752795654363498,0.0737917726384435,0.0717952158691366,0.0671359953153999,0.0630231351836919,0.0610001984652015,0.0629993225373241,0.0636795930501003,0.0625286591975287,0.0613940696015944,0.0605115990349017,0.0585587278604162,0.0616232982826306,0.0623951148308826,0.0597664891131294,0.0578907528727422,0.0563236402188698,0.0551022054656508,0.0544373442389891,0.0563057461102748,0.0542297442402595,0.0541748768749926,0.0542682730712043,0.0528819717558874,0.0507212719116893,0.0527626408809404,0.049349458892043,0.0443301220057923,0.0538479973351622,0.0877671668977531
Jordan,...,...,...,...,...,...,...,...,...,...,0.225401069518717,0.203967446592065,0.165070774354704,0.181455004205214,0.171185127807901,0.148421759570181,0.134099045346062,0.194942611190818,0.234924623115578,0.240638185654008,...,0.185080264400378,0.171529619805482,0.183551847437426,0.186651583710407,0.175099866844208,0.152466367713004,0.172410145755326,0.125292953756037,0.117174927582877,0.122138026147716,0.106458785854718,0.100089735625043,0.0993969514227704,0.0985083816080374,0.0921630028382016,0.100481091285549,0.097745602563702,0.0957758058943667,0.0936361469576765,0.0907078095300923,0.0775106758278973,0.0997308956172497,0.0692424871901399,0.0697710941703805,0.0653945701855829,0.0445424850464514,0.0602691751674709,0.0613150620936661,0.0627462165100982,0.0628223322141843,0.0625655642564826,0.0589307853514787,0.0544601446661176,0.0600105948173936,0.0514172128874042,0.0479532278988433,0.0465932400854871,0.0585128256624216,0.0599497156149729,0.0639138388037152,0.0574149982771799,0.0540164163067694,0.0465572090662121,0.0419373981956594,0.0420345261907888,0.041851629472753,0.0443550630070496,0.046843537414966,0.0456009087117148,0.0456623750321627,0.0470457117239125,0.0470182146525246,0.04798376906378,0.0481224565580192,0.0480018703722722
Kuwait,...,...,...,...,...,...,...,...,...,...,...,...,...,...,...,...,...,...,...,...,...,0.0239278752436647,0.0189218523878437,0.0203893442622951,0.0252493765586035,0.032791185729276,...,...,0.0529368213228036,0.0476078799249531,0.0354852812591081,0.0331399097356544,0.0412700667708481,0.0595429674927583,0.0683051126089101,0.0675486381322957,0.0643410852713178,0.0723620987891601,0.0597625541472806,0.0823661874242162,0.0853982920341593,0.485172672672673,1.1734982320869,0.317860244470914,0.124402191802041,0.13259238782833,0.135815813052368,0.102926484718519,0.080864758714549,0.0879655979257573,0.0759022387888794,0.0715014865654555,0.0770062608489699,0.0739919407029019,0.0654392425039453,0.0580446088589746,0.0434302594160701,0.0354264578632145,0.0359032675886877,0.0300607272121515,0.0397180632341079,0.037561481418781,0.0350139726568748,0.0341374157981372,0.0327153182701652,0.0358561842128005,0.050074693972269,0.0589351944288143,0.0560744536433338,0.0519085473728776,0.0532311669292361,0.0647217283542021,0.0635158136559629,0.0451075426849442,0.0476885841726812,0.0484093247384389
Lebanon,...,...,...,...,...,...,...,...,...,...,...,...,...,...,...,0.0365625,0.0388873119500426,0.0416343418670804,0.0484293193717278,0.0484437163585303,0.0464403066812705,0.0433621043978627,0.0400074087794036,0.0509033778476041,0.0381528931437421,...,...,0.121249085142718,0.0473228442492987,0.0848960109103307,0.100717488789238,0.123571428571429,0.0958333333333333,0.0928645130565918,0.134556205877029,0.109687267047673,0.0628697601510223,0.052638395500296,0.0112184657836794,0.0118657817109145,...,0.0755195134313229,0.0515488867376573,0.0798399831561217,0.0601127876848041,0.0699771316563215,0.0671192798911137,0.0566185242685313,0.0430515463917526,0.0402325225638672,0.0477043929225137,0.0539210030383447,0.0544789624491027,0.0475330090340514,0.0467569110879715,0.0451119229815156,0.0447739527979241,0.0458143085334009,0.0464100507400197,0.0401624119377376,0.0402886758468434,0.0412394687168443,0.0407375676942933,0.0399214379436289,0.0412908273269169,0.0471994151384666,0.0448517082491055,0.0509598055264963,0.0460339736802672,0.0505552097445632,0.0473938277788589,0.0302665836499332,0.0160905429967969,0.0139503764342103,0.0162409234575544,0.0258828538225203
Oman,...,...,...,...,...,...,...,...,...,...,...,...,...,...,...,...,...,...,...,...,...,...,0.0965227817745803,0.148615056818182,0.18595041322314,0.155277044854881,0.249585749792875,0.230097252063779,0.187816856780735,0.20949941915725,0.156407473447554,0.149098813070874,0.157134256472005,0.166660292205309,0.171593698854337,0.168930416756907,0.155614660502423,0.158665775911433,0.132023149264529,0.136997984183594,0.125,0.123909414645003,0.110639102916896,0.121840929027946,0.115257307019735,0.11766452600004,0.109676477238468,0.0940707829017925,0.093579111585516,0.0821609216715177,0.0751678821932737,0.0708570878292736,0.0819564037118769,0.0810066565457833,0.0796203498651595,0.0786037959717824,0.0771403410853305,0.0709909361868035,0.0671756431693885,0.0496024822382651,0.0607257047519031,0.0564885516492993,0.0645275108066004,0.105832031528957,0.0974727260107489,0.0886041181394662,0.0957116730321235,0.105631262289399,0.0841324995212154,0.0826760144238502,0.0743921190765759,0.0803024250539625,0.0662317519939364,0.052647590817834,0.0552596096461175,0.0559419531945284
Qatar,...,...,...,...,...,...,...,...,...,...,...,...,...,...,...,...,...,...,...,...,...,...,...,...,...,...,...,...,...,...,...,0.0786868087778669,0.122168018246325,0.192773867532936,0.139584833721669,0.127339251439539,0.248464148584695,...,0.158895334174023,0.162723508803858,0.130775745257453,0.10743878769782,0.13011254789272,...,...,...,...,...,...,...,...,...,...,0.0392996992225186,0.0333399484024608,0.0243385968557379,0.0199301626863922,0.0175050764857182,0.0195984159971877,0.0201050092711317,0.0199221317692269,0.0147390908321736,...,...,...,...,...,...,...,...,...,...,0.064523551123317,0.0650020565272303,...,...
Saudi Arabia,...,...,...,...,...,...,...,...,...,...,...,...,...,...,0.0590269771731612,0.0596630539757485,0.0769008939728924,0.113242315101767,0.11511831393137,0.0808745489280408,0.095705156784069,0.0940352743064788,0.0864019411745418,0.100815515709133,0.108404475911154,...,...,...,0.156488183967596,0.167365737918065,0.157688118060346,0.126133592387894,0.132652388797364,0.17720246395916,0.169729273217747,0.190043483638924,0.169952008673515,...,0.16896414193661,0.151518818830933,0.133903165819013,0.140242926458954,0.124698079910217,0.112841579833052,0.124653722820651,0.10644781673538,0.0927846839011516,0.0846807775904446,0.110009354234167,0.143110374500593,0.113819360225849,0.105344033130193,0.114190048869926,0.0975806380053797,0.0868711846455737,0.0808155565898243,0.0773059887481948,0.0784836521143522,0.0852704997826892,0.0735343646797829,0.0961719999229391,0.0856567729417753,0.0717239914861776,0.0761580760228465,0.0889019141193183,0.105350604637453,0.13022838193007,0.0956048239449097,0.0984622692397792,0.0881333517624339,0.0779458844216861,0.087921741101353,0.0722921983667662,0.0639742215278992,0.0728424248969983,0.072981029390103
Syria,...,...,...,...,...,...,...,...,...,...,...,0.10517746662325,0.0954491725768321,0.134699853587116,...,0.0864297253634895,0.0887795275590551,0.0774717654051912,0.0821396192203083,0.121648793565684,0.108261693137112,0.112205882352941,0.0843629102708099,0.107715648027742,0.150694655714431,0.126601451562007,0.1594892460067,0.147259858442872,0.145041276422463,0.14705609929297,0.159285677631241,0.172498537156232,0.145461179439622,0.155593998953306,0.146389051861757,0.176860184226593,0.165551216581556,0.144496812864619,0.112182097218742,0.0785392938343537,0.0797254083449821,0.068680868191169,0.104257873181754,0.0899066275596696,0.0723809984169376,0.0736414273040362,0.0694969131748325,0.0604191605498678,0.0588275531842123,0.0580838111238747,0.0581058049645217,0.0545365642119423,0.0548055046775797,0.0541250122273305,0.0624832427198928,0.0554183867581242,0.0502641990387935,0.0439444682311126,0.0410054365333056,0.035523398057458,0.0402770775856936,0.0405614173609585,...,...,...,...,...,...,...,...,...,...,...,...,...,...
Türkiye,...,...,...,...,...,...,...,...,...,...,...,0.0353157121879589,0.0376454293628809,0.0371108343711083,0.0338733905579399,0.0342246520874751,0.0355441860465116,0.0314398111723053,0.0325957446808511,0.0327555555555556,0.0307933789954338,0.0325648854961832,0.0349979381443299,0.034455205811138,0.0334945054945055,0.0319302137958854,0.0511945392491468,0.0494302721088435,0.0471362302376219,0.0418730640369176,0.0335725855800727,0.0390031329667967,0.0382453186997909,0.0429815131212685,0.0393760520546007,0.0359709381495019,0.0353104315878258,0.0363799248252089,0.0332858525048377,0.0293220863643399,0.0314872652091673,0.0352770569378721,0.0375436424807973,0.0387056650021036,0.039214172544983,0.0405135933699201,0.0390164973474904,0.0413969694261893,0.0410367223056831,0.0318220800142332,0.0388141296380978,0.0364342934046749,0.0357667970794229,0.0376709151041563,0.0326703119500148,0.0267100029372768,0.0238609105306995,0.0234016133817719,0.0219980660446648,0.0218178699504167,0.0247155127527395,0.0227171515093383,0.020275060358965,0.0200944811786941,0.0192395966496054,0.0187196639443904,0.0181284855723729,0.0205032437865497,0.0205006599219326,0.0252209022414858,0.0268985897943633,0.0219555218691023,0.0185888321091456,0.0165879843534611,0.0171991880187465,0.0192255231276371
United Arab Emirates,...,...,...,...,...,...,...,...,...,...,...,...,...,...,...,...,...,...,...,...,...,...,...,...,...,...,...,...,...,...,...,...,...,...,...,...,...,...,...,...,...,...,...,...,...,...,...,...,0.0675906148063517,0.0862972120984848,0.076695379976034,0.083237222448449,0.0561210552340521,0.0487553180534483,0.0469230626722928,0.046114776396626,0.0365647067832081,0.0322597447304637,0.0328052136989454,0.036680226492701,0.0545710777311036,0.0603859220826788,0.0546631452753061,0.0507555649376756,0.0603468625064444,0.0564365135247024,...,...,...,...,...,...,...,...,...,...
"Yemen, North",...,...,...,...,...,...,...,...,...,...,...,...,...,...,...,...,...,...,...,...,...,...,...,...,...,...,...,...,...,...,...,...,...,...,...,...,...,...,...,...,...,xxx,xxx,xxx,xxx,xxx,xxx,xxx,xxx,xxx,xxx,xxx,xxx,xxx,xxx,xxx,xxx,xxx,xxx,xxx,xxx,xxx,xxx,xxx,xxx,xxx,xxx,xxx,xxx,xxx,xxx,xxx,xxx,xxx,xxx,xxx
Yemen,...,...,...,...,...,...,...,...,...,...,...,...,...,...,...,...,...,...,...,...,...,...,...,...,...,...,...,...,...,...,...,...,...,...,...,...,...,...,...,...,...,0.0655118344395031,0.0701121885858333,0.0727704319121711,0.0706392041645758,0.083987590412286,0.0635057848305458,0.0528134594096812,0.0580575259672107,0.0608156870413826,0.0517272243639362,0.0491539236509943,0.054810146916463,0.068956079503431,0.0685455205201499,0.05301366496456,0.048683170115889,0.0430846709527936,0.0485072305945547,0.0444582924481359,0.0565364869262807,0.0468555712379286,0.0492646180284206,0.0457388404478979,0.0407952717554633,0.0396689083277903,...,...,...,...,...,...,...,...,...,...
