Country,Year,Share of GDP
Algeria,1949,...
Libya,1949,...
Morocco,1949,...
Tunisia,1949,...
Angola,1949,...
Benin,1949,...
Botswana,1949,...
Burkina Faso,1949,...
Burundi,1949,...
Cameroon,1949,...
Cape Verde,1949,...
Central African Republic,1949,...
Chad,1949,...
"Congo, DR",1949,...
"Congo, Republic",1949,...
Cote d'Ivoire,1949,...
Djibouti,1949,...
Equatorial Guinea,1949,...
Eritrea,1949,...
Ethiopia,1949,...
Gabon,1949,...
"Gambia, The",1949,...
Ghana,1949,...
Guinea,1949,...
Guinea-Bissau,1949,...
Kenya,1949,...
Lesotho,1949,...
Liberia,1949,...
Madagascar,1949,...
Malawi,1949,...
Mali,1949,...
Mauritania,1949,...
Mauritius,1949,...
Mozambique,1949,...
Namibia,1949,...
Niger,1949,...
Nigeria,1949,...
Rwanda,1949,...
Senegal,1949,...
Seychelles,1949,...
Sierra Leone,1949,...
Somalia,1949,...
South Africa,1949,...
South Sudan,1949,...
Sudan,1949,...
Eswatini,1949,...
Tanzania,1949,...
Togo,1949,...
Uganda,1949,...
Zambia,1949,...
Zimbabwe,1949,...
Belize,1949,...
Costa Rica,1949,...
Cuba,1949,...
Dominican Republic,1949,...
El Salvador,1949,...
Guatemala,1949,...
Haiti,1949,...
Honduras,1949,...
Jamaica,1949,...
Mexico,1949,0.00877551020408163
Nicaragua,1949,...
Panama,1949,...
Trinidad and Tobago,1949,...
Canada,1949,...
United States of America,1949,0.0527202005452264
Argentina,1949,...
Bolivia,1949,...
Brazil,1949,...
Chile,1949,...
Colombia,1949,...
Ecuador,1949,...
Guyana,1949,...
Paraguay,1949,...
Peru,1949,0.0290401968826907
Uruguay,1949,...
Venezuela,1949,...
Australia,1949,...
Fiji,1949,...
New Zealand,1949,...
Papua New Guinea,1949,...
Afghanistan,1949,...
Bangladesh,1949,...
India,1949,...
Nepal,1949,...
Pakistan,1949,...
Sri Lanka,1949,...
China,1949,...
Japan,1949,...
"Korea, North",1949,...
"Korea, South",1949,...
Mongolia,1949,...
Taiwan,1949,...
Brunei,1949,...
Cambodia,1949,...
Indonesia,1949,...
Laos,1949,...
Malaysia,1949,...
Myanmar,1949,...
Philippines,1949,...
Singapore,1949,...
Thailand,1949,...
Timor Leste,1949,...
Viet Nam,1949,...
Kazakhstan,1949,...
Kyrgyz Republic,1949,...
Tajikistan,1949,...
Turkmenistan,1949,...
Uzbekistan,1949,...
Albania,1949,...
Bosnia and Herzegovina,1949,...
Bulgaria,1949,...
Croatia,1949,...
Czechia,1949,...
Czechoslovakia,1949,...
Estonia,1949,...
German Democratic Republic,1949,...
Hungary,1949,...
Kosovo,1949,...
Latvia,1949,...
Lithuania,1949,...
North Macedonia,1949,...
Montenegro,1949,...
Poland,1949,...
Romania,1949,...
Serbia,1949,...
Slovakia,1949,...
Slovenia,1949,...
Yugoslavia,1949,...
Armenia,1949,...
Azerbaijan,1949,...
Belarus,1949,...
Georgia,1949,...
Moldova,1949,...
Russia,1949,...
Ukraine,1949,...
USSR,1949,...
Austria,1949,...
Belgium,1949,...
Cyprus,1949,...
Denmark,1949,...
Finland,1949,...
France,1949,...
Germany,1949,...
Greece,1949,0.0590633325843418
Iceland,1949,...
Ireland,1949,...
Italy,1949,...
Luxembourg,1949,...
Malta,1949,...
Netherlands,1949,...
Norway,1949,0.0270923336018159
Portugal,1949,...
Spain,1949,...
Sweden,1949,...
Switzerland,1949,...
United Kingdom,1949,...
European Union,1949,xxx
Bahrain,1949,...
Egypt,1949,...
Iran,1949,...
Iraq,1949,...
Israel,1949,...
Jordan,1949,...
Kuwait,1949,...
Lebanon,1949,...
Oman,1949,...
Qatar,1949,...
Saudi Arabia,1949,...
Syria,1949,...
Türkiye,1949,...
United Arab Emirates,1949,...
"Yemen, North",1949,...
Yemen,1949,...
Algeria,1950,...
Libya,1950,...
Morocco,1950,...
Tunisia,1950,...
Angola,1950,...
Benin,1950,...
Botswana,1950,...
Burkina Faso,1950,...
Burundi,1950,...
Cameroon,1950,...
Cape Verde,1950,...
Central African Republic,1950,...
Chad,1950,...
"Congo, DR",1950,...
"Congo, Republic",1950,...
Cote d'Ivoire,1950,...
Djibouti,1950,...
Equatorial Guinea,1950,...
Eritrea,1950,...
Ethiopia,1950,...
Gabon,1950,...
"Gambia, The",1950,...
Ghana,1950,...
Guinea,1950,...
Guinea-Bissau,1950,...
Kenya,1950,...
Lesotho,1950,...
Liberia,1950,...
Madagascar,1950,...
Malawi,1950,...
Mali,1950,...
Mauritania,1950,...
Mauritius,1950,...
Mozambique,1950,...
Namibia,1950,...
Niger,1950,...
Nigeria,1950,...
Rwanda,1950,...
Senegal,1950,...
Seychelles,1950,...
Sierra Leone,1950,...
Somalia,1950,...
South Africa,1950,...
South Sudan,1950,...
Sudan,1950,...
Eswatini,1950,...
Tanzania,1950,...
Togo,1950,...
Uganda,1950,...
Zambia,1950,...
Zimbabwe,1950,...
Belize,1950,...
Costa Rica,1950,...
Cuba,1950,...
Dominican Republic,1950,...
El Salvador,1950,...
Guatemala,1950,...
Haiti,1950,...
Honduras,1950,...
Jamaica,1950,...
Mexico,1950,0.0086374695863747
Nicaragua,1950,...
Panama,1950,...
Trinidad and Tobago,1950,...
Canada,1950,0.0242745098039216
United States of America,1950,0.0508196344009797
Argentina,1950,0.0291428571428571
Bolivia,1950,...
Brazil,1950,...
Chile,1950,0.0263969982841951
Colombia,1950,...
Ecuador,1950,...
Guyana,1950,...
Paraguay,1950,...
Peru,1950,0.0283205703723264
Uruguay,1950,...
Venezuela,1950,...
Australia,1950,0.0287790149084733
Fiji,1950,...
New Zealand,1950,...
Papua New Guinea,1950,...
Afghanistan,1950,...
Bangladesh,1950,...
India,1950,...
Nepal,1950,...
Pakistan,1950,...
Sri Lanka,1950,...
China,1950,...
Japan,1950,...
"Korea, North",1950,...
"Korea, South",1950,...
Mongolia,1950,...
Taiwan,1950,...
Brunei,1950,...
Cambodia,1950,...
Indonesia,1950,...
Laos,1950,...
Malaysia,1950,...
Myanmar,1950,...
Philippines,1950,...
Singapore,1950,...
Thailand,1950,...
Timor Leste,1950,...
Viet Nam,1950,...
Kazakhstan,1950,...
Kyrgyz Republic,1950,...
Tajikistan,1950,...
Turkmenistan,1950,...
Uzbekistan,1950,...
Albania,1950,...
Bosnia and Herzegovina,1950,...
Bulgaria,1950,...
Croatia,1950,...
Czechia,1950,...
Czechoslovakia,1950,...
Estonia,1950,...
German Democratic Republic,1950,...
Hungary,1950,...
Kosovo,1950,...
Latvia,1950,...
Lithuania,1950,...
North Macedonia,1950,...
Montenegro,1950,...
Poland,1950,...
Romania,1950,...
Serbia,1950,...
Slovakia,1950,...
Slovenia,1950,...
Yugoslavia,1950,...
Armenia,1950,...
Azerbaijan,1950,...
Belarus,1950,...
Georgia,1950,...
Moldova,1950,...
Russia,1950,...
Ukraine,1950,...
USSR,1950,...
Austria,1950,...
Belgium,1950,...
Cyprus,1950,...
Denmark,1950,0.0166450296735905
Finland,1950,...
France,1950,0.0465418114891636
Germany,1950,...
Greece,1950,0.0600883248509479
Iceland,1950,...
Ireland,1950,...
Italy,1950,...
Luxembourg,1950,0.012083338478649
Malta,1950,...
Netherlands,1950,...
Norway,1950,0.0236847342931069
Portugal,1950,0.0234260919060548
Spain,1950,...
Sweden,1950,...
Switzerland,1950,...
United Kingdom,1950,0.0720843263339843
European Union,1950,xxx
Bahrain,1950,...
Egypt,1950,...
Iran,1950,...
Iraq,1950,...
Israel,1950,...
Jordan,1950,...
Kuwait,1950,...
Lebanon,1950,...
Oman,1950,...
Qatar,1950,...
Saudi Arabia,1950,...
Syria,1950,...
Türkiye,1950,...
United Arab Emirates,1950,...
"Yemen, North",1950,...
Yemen,1950,...
Algeria,1951,...
Libya,1951,...
Morocco,1951,...
Tunisia,1951,...
Angola,1951,...
Benin,1951,...
Botswana,1951,...
Burkina Faso,1951,...
Burundi,1951,...
Cameroon,1951,...
Cape Verde,1951,...
Central African Republic,1951,...
Chad,1951,...
"Congo, DR",1951,...
"Congo, Republic",1951,...
Cote d'Ivoire,1951,...
Djibouti,1951,...
Equatorial Guinea,1951,...
Eritrea,1951,...
Ethiopia,1951,...
Gabon,1951,...
"Gambia, The",1951,...
Ghana,1951,...
Guinea,1951,...
Guinea-Bissau,1951,...
Kenya,1951,...
Lesotho,1951,...
Liberia,1951,...
Madagascar,1951,...
Malawi,1951,...
Mali,1951,...
Mauritania,1951,...
Mauritius,1951,...
Mozambique,1951,...
Namibia,1951,...
Niger,1951,...
Nigeria,1951,...
Rwanda,1951,...
Senegal,1951,...
Seychelles,1951,...
Sierra Leone,1951,...
Somalia,1951,...
South Africa,1951,0.016205382639743
South Sudan,1951,...
Sudan,1951,...
Eswatini,1951,...
Tanzania,1951,...
Togo,1951,...
Uganda,1951,...
Zambia,1951,...
Zimbabwe,1951,...
Belize,1951,...
Costa Rica,1951,...
Cuba,1951,...
Dominican Republic,1951,...
El Salvador,1951,...
Guatemala,1951,...
Haiti,1951,...
Honduras,1951,0.009609375
Jamaica,1951,...
Mexico,1951,0.00764150943396226
Nicaragua,1951,...
Panama,1951,...
Trinidad and Tobago,1951,...
Canada,1951,0.0466225314183124
United States of America,1951,0.101670211701178
Argentina,1951,...
Bolivia,1951,...
Brazil,1951,...
Chile,1951,0.0306955614218184
Colombia,1951,...
Ecuador,1951,...
Guyana,1951,...
Paraguay,1951,...
Peru,1951,0.029186935371786
Uruguay,1951,...
Venezuela,1951,...
Australia,1951,0.0373505976095618
Fiji,1951,...
New Zealand,1951,...
Papua New Guinea,1951,...
Afghanistan,1951,...
Bangladesh,1951,...
India,1951,...
Nepal,1951,...
Pakistan,1951,...
Sri Lanka,1951,0.00245484741540378
China,1951,...
Japan,1951,...
"Korea, North",1951,...
"Korea, South",1951,...
Mongolia,1951,...
Taiwan,1951,...
Brunei,1951,...
Cambodia,1951,...
Indonesia,1951,...
Laos,1951,...
Malaysia,1951,...
Myanmar,1951,...
Philippines,1951,...
Singapore,1951,...
Thailand,1951,...
Timor Leste,1951,...
Viet Nam,1951,...
Kazakhstan,1951,...
Kyrgyz Republic,1951,...
Tajikistan,1951,...
Turkmenistan,1951,...
Uzbekistan,1951,...
Albania,1951,...
Bosnia and Herzegovina,1951,...
Bulgaria,1951,...
Croatia,1951,...
Czechia,1951,...
Czechoslovakia,1951,...
Estonia,1951,...
German Democratic Republic,1951,...
Hungary,1951,...
Kosovo,1951,...
Latvia,1951,...
Lithuania,1951,...
North Macedonia,1951,...
Montenegro,1951,...
Poland,1951,...
Romania,1951,...
Serbia,1951,...
Slovakia,1951,...
Slovenia,1951,...
Yugoslavia,1951,...
Armenia,1951,...
Azerbaijan,1951,...
Belarus,1951,...
Georgia,1951,...
Moldova,1951,...
Russia,1951,...
Ukraine,1951,...
USSR,1951,...
Austria,1951,...
Belgium,1951,...
Cyprus,1951,...
Denmark,1951,0.0205298871936725
Finland,1951,...
France,1951,0.0598686277465438
Germany,1951,...
Greece,1951,0.0663685817326403
Iceland,1951,...
Ireland,1951,...
Italy,1951,0.0377708989611411
Luxembourg,1951,0.014078873873712
Malta,1951,...
Netherlands,1951,...
Norway,1951,0.0304822808419931
Portugal,1951,...
Spain,1951,...
Sweden,1951,...
Switzerland,1951,...
United Kingdom,1951,0.0829519634494239
European Union,1951,xxx
Bahrain,1951,...
Egypt,1951,...
Iran,1951,...
Iraq,1951,...
Israel,1951,...
Jordan,1951,...
Kuwait,1951,...
Lebanon,1951,...
Oman,1951,...
Qatar,1951,...
Saudi Arabia,1951,...
Syria,1951,...
Türkiye,1951,...
United Arab Emirates,1951,...
"Yemen, North",1951,...
Yemen,1951,...
Algeria,1952,...
Libya,1952,...
Morocco,1952,...
Tunisia,1952,...
Angola,1952,...
Benin,1952,...
Botswana,1952,...
Burkina Faso,1952,...
Burundi,1952,...
Cameroon,1952,...
Cape Verde,1952,...
Central African Republic,1952,...
Chad,1952,...
"Congo, DR",1952,...
"Congo, Republic",1952,...
Cote d'Ivoire,1952,...
Djibouti,1952,...
Equatorial Guinea,1952,...
Eritrea,1952,...
Ethiopia,1952,...
Gabon,1952,...
"Gambia, The",1952,...
Ghana,1952,...
Guinea,1952,...
Guinea-Bissau,1952,...
Kenya,1952,...
Lesotho,1952,...
Liberia,1952,...
Madagascar,1952,...
Malawi,1952,...
Mali,1952,...
Mauritania,1952,...
Mauritius,1952,...
Mozambique,1952,...
Namibia,1952,...
Niger,1952,...
Nigeria,1952,...
Rwanda,1952,...
Senegal,1952,...
Seychelles,1952,...
Sierra Leone,1952,...
Somalia,1952,...
South Africa,1952,0.0173954232886334
South Sudan,1952,...
Sudan,1952,...
Eswatini,1952,...
Tanzania,1952,...
Togo,1952,...
Uganda,1952,...
Zambia,1952,...
Zimbabwe,1952,...
Belize,1952,...
Costa Rica,1952,...
Cuba,1952,...
Dominican Republic,1952,...
El Salvador,1952,...
Guatemala,1952,...
Haiti,1952,...
Honduras,1952,0.00914328657314629
Jamaica,1952,...
Mexico,1952,0.00721753794266442
Nicaragua,1952,...
Panama,1952,...
Trinidad and Tobago,1952,...
Canada,1952,0.0679876837504966
United States of America,1952,0.138600809955537
Argentina,1952,...
Bolivia,1952,...
Brazil,1952,...
Chile,1952,0.0257307728691704
Colombia,1952,...
Ecuador,1952,...
Guyana,1952,...
Paraguay,1952,...
Peru,1952,0.0265693569929403
Uruguay,1952,...
Venezuela,1952,...
Australia,1952,0.0518059583443185
Fiji,1952,...
New Zealand,1952,...
Papua New Guinea,1952,...
Afghanistan,1952,...
Bangladesh,1952,...
India,1952,...
Nepal,1952,...
Pakistan,1952,...
Sri Lanka,1952,0.00337703834288233
China,1952,...
Japan,1952,0.0207093453434132
"Korea, North",1952,...
"Korea, South",1952,...
Mongolia,1952,...
Taiwan,1952,...
Brunei,1952,...
Cambodia,1952,...
Indonesia,1952,...
Laos,1952,...
Malaysia,1952,...
Myanmar,1952,...
Philippines,1952,...
Singapore,1952,...
Thailand,1952,...
Timor Leste,1952,...
Viet Nam,1952,...
Kazakhstan,1952,...
Kyrgyz Republic,1952,...
Tajikistan,1952,...
Turkmenistan,1952,...
Uzbekistan,1952,...
Albania,1952,...
Bosnia and Herzegovina,1952,...
Bulgaria,1952,...
Croatia,1952,...
Czechia,1952,...
Czechoslovakia,1952,...
Estonia,1952,...
German Democratic Republic,1952,...
Hungary,1952,...
Kosovo,1952,...
Latvia,1952,...
Lithuania,1952,...
North Macedonia,1952,...
Montenegro,1952,...
Poland,1952,...
Romania,1952,...
Serbia,1952,...
Slovakia,1952,...
Slovenia,1952,...
Yugoslavia,1952,...
Armenia,1952,...
Azerbaijan,1952,...
Belarus,1952,...
Georgia,1952,...
Moldova,1952,...
Russia,1952,...
Ukraine,1952,...
USSR,1952,...
Austria,1952,...
Belgium,1952,...
Cyprus,1952,...
Denmark,1952,0.0273950397147025
Finland,1952,...
France,1952,0.0722791998577345
Germany,1952,...
Greece,1952,0.0642888377350396
Iceland,1952,...
Ireland,1952,...
Italy,1952,0.0399412073815855
Luxembourg,1952,0.0214308071793047
Malta,1952,...
Netherlands,1952,...
Norway,1952,0.0400829635346325
Portugal,1952,...
Spain,1952,...
Sweden,1952,...
Switzerland,1952,...
United Kingdom,1952,0.103739488369233
European Union,1952,xxx
Bahrain,1952,...
Egypt,1952,...
Iran,1952,...
Iraq,1952,...
Israel,1952,...
Jordan,1952,...
Kuwait,1952,...
Lebanon,1952,...
Oman,1952,...
Qatar,1952,...
Saudi Arabia,1952,...
Syria,1952,...
Türkiye,1952,...
United Arab Emirates,1952,...
"Yemen, North",1952,...
Yemen,1952,...
Algeria,1953,...
Libya,1953,...
Morocco,1953,...
Tunisia,1953,...
Angola,1953,...
Benin,1953,...
Botswana,1953,...
Burkina Faso,1953,...
Burundi,1953,...
Cameroon,1953,...
Cape Verde,1953,...
Central African Republic,1953,...
Chad,1953,...
"Congo, DR",1953,...
"Congo, Republic",1953,...
Cote d'Ivoire,1953,...
Djibouti,1953,...
Equatorial Guinea,1953,...
Eritrea,1953,...
Ethiopia,1953,...
Gabon,1953,...
"Gambia, The",1953,...
Ghana,1953,...
Guinea,1953,...
Guinea-Bissau,1953,...
Kenya,1953,...
Lesotho,1953,...
Liberia,1953,...
Madagascar,1953,...
Malawi,1953,...
Mali,1953,...
Mauritania,1953,...
Mauritius,1953,...
Mozambique,1953,...
Namibia,1953,...
Niger,1953,...
Nigeria,1953,...
Rwanda,1953,...
Senegal,1953,...
Seychelles,1953,...
Sierra Leone,1953,...
Somalia,1953,...
South Africa,1953,0.0135177110776204
South Sudan,1953,...
Sudan,1953,...
Eswatini,1953,...
Tanzania,1953,...
Togo,1953,...
Uganda,1953,...
Zambia,1953,...
Zimbabwe,1953,...
Belize,1953,...
Costa Rica,1953,...
Cuba,1953,...
Dominican Republic,1953,...
El Salvador,1953,...
Guatemala,1953,...
Haiti,1953,...
Honduras,1953,0.00962569316081331
Jamaica,1953,...
Mexico,1953,0.00811544991511036
Nicaragua,1953,...
Panama,1953,...
Trinidad and Tobago,1953,...
Canada,1953,0.0737355559765107
United States of America,1953,0.135802724604204
Argentina,1953,...
Bolivia,1953,0.00527547297449525
Brazil,1953,0.0359550561797753
Chile,1953,0.0278000687836753
Colombia,1953,...
Ecuador,1953,0.019415917843389
Guyana,1953,...
Paraguay,1953,...
Peru,1953,0.0277753245606288
Uruguay,1953,...
Venezuela,1953,...
Australia,1953,0.0479986036769839
Fiji,1953,...
New Zealand,1953,...
Papua New Guinea,1953,...
Afghanistan,1953,...
Bangladesh,1953,...
India,1953,...
Nepal,1953,...
Pakistan,1953,0.063167699501958
Sri Lanka,1953,0.00448908204367182
China,1953,...
Japan,1953,0.0203107183580388
"Korea, North",1953,...
"Korea, South",1953,0.0236286919831224
Mongolia,1953,...
Taiwan,1953,...
Brunei,1953,...
Cambodia,1953,...
Indonesia,1953,...
Laos,1953,...
Malaysia,1953,...
Myanmar,1953,...
Philippines,1953,...
Singapore,1953,...
Thailand,1953,...
Timor Leste,1953,...
Viet Nam,1953,...
Kazakhstan,1953,...
Kyrgyz Republic,1953,...
Tajikistan,1953,...
Turkmenistan,1953,...
Uzbekistan,1953,...
Albania,1953,...
Bosnia and Herzegovina,1953,...
Bulgaria,1953,...
Croatia,1953,...
Czechia,1953,...
Czechoslovakia,1953,...
Estonia,1953,...
German Democratic Republic,1953,...
Hungary,1953,...
Kosovo,1953,...
Latvia,1953,...
Lithuania,1953,...
North Macedonia,1953,...
Montenegro,1953,...
Poland,1953,...
Romania,1953,...
Serbia,1953,...
Slovakia,1953,...
Slovenia,1953,...
Yugoslavia,1953,...
Armenia,1953,...
Azerbaijan,1953,...
Belarus,1953,...
Georgia,1953,...
Moldova,1953,...
Russia,1953,...
Ukraine,1953,...
USSR,1953,...
Austria,1953,...
Belgium,1953,0.0486255778730313
Cyprus,1953,...
Denmark,1953,0.0336334745762712
Finland,1953,...
France,1953,0.0757152904896221
Germany,1953,0.0394796297885113
Greece,1953,0.051146019008988
Iceland,1953,...
Ireland,1953,...
Italy,1953,0.0332755706280351
Luxembourg,1953,0.026071885306335
Malta,1953,...
Netherlands,1953,...
Norway,1953,0.0507780897539618
Portugal,1953,0.0248726900919835
Spain,1953,...
Sweden,1953,...
Switzerland,1953,...
United Kingdom,1953,0.10960455111675
European Union,1953,xxx
Bahrain,1953,...
Egypt,1953,...
Iran,1953,...
Iraq,1953,...
Israel,1953,...
Jordan,1953,...
Kuwait,1953,...
Lebanon,1953,...
Oman,1953,...
Qatar,1953,...
Saudi Arabia,1953,...
Syria,1953,...
Türkiye,1953,...
United Arab Emirates,1953,...
"Yemen, North",1953,...
Yemen,1953,...
Algeria,1954,...
Libya,1954,...
Morocco,1954,...
Tunisia,1954,...
Angola,1954,...
Benin,1954,...
Botswana,1954,...
Burkina Faso,1954,...
Burundi,1954,...
Cameroon,1954,...
Cape Verde,1954,...
Central African Republic,1954,...
Chad,1954,...
"Congo, DR",1954,...
"Congo, Republic",1954,...
Cote d'Ivoire,1954,...
Djibouti,1954,...
Equatorial Guinea,1954,...
Eritrea,1954,...
Ethiopia,1954,...
Gabon,1954,...
"Gambia, The",1954,...
Ghana,1954,...
Guinea,1954,...
Guinea-Bissau,1954,...
Kenya,1954,...
Lesotho,1954,...
Liberia,1954,...
Madagascar,1954,...
Malawi,1954,...
Mali,1954,...
Mauritania,1954,...
Mauritius,1954,...
Mozambique,1954,...
Namibia,1954,...
Niger,1954,...
Nigeria,1954,...
Rwanda,1954,...
Senegal,1954,...
Seychelles,1954,...
Sierra Leone,1954,...
Somalia,1954,...
South Africa,1954,0.0120228915855789
South Sudan,1954,...
Sudan,1954,...
Eswatini,1954,...
Tanzania,1954,...
Togo,1954,...
Uganda,1954,...
Zambia,1954,...
Zimbabwe,1954,...
Belize,1954,...
Costa Rica,1954,...
Cuba,1954,...
Dominican Republic,1954,...
El Salvador,1954,...
Guatemala,1954,...
Haiti,1954,...
Honduras,1954,0.0099560546875
Jamaica,1954,...
Mexico,1954,0.00875346260387812
Nicaragua,1954,...
Panama,1954,...
Trinidad and Tobago,1954,...
Canada,1954,0.0686272662168784
United States of America,1954,0.117365955271285
Argentina,1954,...
Bolivia,1954,...
Brazil,1954,...
Chile,1954,0.0169096681927342
Colombia,1954,...
Ecuador,1954,...
Guyana,1954,...
Paraguay,1954,...
Peru,1954,0.026911729527151
Uruguay,1954,...
Venezuela,1954,...
Australia,1954,0.0396825396825397
Fiji,1954,...
New Zealand,1954,...
Papua New Guinea,1954,...
Afghanistan,1954,...
Bangladesh,1954,...
India,1954,...
Nepal,1954,...
Pakistan,1954,0.0535367493277562
Sri Lanka,1954,0.00671402841705023
China,1954,...
Japan,1954,0.0219315121200462
"Korea, North",1954,...
"Korea, South",1954,0.0585365853658537
Mongolia,1954,...
Taiwan,1954,...
Brunei,1954,...
Cambodia,1954,...
Indonesia,1954,...
Laos,1954,...
Malaysia,1954,...
Myanmar,1954,...
Philippines,1954,...
Singapore,1954,...
Thailand,1954,...
Timor Leste,1954,...
Viet Nam,1954,...
Kazakhstan,1954,...
Kyrgyz Republic,1954,...
Tajikistan,1954,...
Turkmenistan,1954,...
Uzbekistan,1954,...
Albania,1954,...
Bosnia and Herzegovina,1954,...
Bulgaria,1954,...
Croatia,1954,...
Czechia,1954,...
Czechoslovakia,1954,...
Estonia,1954,...
German Democratic Republic,1954,...
Hungary,1954,...
Kosovo,1954,...
Latvia,1954,...
Lithuania,1954,...
North Macedonia,1954,...
Montenegro,1954,...
Poland,1954,...
Romania,1954,...
Serbia,1954,...
Slovakia,1954,...
Slovenia,1954,...
Yugoslavia,1954,...
Armenia,1954,...
Azerbaijan,1954,...
Belarus,1954,...
Georgia,1954,...
Moldova,1954,...
Russia,1954,...
Ukraine,1954,...
USSR,1954,...
Austria,1954,...
Belgium,1954,0.0488025403827687
Cyprus,1954,...
Denmark,1954,0.0319436924742826
Finland,1954,...
France,1954,0.0612078564708724
Germany,1954,0.0372290168467875
Greece,1954,0.0549351535836177
Iceland,1954,...
Ireland,1954,...
Italy,1954,0.0353219330897254
Luxembourg,1954,0.0294376962639257
Malta,1954,...
Netherlands,1954,...
Norway,1954,0.0500460546515198
Portugal,1954,0.0257550766036576
Spain,1954,0.0229086773580445
Sweden,1954,...
Switzerland,1954,...
United Kingdom,1954,0.100568215252605
European Union,1954,xxx
Bahrain,1954,...
Egypt,1954,...
Iran,1954,...
Iraq,1954,...
Israel,1954,...
Jordan,1954,...
Kuwait,1954,...
Lebanon,1954,...
Oman,1954,...
Qatar,1954,...
Saudi Arabia,1954,...
Syria,1954,...
Türkiye,1954,...
United Arab Emirates,1954,...
"Yemen, North",1954,...
Yemen,1954,...
Algeria,1955,...
Libya,1955,...
Morocco,1955,...
Tunisia,1955,...
Angola,1955,...
Benin,1955,...
Botswana,1955,...
Burkina Faso,1955,...
Burundi,1955,...
Cameroon,1955,...
Cape Verde,1955,...
Central African Republic,1955,...
Chad,1955,...
"Congo, DR",1955,...
"Congo, Republic",1955,...
Cote d'Ivoire,1955,...
Djibouti,1955,...
Equatorial Guinea,1955,...
Eritrea,1955,...
Ethiopia,1955,...
Gabon,1955,...
"Gambia, The",1955,...
Ghana,1955,...
Guinea,1955,...
Guinea-Bissau,1955,...
Kenya,1955,...
Lesotho,1955,...
Liberia,1955,...
Madagascar,1955,...
Malawi,1955,...
Mali,1955,...
Mauritania,1955,...
Mauritius,1955,...
Mozambique,1955,...
Namibia,1955,...
Niger,1955,...
Nigeria,1955,...
Rwanda,1955,...
Senegal,1955,...
Seychelles,1955,...
Sierra Leone,1955,...
Somalia,1955,...
South Africa,1955,0.0121605188488042
South Sudan,1955,...
Sudan,1955,...
Eswatini,1955,...
Tanzania,1955,...
Togo,1955,...
Uganda,1955,...
Zambia,1955,...
Zimbabwe,1955,...
Belize,1955,...
Costa Rica,1955,...
Cuba,1955,...
Dominican Republic,1955,...
El Salvador,1955,...
Guatemala,1955,0.0131071190430111
Haiti,1955,...
Honduras,1955,0.0110109289617486
Jamaica,1955,...
Mexico,1955,0.00786848072562358
Nicaragua,1955,...
Panama,1955,...
Trinidad and Tobago,1955,...
Canada,1955,0.0617777777777778
United States of America,1955,0.101562448635985
Argentina,1955,...
Bolivia,1955,0.00316884311841737
Brazil,1955,...
Chile,1955,0.023
Colombia,1955,...
Ecuador,1955,...
Guyana,1955,...
Paraguay,1955,...
Peru,1955,0.0276804484933427
Uruguay,1955,...
Venezuela,1955,0.0257657053431701
Australia,1955,0.0385961403859614
Fiji,1955,...
New Zealand,1955,...
Papua New Guinea,1955,...
Afghanistan,1955,...
Bangladesh,1955,...
India,1955,...
Nepal,1955,...
Pakistan,1955,0.0557374764857521
Sri Lanka,1955,0.00545203281027104
China,1955,...
Japan,1955,0.0210287352888464
"Korea, North",1955,...
"Korea, South",1955,0.0624226348364279
Mongolia,1955,...
Taiwan,1955,...
Brunei,1955,...
Cambodia,1955,...
Indonesia,1955,...
Laos,1955,...
Malaysia,1955,0.0384615384615385
Myanmar,1955,...
Philippines,1955,...
Singapore,1955,...
Thailand,1955,...
Timor Leste,1955,...
Viet Nam,1955,...
Kazakhstan,1955,...
Kyrgyz Republic,1955,...
Tajikistan,1955,...
Turkmenistan,1955,...
Uzbekistan,1955,...
Albania,1955,...
Bosnia and Herzegovina,1955,...
Bulgaria,1955,...
Croatia,1955,...
Czechia,1955,...
Czechoslovakia,1955,...
Estonia,1955,...
German Democratic Republic,1955,...
Hungary,1955,...
Kosovo,1955,...
Latvia,1955,...
Lithuania,1955,...
North Macedonia,1955,...
Montenegro,1955,...
Poland,1955,...
Romania,1955,...
Serbia,1955,...
Slovakia,1955,...
Slovenia,1955,...
Yugoslavia,1955,...
Armenia,1955,...
Azerbaijan,1955,...
Belarus,1955,...
Georgia,1955,...
Moldova,1955,...
Russia,1955,...
Ukraine,1955,...
USSR,1955,...
Austria,1955,...
Belgium,1955,0.0378341158059468
Cyprus,1955,...
Denmark,1955,0.0318118948824343
Finland,1955,...
France,1955,0.0538483480578486
Germany,1955,0.0382613865189935
Greece,1955,0.0511361488147
Iceland,1955,...
Ireland,1955,...
Italy,1955,0.0325167903670824
Luxembourg,1955,0.0291637254467183
Malta,1955,...
Netherlands,1955,...
Norway,1955,0.0392536452755581
Portugal,1955,0.0260313308460125
Spain,1955,0.0231069998619533
Sweden,1955,...
Switzerland,1955,...
United Kingdom,1955,0.0908513237117629
European Union,1955,xxx
Bahrain,1955,...
Egypt,1955,...
Iran,1955,...
Iraq,1955,...
Israel,1955,...
Jordan,1955,...
Kuwait,1955,...
Lebanon,1955,...
Oman,1955,...
Qatar,1955,...
Saudi Arabia,1955,...
Syria,1955,...
Türkiye,1955,...
United Arab Emirates,1955,...
"Yemen, North",1955,...
Yemen,1955,...
Algeria,1956,...
Libya,1956,...
Morocco,1956,0.0118065433854908
Tunisia,1956,...
Angola,1956,...
Benin,1956,...
Botswana,1956,...
Burkina Faso,1956,...
Burundi,1956,...
Cameroon,1956,...
Cape Verde,1956,...
Central African Republic,1956,...
Chad,1956,...
"Congo, DR",1956,...
"Congo, Republic",1956,...
Cote d'Ivoire,1956,...
Djibouti,1956,...
Equatorial Guinea,1956,...
Eritrea,1956,...
Ethiopia,1956,...
Gabon,1956,...
"Gambia, The",1956,...
Ghana,1956,...
Guinea,1956,...
Guinea-Bissau,1956,...
Kenya,1956,...
Lesotho,1956,...
Liberia,1956,...
Madagascar,1956,...
Malawi,1956,...
Mali,1956,...
Mauritania,1956,...
Mauritius,1956,...
Mozambique,1956,...
Namibia,1956,...
Niger,1956,...
Nigeria,1956,...
Rwanda,1956,...
Senegal,1956,...
Seychelles,1956,...
Sierra Leone,1956,...
Somalia,1956,...
South Africa,1956,0.0129294335027481
South Sudan,1956,...
Sudan,1956,0.0112
Eswatini,1956,...
Tanzania,1956,...
Togo,1956,...
Uganda,1956,...
Zambia,1956,...
Zimbabwe,1956,...
Belize,1956,...
Costa Rica,1956,...
Cuba,1956,...
Dominican Republic,1956,...
El Salvador,1956,...
Guatemala,1956,0.012686558198667
Haiti,1956,...
Honduras,1956,0.0112217391304348
Jamaica,1956,...
Mexico,1956,0.00738568588469185
Nicaragua,1956,...
Panama,1956,...
Trinidad and Tobago,1956,...
Canada,1956,0.0568582456993496
United States of America,1956,0.0990101162224892
Argentina,1956,...
Bolivia,1956,0.00355894588458467
Brazil,1956,...
Chile,1956,0.023
Colombia,1956,...
Ecuador,1956,...
Guyana,1956,...
Paraguay,1956,...
Peru,1956,0.0298172389805856
Uruguay,1956,...
Venezuela,1956,0.0275490196078431
Australia,1956,0.0367069904885031
Fiji,1956,...
New Zealand,1956,0.0310875842155919
Papua New Guinea,1956,...
Afghanistan,1956,...
Bangladesh,1956,...
India,1956,0.0202004909983633
Nepal,1956,...
Pakistan,1956,0.0502507866288669
Sri Lanka,1956,0.00677005943536404
China,1956,...
Japan,1956,0.017458767591433
"Korea, North",1956,...
"Korea, South",1956,0.0832778147901399
Mongolia,1956,...
Taiwan,1956,...
Brunei,1956,...
Cambodia,1956,...
Indonesia,1956,...
Laos,1956,...
Malaysia,1956,0.0349802371541502
Myanmar,1956,...
Philippines,1956,...
Singapore,1956,...
Thailand,1956,...
Timor Leste,1956,...
Viet Nam,1956,...
Kazakhstan,1956,...
Kyrgyz Republic,1956,...
Tajikistan,1956,...
Turkmenistan,1956,...
Uzbekistan,1956,...
Albania,1956,...
Bosnia and Herzegovina,1956,...
Bulgaria,1956,...
Croatia,1956,...
Czechia,1956,...
Czechoslovakia,1956,...
Estonia,1956,...
German Democratic Republic,1956,...
Hungary,1956,...
Kosovo,1956,...
Latvia,1956,...
Lithuania,1956,...
North Macedonia,1956,...
Montenegro,1956,...
Poland,1956,...
Romania,1956,...
Serbia,1956,...
Slovakia,1956,...
Slovenia,1956,...
Yugoslavia,1956,...
Armenia,1956,...
Azerbaijan,1956,...
Belarus,1956,...
Georgia,1956,...
Moldova,1956,...
Russia,1956,...
Ukraine,1956,...
USSR,1956,...
Austria,1956,...
Belgium,1956,0.0355816300782236
Cyprus,1956,...
Denmark,1956,0.0302628600989363
Finland,1956,...
France,1956,0.064603929247566
Germany,1956,0.0339517939386522
Greece,1956,0.0594159278971928
Iceland,1956,...
Ireland,1956,...
Italy,1956,0.0316619620959543
Luxembourg,1956,0.0171242750265699
Malta,1956,...
Netherlands,1956,0.057937469871221
Norway,1956,0.035212293350812
Portugal,1956,0.0248016324771203
Spain,1956,0.0226009433457975
Sweden,1956,...
Switzerland,1956,...
United Kingdom,1956,0.0856254786151661
European Union,1956,xxx
Bahrain,1956,...
Egypt,1956,...
Iran,1956,...
Iraq,1956,...
Israel,1956,...
Jordan,1956,...
Kuwait,1956,...
Lebanon,1956,...
Oman,1956,...
Qatar,1956,...
Saudi Arabia,1956,...
Syria,1956,...
Türkiye,1956,...
United Arab Emirates,1956,...
"Yemen, North",1956,...
Yemen,1956,...
Algeria,1957,...
Libya,1957,...
Morocco,1957,0.017590027700831
Tunisia,1957,...
Angola,1957,...
Benin,1957,...
Botswana,1957,...
Burkina Faso,1957,...
Burundi,1957,...
Cameroon,1957,...
Cape Verde,1957,...
Central African Republic,1957,...
Chad,1957,...
"Congo, DR",1957,...
"Congo, Republic",1957,...
Cote d'Ivoire,1957,...
Djibouti,1957,...
Equatorial Guinea,1957,...
Eritrea,1957,...
Ethiopia,1957,...
Gabon,1957,...
"Gambia, The",1957,...
Ghana,1957,...
Guinea,1957,...
Guinea-Bissau,1957,...
Kenya,1957,...
Lesotho,1957,...
Liberia,1957,...
Madagascar,1957,...
Malawi,1957,...
Mali,1957,...
Mauritania,1957,...
Mauritius,1957,...
Mozambique,1957,...
Namibia,1957,...
Niger,1957,...
Nigeria,1957,...
Rwanda,1957,...
Senegal,1957,...
Seychelles,1957,...
Sierra Leone,1957,...
Somalia,1957,...
South Africa,1957,0.0130020225368391
South Sudan,1957,...
Sudan,1957,0.0163666666666667
Eswatini,1957,...
Tanzania,1957,...
Togo,1957,...
Uganda,1957,...
Zambia,1957,...
Zimbabwe,1957,...
Belize,1957,...
Costa Rica,1957,...
Cuba,1957,...
Dominican Republic,1957,...
El Salvador,1957,...
Guatemala,1957,0.0129922484191613
Haiti,1957,...
Honduras,1957,0.0164555369127517
Jamaica,1957,...
Mexico,1957,0.00734199134199134
Nicaragua,1957,...
Panama,1957,...
Trinidad and Tobago,1957,...
Canada,1957,0.0534931963907506
United States of America,1957,0.0999243948515759
Argentina,1957,...
Bolivia,1957,0.00818611072540163
Brazil,1957,0.0440352105543593
Chile,1957,0.0305
Colombia,1957,...
Ecuador,1957,0.0241129435282359
Guyana,1957,...
Paraguay,1957,...
Peru,1957,0.0292189493043814
Uruguay,1957,...
Venezuela,1957,0.0321647236433783
Australia,1957,0.0331721387969797
Fiji,1957,...
New Zealand,1957,0.0285842696629213
Papua New Guinea,1957,...
Afghanistan,1957,...
Bangladesh,1957,...
India,1957,0.02475
Nepal,1957,...
Pakistan,1957,0.0417273792177366
Sri Lanka,1957,0.00911806670233637
China,1957,...
Japan,1957,0.0149655102548281
"Korea, North",1957,...
"Korea, South",1957,0.0679611650485437
Mongolia,1957,...
Taiwan,1957,...
Brunei,1957,...
Cambodia,1957,...
Indonesia,1957,...
Laos,1957,...
Malaysia,1957,0.037456106125634
Myanmar,1957,...
Philippines,1957,...
Singapore,1957,...
Thailand,1957,0.0357598541809068
Timor Leste,1957,...
Viet Nam,1957,...
Kazakhstan,1957,...
Kyrgyz Republic,1957,...
Tajikistan,1957,...
Turkmenistan,1957,...
Uzbekistan,1957,...
Albania,1957,...
Bosnia and Herzegovina,1957,...
Bulgaria,1957,...
Croatia,1957,...
Czechia,1957,...
Czechoslovakia,1957,...
Estonia,1957,...
German Democratic Republic,1957,...
Hungary,1957,...
Kosovo,1957,...
Latvia,1957,...
Lithuania,1957,...
North Macedonia,1957,...
Montenegro,1957,...
Poland,1957,...
Romania,1957,...
Serbia,1957,...
Slovakia,1957,...
Slovenia,1957,...
Yugoslavia,1957,...
Armenia,1957,...
Azerbaijan,1957,...
Belarus,1957,...
Georgia,1957,...
Moldova,1957,...
Russia,1957,...
Ukraine,1957,...
USSR,1957,...
Austria,1957,0.0162684582679672
Belgium,1957,0.0360839948296234
Cyprus,1957,...
Denmark,1957,0.0307879525403103
Finland,1957,...
France,1957,0.0616059643925387
Germany,1957,0.038800597960436
Greece,1957,0.0500274122807018
Iceland,1957,...
Ireland,1957,...
Italy,1957,0.0308587377929069
Luxembourg,1957,0.017591926534444
Malta,1957,...
Netherlands,1957,0.0531683834829991
Norway,1957,0.0358657002188184
Portugal,1957,0.0246588894758697
Spain,1957,0.0223464276480521
Sweden,1957,...
Switzerland,1957,0.0283143178531255
United Kingdom,1957,0.0798662212869687
European Union,1957,xxx
Bahrain,1957,...
Egypt,1957,...
Iran,1957,...
Iraq,1957,0.0654269366197183
Israel,1957,...
Jordan,1957,...
Kuwait,1957,...
Lebanon,1957,...
Oman,1957,...
Qatar,1957,...
Saudi Arabia,1957,...
Syria,1957,...
Türkiye,1957,...
United Arab Emirates,1957,...
"Yemen, North",1957,...
Yemen,1957,...
Algeria,1958,...
Libya,1958,...
Morocco,1958,0.0214198286413709
Tunisia,1958,...
Angola,1958,...
Benin,1958,...
Botswana,1958,...
Burkina Faso,1958,...
Burundi,1958,...
Cameroon,1958,...
Cape Verde,1958,...
Central African Republic,1958,...
Chad,1958,...
"Congo, DR",1958,...
"Congo, Republic",1958,...
Cote d'Ivoire,1958,...
Djibouti,1958,...
Equatorial Guinea,1958,...
Eritrea,1958,...
Ethiopia,1958,...
Gabon,1958,...
"Gambia, The",1958,...
Ghana,1958,0.0100351617440225
Guinea,1958,...
Guinea-Bissau,1958,...
Kenya,1958,...
Lesotho,1958,...
Liberia,1958,...
Madagascar,1958,...
Malawi,1958,...
Mali,1958,...
Mauritania,1958,...
Mauritius,1958,...
Mozambique,1958,...
Namibia,1958,...
Niger,1958,...
Nigeria,1958,...
Rwanda,1958,...
Senegal,1958,...
Seychelles,1958,...
Sierra Leone,1958,...
Somalia,1958,...
South Africa,1958,0.00980939589212683
South Sudan,1958,...
Sudan,1958,0.0151975683890578
Eswatini,1958,...
Tanzania,1958,...
Togo,1958,...
Uganda,1958,...
Zambia,1958,...
Zimbabwe,1958,...
Belize,1958,...
Costa Rica,1958,...
Cuba,1958,...
Dominican Republic,1958,0.0531044656027893
El Salvador,1958,...
Guatemala,1958,0.0123799574153478
Haiti,1958,...
Honduras,1958,0.0171653543307087
Jamaica,1958,...
Mexico,1958,0.00687402799377916
Nicaragua,1958,...
Panama,1958,...
Trinidad and Tobago,1958,...
Canada,1958,0.0493779595953935
United States of America,1958,0.100717639870091
Argentina,1958,...
Bolivia,1958,...
Brazil,1958,0.0406752084604434
Chile,1958,0.027
Colombia,1958,0.0235459072668375
Ecuador,1958,0.0228229292744129
Guyana,1958,...
Paraguay,1958,...
Peru,1958,0.0289690275070392
Uruguay,1958,...
Venezuela,1958,0.0343312723722747
Australia,1958,0.0325456053067993
Fiji,1958,...
New Zealand,1958,0.0282529082292115
Papua New Guinea,1958,...
Afghanistan,1958,...
Bangladesh,1958,...
India,1958,0.0192248972401644
Nepal,1958,...
Pakistan,1958,0.0425303264674754
Sri Lanka,1958,0.0124010109519798
China,1958,...
Japan,1958,0.0143218671728071
"Korea, North",1958,...
"Korea, South",1958,0.0742744712247909
Mongolia,1958,...
Taiwan,1958,...
Brunei,1958,...
Cambodia,1958,...
Indonesia,1958,...
Laos,1958,...
Malaysia,1958,0.0406454248366013
Myanmar,1958,...
Philippines,1958,0.0195874573733677
Singapore,1958,...
Thailand,1958,0.0324862183020948
Timor Leste,1958,...
Viet Nam,1958,...
Kazakhstan,1958,...
Kyrgyz Republic,1958,...
Tajikistan,1958,...
Turkmenistan,1958,...
Uzbekistan,1958,...
Albania,1958,...
Bosnia and Herzegovina,1958,...
Bulgaria,1958,...
Croatia,1958,...
Czechia,1958,...
Czechoslovakia,1958,...
Estonia,1958,...
German Democratic Republic,1958,...
Hungary,1958,...
Kosovo,1958,...
Latvia,1958,...
Lithuania,1958,...
North Macedonia,1958,...
Montenegro,1958,...
Poland,1958,...
Romania,1958,...
Serbia,1958,...
Slovakia,1958,...
Slovenia,1958,...
Yugoslavia,1958,...
Armenia,1958,...
Azerbaijan,1958,...
Belarus,1958,...
Georgia,1958,...
Moldova,1958,...
Russia,1958,...
Ukraine,1958,...
USSR,1958,...
Austria,1958,0.0181238397054329
Belgium,1958,0.0357095657646318
Cyprus,1958,...
Denmark,1958,0.0287711124053582
Finland,1958,0.0170796545502128
France,1958,0.056875297664523
Germany,1958,0.0277726555591033
Greece,1958,0.0476614294796113
Iceland,1958,...
Ireland,1958,0.0144895183240411
Italy,1958,0.0304213353097755
Luxembourg,1958,0.0173960788749165
Malta,1958,...
Netherlands,1958,0.047181953452162
Norway,1958,0.0350600883349882
Portugal,1958,0.0244019601886728
Spain,1958,0.019334354890474
Sweden,1958,...
Switzerland,1958,0.0298843388558925
United Kingdom,1958,0.076245301628956
European Union,1958,xxx
Bahrain,1958,...
Egypt,1958,...
Iran,1958,...
Iraq,1958,0.0607535321821036
Israel,1958,...
Jordan,1958,...
Kuwait,1958,...
Lebanon,1958,...
Oman,1958,...
Qatar,1958,...
Saudi Arabia,1958,...
Syria,1958,...
Türkiye,1958,...
United Arab Emirates,1958,...
"Yemen, North",1958,...
Yemen,1958,...
Algeria,1959,...
Libya,1959,...
Morocco,1959,0.0246973365617433
Tunisia,1959,...
Angola,1959,...
Benin,1959,...
Botswana,1959,...
Burkina Faso,1959,...
Burundi,1959,...
Cameroon,1959,...
Cape Verde,1959,...
Central African Republic,1959,...
Chad,1959,...
"Congo, DR",1959,...
"Congo, Republic",1959,...
Cote d'Ivoire,1959,...
Djibouti,1959,...
Equatorial Guinea,1959,...
Eritrea,1959,...
Ethiopia,1959,...
Gabon,1959,...
"Gambia, The",1959,...
Ghana,1959,0.010308261405672
Guinea,1959,...
Guinea-Bissau,1959,...
Kenya,1959,...
Lesotho,1959,...
Liberia,1959,...
Madagascar,1959,...
Malawi,1959,...
Mali,1959,...
Mauritania,1959,...
Mauritius,1959,...
Mozambique,1959,...
Namibia,1959,...
Niger,1959,...
Nigeria,1959,...
Rwanda,1959,...
Senegal,1959,...
Seychelles,1959,...
Sierra Leone,1959,...
Somalia,1959,...
South Africa,1959,0.00880670653610342
South Sudan,1959,...
Sudan,1959,0.0171005917159763
Eswatini,1959,...
Tanzania,1959,...
Togo,1959,...
Uganda,1959,...
Zambia,1959,...
Zimbabwe,1959,...
Belize,1959,...
Costa Rica,1959,...
Cuba,1959,...
Dominican Republic,1959,...
El Salvador,1959,...
Guatemala,1959,0.0126614248711827
Haiti,1959,...
Honduras,1959,0.0151367781155015
Jamaica,1959,...
Mexico,1959,0.00644880174291939
Nicaragua,1959,...
Panama,1959,...
Trinidad and Tobago,1959,...
Canada,1959,0.0439976766903398
United States of America,1959,0.0943877296397373
Argentina,1959,0.00813
Bolivia,1959,...
Brazil,1959,0.029633633462773
Chile,1959,0.0215
Colombia,1959,0.0183086680761099
Ecuador,1959,0.0190267527675277
Guyana,1959,...
Paraguay,1959,...
Peru,1959,0.0279647359939331
Uruguay,1959,...
Venezuela,1959,0.0295820942244483
Australia,1959,0.031032885595183
Fiji,1959,...
New Zealand,1959,0.0281728444802579
Papua New Guinea,1959,...
Afghanistan,1959,...
Bangladesh,1959,...
India,1959,0.0213607167004733
Nepal,1959,...
Pakistan,1959,0.043356167711218
Sri Lanka,1959,0.0123056795444051
China,1959,...
Japan,1959,0.0126418656133674
"Korea, North",1959,...
"Korea, South",1959,0.0763888888888889
Mongolia,1959,...
Taiwan,1959,...
Brunei,1959,...
Cambodia,1959,...
Indonesia,1959,...
Laos,1959,...
Malaysia,1959,0.0307580966166094
Myanmar,1959,...
Philippines,1959,0.0183913308913309
Singapore,1959,...
Thailand,1959,0.0301476749057394
Timor Leste,1959,...
Viet Nam,1959,...
Kazakhstan,1959,...
Kyrgyz Republic,1959,...
Tajikistan,1959,...
Turkmenistan,1959,...
Uzbekistan,1959,...
Albania,1959,...
Bosnia and Herzegovina,1959,...
Bulgaria,1959,...
Croatia,1959,...
Czechia,1959,...
Czechoslovakia,1959,...
Estonia,1959,...
German Democratic Republic,1959,...
Hungary,1959,...
Kosovo,1959,...
Latvia,1959,...
Lithuania,1959,...
North Macedonia,1959,...
Montenegro,1959,...
Poland,1959,...
Romania,1959,...
Serbia,1959,...
Slovakia,1959,...
Slovenia,1959,...
Yugoslavia,1959,...
Armenia,1959,...
Azerbaijan,1959,...
Belarus,1959,...
Georgia,1959,...
Moldova,1959,...
Russia,1959,...
Ukraine,1959,...
USSR,1959,...
Austria,1959,0.0170211125918332
Belgium,1959,0.0351833566263596
Cyprus,1959,...
Denmark,1959,0.0258901375905892
Finland,1959,0.0187492874003944
France,1959,0.0563524691636675
Germany,1959,0.0414851922040853
Greece,1959,0.0485646585166391
Iceland,1959,...
Ireland,1959,0.0141839194508815
Italy,1959,0.0295389410388531
Luxembourg,1959,0.0158740591358921
Malta,1959,...
Netherlands,1959,0.040238283229433
Norway,1959,0.0357581239098133
Portugal,1959,0.0259708746203047
Spain,1959,0.0190545294031686
Sweden,1959,...
Switzerland,1959,0.0271081677704194
United Kingdom,1959,0.0729060254222139
European Union,1959,xxx
Bahrain,1959,...
Egypt,1959,...
Iran,1959,...
Iraq,1959,0.0671279789829236
Israel,1959,...
Jordan,1959,0.225401069518717
Kuwait,1959,...
Lebanon,1959,...
Oman,1959,...
Qatar,1959,...
Saudi Arabia,1959,...
Syria,1959,...
Türkiye,1959,...
United Arab Emirates,1959,...
"Yemen, North",1959,...
Yemen,1959,...
Algeria,1960,0.0161363636363636
Libya,1960,0.01592
Morocco,1960,0.0231573157315732
Tunisia,1960,0.0200478755236385
Angola,1960,...
Benin,1960,0.00871584699453552
Botswana,1960,...
Burkina Faso,1960,0.00682017543859649
Burundi,1960,...
Cameroon,1960,...
Cape Verde,1960,...
Central African Republic,1960,...
Chad,1960,...
"Congo, DR",1960,...
"Congo, Republic",1960,...
Cote d'Ivoire,1960,...
Djibouti,1960,...
Equatorial Guinea,1960,...
Eritrea,1960,...
Ethiopia,1960,...
Gabon,1960,...
"Gambia, The",1960,...
Ghana,1960,0.0170665901262916
Guinea,1960,...
Guinea-Bissau,1960,...
Kenya,1960,0.00327317763623496
Lesotho,1960,...
Liberia,1960,...
Madagascar,1960,...
Malawi,1960,...
Mali,1960,...
Mauritania,1960,...
Mauritius,1960,...
Mozambique,1960,...
Namibia,1960,...
Niger,1960,...
Nigeria,1960,0.00695833333333333
Rwanda,1960,...
Senegal,1960,...
Seychelles,1960,...
Sierra Leone,1960,0.00751072961373391
Somalia,1960,...
South Africa,1960,0.00950977129000048
South Sudan,1960,...
Sudan,1960,0.0191740412979351
Eswatini,1960,...
Tanzania,1960,...
Togo,1960,...
Uganda,1960,...
Zambia,1960,...
Zimbabwe,1960,...
Belize,1960,...
Costa Rica,1960,...
Cuba,1960,...
Dominican Republic,1960,0.0523152574784865
El Salvador,1960,...
Guatemala,1960,0.0115792223391347
Haiti,1960,...
Honduras,1960,0.0116840536512668
Jamaica,1960,...
Mexico,1960,0.00673508659397049
Nicaragua,1960,...
Panama,1960,...
Trinidad and Tobago,1960,...
Canada,1960,0.0418525654025553
United States of America,1960,0.0899312458715278
Argentina,1960,0.0155
Bolivia,1960,...
Brazil,1960,0.0267913472590723
Chile,1960,0.0311840562719812
Colombia,1960,0.0188432347552997
Ecuador,1960,0.0237623678350892
Guyana,1960,...
Paraguay,1960,0.0252896446576405
Peru,1960,0.0250800127271706
Uruguay,1960,...
Venezuela,1960,0.0305804440981691
Australia,1960,0.023695451396906
Fiji,1960,...
New Zealand,1960,0.0269073315965761
Papua New Guinea,1960,...
Afghanistan,1960,...
Bangladesh,1960,...
India,1960,0.0200401234567901
Nepal,1960,...
Pakistan,1960,0.0431266261925412
Sri Lanka,1960,0.0118305236461286
China,1960,...
Japan,1960,0.0108059488934833
"Korea, North",1960,...
"Korea, South",1960,0.0715754833401892
Mongolia,1960,...
Taiwan,1960,...
Brunei,1960,...
Cambodia,1960,...
Indonesia,1960,...
Laos,1960,...
Malaysia,1960,0.026764405046028
Myanmar,1960,...
Philippines,1960,0.0177845890655072
Singapore,1960,...
Thailand,1960,0.0246526491293072
Timor Leste,1960,...
Viet Nam,1960,...
Kazakhstan,1960,...
Kyrgyz Republic,1960,...
Tajikistan,1960,...
Turkmenistan,1960,...
Uzbekistan,1960,...
Albania,1960,...
Bosnia and Herzegovina,1960,...
Bulgaria,1960,...
Croatia,1960,...
Czechia,1960,...
Czechoslovakia,1960,...
Estonia,1960,...
German Democratic Republic,1960,...
Hungary,1960,...
Kosovo,1960,...
Latvia,1960,...
Lithuania,1960,...
North Macedonia,1960,...
Montenegro,1960,...
Poland,1960,...
Romania,1960,...
Serbia,1960,...
Slovakia,1960,...
Slovenia,1960,...
Yugoslavia,1960,...
Armenia,1960,...
Azerbaijan,1960,...
Belarus,1960,...
Georgia,1960,...
Moldova,1960,...
Russia,1960,...
Ukraine,1960,...
USSR,1960,...
Austria,1960,0.014581856994971
Belgium,1960,0.0339734786713587
Cyprus,1960,...
Denmark,1960,0.0272887755602413
Finland,1960,0.0176904104762464
France,1960,0.0542848588493053
Germany,1960,0.0375239529712865
Greece,1960,0.0485730295953435
Iceland,1960,...
Ireland,1960,0.0133038674274387
Italy,1960,0.0271382598828575
Luxembourg,1960,0.00906952919286089
Malta,1960,...
Netherlands,1960,0.0370390179658833
Norway,1960,0.0320043559803981
Portugal,1960,0.0255567079028491
Spain,1960,0.0225074702204848
Sweden,1960,0.0377697093998143
Switzerland,1960,0.0234145036125234
United Kingdom,1960,0.0709248637082215
European Union,1960,xxx
Bahrain,1960,...
Egypt,1960,...
Iran,1960,0.0229490883301967
Iraq,1960,0.0705063185899568
Israel,1960,0.0746024831191462
Jordan,1960,0.203967446592065
Kuwait,1960,...
Lebanon,1960,...
Oman,1960,...
Qatar,1960,...
Saudi Arabia,1960,...
Syria,1960,0.10517746662325
Türkiye,1960,0.0353157121879589
United Arab Emirates,1960,...
"Yemen, North",1960,...
Yemen,1960,...
Algeria,1961,0.0192372881355932
Libya,1961,0.0185507246376812
Morocco,1961,0.0270243362831858
Tunisia,1961,0.0221590909090909
Angola,1961,...
Benin,1961,0.0139528795811518
Botswana,1961,...
Burkina Faso,1961,0.00834368530020704
Burundi,1961,0.00187192118226601
Cameroon,1961,...
Cape Verde,1961,...
Central African Republic,1961,...
Chad,1961,...
"Congo, DR",1961,...
"Congo, Republic",1961,...
Cote d'Ivoire,1961,...
Djibouti,1961,...
Equatorial Guinea,1961,...
Eritrea,1961,...
Ethiopia,1961,0.0185587761674718
Gabon,1961,...
"Gambia, The",1961,...
Ghana,1961,0.0210300429184549
Guinea,1961,...
Guinea-Bissau,1961,...
Kenya,1961,0.00112994350282486
Lesotho,1961,...
Liberia,1961,...
Madagascar,1961,0.0150215208034433
Malawi,1961,...
Mali,1961,0.0270224719101124
Mauritania,1961,...
Mauritius,1961,...
Mozambique,1961,...
Namibia,1961,...
Niger,1961,...
Nigeria,1961,0.00849453322119428
Rwanda,1961,...
Senegal,1961,...
Seychelles,1961,...
Sierra Leone,1961,0.00726554267650158
Somalia,1961,0.00230825420014609
South Africa,1961,0.0146784913582076
South Sudan,1961,...
Sudan,1961,0.0184496124031008
Eswatini,1961,...
Tanzania,1961,...
Togo,1961,0.00265562913907285
Uganda,1961,0.000221238938053097
Zambia,1961,...
Zimbabwe,1961,...
Belize,1961,...
Costa Rica,1961,...
Cuba,1961,...
Dominican Republic,1961,0.05229793977813
El Salvador,1961,...
Guatemala,1961,0.0112222106548301
Haiti,1961,...
Honduras,1961,0.0107584269662921
Jamaica,1961,...
Mexico,1961,0.00651780325890163
Nicaragua,1961,...
Panama,1961,...
Trinidad and Tobago,1961,...
Canada,1961,0.0412831224346052
United States of America,1961,0.0915603150017123
Argentina,1961,0.0214
Bolivia,1961,0.0120346398630851
Brazil,1961,0.0236406619385343
Chile,1961,0.0352744729701524
Colombia,1961,0.021432563032116
Ecuador,1961,0.0204676698378785
Guyana,1961,...
Paraguay,1961,0.0227914968110271
Peru,1961,0.0264475743348983
Uruguay,1961,...
Venezuela,1961,0.0142222222222222
Australia,1961,0.0241513985411521
Fiji,1961,...
New Zealand,1961,0.0248562702120014
Papua New Guinea,1961,...
Afghanistan,1961,...
Bangladesh,1961,...
India,1961,0.0207435972060536
Nepal,1961,...
Pakistan,1961,0.0409789064099939
Sri Lanka,1961,0.0118327272727273
China,1961,...
Japan,1961,0.00916660202208259
"Korea, North",1961,...
"Korea, South",1961,0.0672614962251201
Mongolia,1961,...
Taiwan,1961,...
Brunei,1961,...
Cambodia,1961,...
Indonesia,1961,...
Laos,1961,...
Malaysia,1961,0.0223290965304019
Myanmar,1961,0.0612346049864824
Philippines,1961,0.0170290804296568
Singapore,1961,...
Thailand,1961,0.0209767678480583
Timor Leste,1961,...
Viet Nam,1961,...
Kazakhstan,1961,...
Kyrgyz Republic,1961,...
Tajikistan,1961,...
Turkmenistan,1961,...
Uzbekistan,1961,...
Albania,1961,...
Bosnia and Herzegovina,1961,...
Bulgaria,1961,...
Croatia,1961,...
Czechia,1961,...
Czechoslovakia,1961,...
Estonia,1961,...
German Democratic Republic,1961,...
Hungary,1961,...
Kosovo,1961,...
Latvia,1961,...
Lithuania,1961,...
North Macedonia,1961,...
Montenegro,1961,...
Poland,1961,...
Romania,1961,...
Serbia,1961,...
Slovakia,1961,...
Slovenia,1961,...
Yugoslavia,1961,...
Armenia,1961,...
Azerbaijan,1961,...
Belarus,1961,...
Georgia,1961,...
Moldova,1961,...
Russia,1961,...
Ukraine,1961,...
USSR,1961,...
Austria,1961,0.0130933752302764
Belgium,1961,0.0325907007379727
Cyprus,1961,...
Denmark,1961,0.0258681164503683
Finland,1961,0.018361815196588
France,1961,0.0529560753876716
Germany,1961,0.0372257751371672
Greece,1961,0.0424357000022985
Iceland,1961,...
Ireland,1961,0.0132014208497048
Italy,1961,0.0257386907530496
Luxembourg,1961,0.0100015206896733
Malta,1961,...
Netherlands,1961,0.0408728387914001
Norway,1961,0.0300420435724296
Portugal,1961,0.0388750179030931
Spain,1961,0.0203124482602107
Sweden,1961,0.0372061333129569
Switzerland,1961,0.0246907706945766
United Kingdom,1961,0.0692138752285922
European Union,1961,xxx
Bahrain,1961,...
Egypt,1961,...
Iran,1961,0.0234664218166081
Iraq,1961,0.0685139886867451
Israel,1961,0.0786501626310083
Jordan,1961,0.165070774354704
Kuwait,1961,...
Lebanon,1961,...
Oman,1961,...
Qatar,1961,...
Saudi Arabia,1961,...
Syria,1961,0.0954491725768321
Türkiye,1961,0.0376454293628809
United Arab Emirates,1961,...
"Yemen, North",1961,...
Yemen,1961,...
Algeria,1962,...
Libya,1962,0.0310416666666667
Morocco,1962,0.0256591337099812
Tunisia,1962,0.0172960507350822
Angola,1962,...
Benin,1962,0.017516339869281
Botswana,1962,...
Burkina Faso,1962,0.02345703125
Burundi,1962,0.0394379391100703
Cameroon,1962,...
Cape Verde,1962,...
Central African Republic,1962,...
Chad,1962,...
"Congo, DR",1962,...
"Congo, Republic",1962,...
Cote d'Ivoire,1962,0.0127553444180523
Djibouti,1962,...
Equatorial Guinea,1962,...
Eritrea,1962,...
Ethiopia,1962,0.019321903294163
Gabon,1962,...
"Gambia, The",1962,...
Ghana,1962,0.0200100300902708
Guinea,1962,...
Guinea-Bissau,1962,...
Kenya,1962,0.00077319587628866
Lesotho,1962,...
Liberia,1962,...
Madagascar,1962,0.0153731343283582
Malawi,1962,...
Mali,1962,0.0289130434782609
Mauritania,1962,...
Mauritius,1962,...
Mozambique,1962,...
Namibia,1962,...
Niger,1962,...
Nigeria,1962,0.0109697933227345
Rwanda,1962,...
Senegal,1962,...
Seychelles,1962,...
Sierra Leone,1962,0.00714213709677419
Somalia,1962,0.00254470426409904
South Africa,1962,0.0225483730416399
South Sudan,1962,...
Sudan,1962,0.0205952380952381
Eswatini,1962,...
Tanzania,1962,...
Togo,1962,0.00546875
Uganda,1962,0.00113289760348584
Zambia,1962,...
Zimbabwe,1962,...
Belize,1962,...
Costa Rica,1962,...
Cuba,1962,...
Dominican Republic,1962,0.0431965442764579
El Salvador,1962,...
Guatemala,1962,0.010453078110693
Haiti,1962,...
Honduras,1962,0.00988387096774193
Jamaica,1962,...
Mexico,1962,0.00689655172413793
Nicaragua,1962,...
Panama,1962,...
Trinidad and Tobago,1962,...
Canada,1962,0.0399921638867122
United States of America,1962,0.0933167294545842
Argentina,1962,0.0266
Bolivia,1962,0.0115869999293218
Brazil,1962,0.0239868330737835
Chile,1962,0.0304370907803929
Colombia,1962,0.0309941520467836
Ecuador,1962,0.0204545378336297
Guyana,1962,...
Paraguay,1962,0.0229739211371685
Peru,1962,0.0242506811989101
Uruguay,1962,...
Venezuela,1962,0.0231290213342364
Australia,1962,0.0236369536996971
Fiji,1962,...
New Zealand,1962,0.0230993664554852
Papua New Guinea,1962,...
Afghanistan,1962,...
Bangladesh,1962,...
India,1962,0.0274540043290043
Nepal,1962,...
Pakistan,1962,0.0365587277256179
Sri Lanka,1962,0.0108285509325681
China,1962,...
Japan,1962,0.00882981583852488
"Korea, North",1962,...
"Korea, South",1962,0.068671963677639
Mongolia,1962,...
Taiwan,1962,...
Brunei,1962,...
Cambodia,1962,...
Indonesia,1962,...
Laos,1962,...
Malaysia,1962,0.0218704096621511
Myanmar,1962,0.0569071146245059
Philippines,1962,0.0180881578177135
Singapore,1962,...
Thailand,1962,0.0262854679416837
Timor Leste,1962,...
Viet Nam,1962,...
Kazakhstan,1962,...
Kyrgyz Republic,1962,...
Tajikistan,1962,...
Turkmenistan,1962,...
Uzbekistan,1962,...
Albania,1962,...
Bosnia and Herzegovina,1962,...
Bulgaria,1962,...
Croatia,1962,...
Czechia,1962,...
Czechoslovakia,1962,...
Estonia,1962,...
German Democratic Republic,1962,...
Hungary,1962,...
Kosovo,1962,...
Latvia,1962,...
Lithuania,1962,...
North Macedonia,1962,...
Montenegro,1962,...
Poland,1962,...
Romania,1962,...
Serbia,1962,...
Slovakia,1962,...
Slovenia,1962,...
Yugoslavia,1962,...
Armenia,1962,...
Azerbaijan,1962,...
Belarus,1962,...
Georgia,1962,...
Moldova,1962,...
Russia,1962,...
Ukraine,1962,...
USSR,1962,...
Austria,1962,0.0135207185896469
Belgium,1962,0.0328475216700874
Cyprus,1962,...
Denmark,1962,0.0301827310409247
Finland,1962,0.0251317830864007
France,1962,0.0515887134953187
Germany,1962,0.0447513526890496
Greece,1962,0.0404842971228294
Iceland,1962,...
Ireland,1962,0.0129021997609629
Italy,1962,0.0263383835685955
Luxembourg,1962,0.0116246371645813
Malta,1962,...
Netherlands,1962,0.0412277525012795
Norway,1962,0.0324151790991843
Portugal,1962,0.0422667364735832
Spain,1962,0.0226774589192604
Sweden,1962,0.038634442931593
Switzerland,1962,0.0256756756756757
United Kingdom,1962,0.0694416604105903
European Union,1962,xxx
Bahrain,1962,...
Egypt,1962,0.0667547918043622
Iran,1962,0.0230741087712102
Iraq,1962,0.0691081661891118
Israel,1962,0.0916079196040198
Jordan,1962,0.181455004205214
Kuwait,1962,...
Lebanon,1962,...
Oman,1962,...
Qatar,1962,...
Saudi Arabia,1962,...
Syria,1962,0.134699853587116
Türkiye,1962,0.0371108343711083
United Arab Emirates,1962,...
"Yemen, North",1962,...
Yemen,1962,...
Algeria,1963,0.025114854517611
Libya,1963,0.0240794223826715
Morocco,1963,0.031956155143339
Tunisia,1963,0.0150801131008483
Angola,1963,...
Benin,1963,0.0173684210526316
Botswana,1963,...
Burkina Faso,1963,0.0238305709023941
Burundi,1963,0.00434782608695652
Cameroon,1963,...
Cape Verde,1963,...
Central African Republic,1963,...
Chad,1963,...
"Congo, DR",1963,...
"Congo, Republic",1963,...
Cote d'Ivoire,1963,0.00998988877654196
Djibouti,1963,...
Equatorial Guinea,1963,...
Eritrea,1963,...
Ethiopia,1963,0.0242836676217765
Gabon,1963,...
"Gambia, The",1963,...
Ghana,1963,0.0201634877384196
Guinea,1963,...
Guinea-Bissau,1963,...
Kenya,1963,0.00206489675516224
Lesotho,1963,...
Liberia,1963,...
Madagascar,1963,0.0146036988110964
Malawi,1963,...
Mali,1963,0.0264691358024691
Mauritania,1963,...
Mauritius,1963,0.00141453831041257
Mozambique,1963,...
Namibia,1963,...
Niger,1963,...
Nigeria,1963,0.0110319076714189
Rwanda,1963,...
Senegal,1963,...
Seychelles,1963,...
Sierra Leone,1963,0.00763131813676908
Somalia,1963,0.00290155440414508
South Africa,1963,0.0206460848141164
South Sudan,1963,...
Sudan,1963,0.0214912280701754
Eswatini,1963,...
Tanzania,1963,...
Togo,1963,0.00839955282956159
Uganda,1963,0.00369318181818182
Zambia,1963,...
Zimbabwe,1963,...
Belize,1963,...
Costa Rica,1963,...
Cuba,1963,...
Dominican Republic,1963,0.0386521308225966
El Salvador,1963,...
Guatemala,1963,0.0117300751136389
Haiti,1963,...
Honduras,1963,0.00931707317073171
Jamaica,1963,...
Mexico,1963,0.00718685831622177
Nicaragua,1963,...
Panama,1963,...
Trinidad and Tobago,1963,...
Canada,1963,0.0362065011154897
United States of America,1963,0.0883189118618018
Argentina,1963,0.0168
Bolivia,1963,0.0132641201559317
Brazil,1963,0.0226083918239834
Chile,1963,0.0286539572501444
Colombia,1963,0.035151403758673
Ecuador,1963,0.0176521231065259
Guyana,1963,...
Paraguay,1963,0.0239885421989564
Peru,1963,0.0331639135959339
Uruguay,1963,...
Venezuela,1963,0.0255358807082945
Australia,1963,0.0244663463919568
Fiji,1963,...
New Zealand,1963,0.021982890314696
Papua New Guinea,1963,...
Afghanistan,1963,...
Bangladesh,1963,...
India,1963,0.0402530602636535
Nepal,1963,...
Pakistan,1963,0.0364841297523544
Sri Lanka,1963,0.00897791926307234
China,1963,...
Japan,1963,0.00902911616201838
"Korea, North",1963,...
"Korea, South",1963,0.0482385908726982
Mongolia,1963,...
Taiwan,1963,...
Brunei,1963,...
Cambodia,1963,...
Indonesia,1963,...
Laos,1963,...
Malaysia,1963,0.0242061426340448
Myanmar,1963,0.0684714060484449
Philippines,1963,0.0185586220789686
Singapore,1963,...
Thailand,1963,0.0261603995299647
Timor Leste,1963,...
Viet Nam,1963,...
Kazakhstan,1963,...
Kyrgyz Republic,1963,...
Tajikistan,1963,...
Turkmenistan,1963,...
Uzbekistan,1963,...
Albania,1963,...
Bosnia and Herzegovina,1963,...
Bulgaria,1963,...
Croatia,1963,...
Czechia,1963,...
Czechoslovakia,1963,...
Estonia,1963,...
German Democratic Republic,1963,...
Hungary,1963,...
Kosovo,1963,...
Latvia,1963,...
Lithuania,1963,...
North Macedonia,1963,...
Montenegro,1963,...
Poland,1963,...
Romania,1963,...
Serbia,1963,...
Slovakia,1963,...
Slovenia,1963,...
Yugoslavia,1963,...
Armenia,1963,...
Azerbaijan,1963,...
Belarus,1963,...
Georgia,1963,...
Moldova,1963,...
Russia,1963,...
Ukraine,1963,...
USSR,1963,...
Austria,1963,0.0157966775838201
Belgium,1963,0.032166309632907
Cyprus,1963,...
Denmark,1963,0.030415238937401
Finland,1963,0.0192714178695058
France,1963,0.0474008571749863
Germany,1963,0.0487658326540949
Greece,1963,0.0382448463962285
Iceland,1963,...
Ireland,1963,0.0124281713383915
Italy,1963,0.0275343795360876
Luxembourg,1963,0.010672209514909
Malta,1963,...
Netherlands,1963,0.0401083448197299
Norway,1963,0.0320842732309849
Portugal,1963,0.0395578921858609
Spain,1963,0.0196963291958044
Sweden,1963,0.0396727724240992
Switzerland,1963,0.0251633668194675
United Kingdom,1963,0.0680074341068238
European Union,1963,xxx
Bahrain,1963,...
Egypt,1963,0.086646884272997
Iran,1963,0.0259035696447359
Iraq,1963,0.0825088464260439
Israel,1963,0.097535741158766
Jordan,1963,0.171185127807901
Kuwait,1963,...
Lebanon,1963,...
Oman,1963,...
Qatar,1963,...
Saudi Arabia,1963,0.0590269771731612
Syria,1963,...
Türkiye,1963,0.0338733905579399
United Arab Emirates,1963,...
"Yemen, North",1963,...
Yemen,1963,...
Algeria,1964,0.0349645390070922
Libya,1964,0.0184375
Morocco,1964,0.0283586869495596
Tunisia,1964,0.0174418604651163
Angola,1964,...
Benin,1964,0.0218169900980828
Botswana,1964,...
Burkina Faso,1964,0.0260515873015873
Burundi,1964,0.00445620493940788
Cameroon,1964,...
Cape Verde,1964,...
Central African Republic,1964,...
Chad,1964,...
"Congo, DR",1964,3.91428571428571e-07
"Congo, Republic",1964,...
Cote d'Ivoire,1964,0.0114392991239049
Djibouti,1964,...
Equatorial Guinea,1964,...
Eritrea,1964,...
Ethiopia,1964,0.029215844785772
Gabon,1964,...
"Gambia, The",1964,...
Ghana,1964,0.0192198868229588
Guinea,1964,...
Guinea-Bissau,1964,...
Kenya,1964,0.00589887640449438
Lesotho,1964,...
Liberia,1964,...
Madagascar,1964,0.0145875
Malawi,1964,...
Mali,1964,0.0286877828054299
Mauritania,1964,...
Mauritius,1964,0.00170842824601367
Mozambique,1964,...
Namibia,1964,...
Niger,1964,...
Nigeria,1964,0.0123370429252782
Rwanda,1964,...
Senegal,1964,...
Seychelles,1964,...
Sierra Leone,1964,0.00780771017185323
Somalia,1964,0.00330487804878049
South Africa,1964,0.02695608797689
South Sudan,1964,...
Sudan,1964,0.0314224137931034
Eswatini,1964,...
Tanzania,1964,...
Togo,1964,0.0215711274752153
Uganda,1964,0.00651162790697674
Zambia,1964,...
Zimbabwe,1964,0.0103935584586312
Belize,1964,...
Costa Rica,1964,...
Cuba,1964,...
Dominican Republic,1964,0.0378349505920057
El Salvador,1964,...
Guatemala,1964,0.0100383425318668
Haiti,1964,...
Honduras,1964,0.012800875273523
Jamaica,1964,...
Mexico,1964,0.00677506775067751
Nicaragua,1964,...
Panama,1964,...
Trinidad and Tobago,1964,...
Canada,1964,0.0340206283659061
United States of America,1964,0.080512811057284
Argentina,1964,0.0115
Bolivia,1964,...
Brazil,1964,0.0201449809094829
Chile,1964,0.0263518659558264
Colombia,1964,0.0318080357142857
Ecuador,1964,0.0190995401275775
Guyana,1964,...
Paraguay,1964,0.0240376576147081
Peru,1964,0.0334022750775595
Uruguay,1964,...
Venezuela,1964,0.0244668911335578
Australia,1964,0.0264824279705097
Fiji,1964,...
New Zealand,1964,0.0247283365840067
Papua New Guinea,1964,...
Afghanistan,1964,...
Bangladesh,1964,...
India,1964,0.0381923698021801
Nepal,1964,...
Pakistan,1964,0.0386589013064694
Sri Lanka,1964,0.00851725907866034
China,1964,...
Japan,1964,0.0087504612187006
"Korea, North",1964,...
"Korea, South",1964,0.0413443960061876
Mongolia,1964,...
Taiwan,1964,...
Brunei,1964,...
Cambodia,1964,...
Indonesia,1964,...
Laos,1964,...
Malaysia,1964,0.0316355197263955
Myanmar,1964,0.0602234564711961
Philippines,1964,0.0170494246983742
Singapore,1964,...
Thailand,1964,0.0243002544529262
Timor Leste,1964,...
Viet Nam,1964,...
Kazakhstan,1964,...
Kyrgyz Republic,1964,...
Tajikistan,1964,...
Turkmenistan,1964,...
Uzbekistan,1964,...
Albania,1964,...
Bosnia and Herzegovina,1964,...
Bulgaria,1964,...
Croatia,1964,...
Czechia,1964,...
Czechoslovakia,1964,...
Estonia,1964,...
German Democratic Republic,1964,...
Hungary,1964,...
Kosovo,1964,...
Latvia,1964,...
Lithuania,1964,...
North Macedonia,1964,...
Montenegro,1964,...
Poland,1964,...
Romania,1964,...
Serbia,1964,...
Slovakia,1964,...
Slovenia,1964,...
Yugoslavia,1964,...
Armenia,1964,...
Azerbaijan,1964,...
Belarus,1964,...
Georgia,1964,...
Moldova,1964,...
Russia,1964,...
Ukraine,1964,...
USSR,1964,...
Austria,1964,0.0188730024255788
Belgium,1964,0.0321347165933831
Cyprus,1964,...
Denmark,1964,0.0284291447082145
Finland,1964,0.0185927303165209
France,1964,0.0454025026669875
Germany,1964,0.0436398517673384
Greece,1964,0.0357356211032106
Iceland,1964,...
Ireland,1964,0.0130320786489055
Italy,1964,0.0272735589826609
Luxembourg,1964,0.0124585400836772
Malta,1964,...
Netherlands,1964,0.0393265268418307
Norway,1964,0.0311916398458299
Portugal,1964,0.0411149725818899
Spain,1964,0.0193055857347098
Sweden,1964,0.0386619773810931
Switzerland,1964,0.0253585569731632
United Kingdom,1964,0.0659605601313516
European Union,1964,xxx
Bahrain,1964,...
Egypt,1964,0.103283898305085
Iran,1964,0.0288182674775756
Iraq,1964,0.0795651389390112
Israel,1964,0.0898462696194367
Jordan,1964,0.148421759570181
Kuwait,1964,...
Lebanon,1964,0.0365625
Oman,1964,...
Qatar,1964,...
Saudi Arabia,1964,0.0596630539757485
Syria,1964,0.0864297253634895
Türkiye,1964,0.0342246520874751
United Arab Emirates,1964,...
"Yemen, North",1964,...
Yemen,1964,...
Algeria,1965,0.0341863517060367
Libya,1965,0.0185714285714286
Morocco,1965,0.0242933130699088
Tunisia,1965,0.0128771862387084
Angola,1965,...
Benin,1965,0.0210650887573965
Botswana,1965,...
Burkina Faso,1965,0.0152482269503546
Burundi,1965,0.0135233700506103
Cameroon,1965,...
Cape Verde,1965,...
Central African Republic,1965,...
Chad,1965,...
"Congo, DR",1965,...
"Congo, Republic",1965,...
Cote d'Ivoire,1965,0.0131969949916528
Djibouti,1965,...
Equatorial Guinea,1965,...
Eritrea,1965,...
Ethiopia,1965,0.0322993525071525
Gabon,1965,...
"Gambia, The",1965,...
Ghana,1965,0.0173260572987722
Guinea,1965,...
Guinea-Bissau,1965,...
Kenya,1965,0.00990334780781622
Lesotho,1965,...
Liberia,1965,0.0117749672917575
Madagascar,1965,0.0159085439229844
Malawi,1965,0.00701997780244173
Mali,1965,0.0251991150442478
Mauritania,1965,...
Mauritius,1965,0.00163232104121475
Mozambique,1965,...
Namibia,1965,...
Niger,1965,...
Nigeria,1965,0.0140145203522971
Rwanda,1965,...
Senegal,1965,...
Seychelles,1965,...
Sierra Leone,1965,0.0072264836495761
Somalia,1965,0.00296955772544515
South Africa,1965,0.0263082886060615
South Sudan,1965,...
Sudan,1965,0.0411530398322851
Eswatini,1965,...
Tanzania,1965,...
Togo,1965,0.0189538574780328
Uganda,1965,0.0113293943870015
Zambia,1965,...
Zimbabwe,1965,0.0118956840018301
Belize,1965,...
Costa Rica,1965,...
Cuba,1965,...
Dominican Republic,1965,0.0421207041072925
El Salvador,1965,0.00738683896695399
Guatemala,1965,0.0139559048518441
Haiti,1965,...
Honduras,1965,0.012291052114061
Jamaica,1965,...
Mexico,1965,0.00591269841269841
Nicaragua,1965,...
Panama,1965,...
Trinidad and Tobago,1965,...
Canada,1965,0.0293026065941654
United States of America,1965,0.0758724717722602
Argentina,1965,0.0107
Bolivia,1965,...
Brazil,1965,0.0335209215674899
Chile,1965,0.0288571273300364
Colombia,1965,0.0319094692172311
Ecuador,1965,0.020695652173913
Guyana,1965,...
Paraguay,1965,0.0263308768009038
Peru,1965,0.0309834638816362
Uruguay,1965,...
Venezuela,1965,0.0263643553915107
Australia,1965,0.02952292961532
Fiji,1965,...
New Zealand,1965,0.0235555842145989
Papua New Guinea,1965,...
Afghanistan,1965,...
Bangladesh,1965,...
India,1965,0.0387141491395794
Nepal,1965,...
Pakistan,1965,0.0590466788887322
Sri Lanka,1965,0.00852610094012865
China,1965,...
Japan,1965,0.00899713990141788
"Korea, North",1965,...
"Korea, South",1965,0.0441047487783486
Mongolia,1965,...
Taiwan,1965,...
Brunei,1965,...
Cambodia,1965,...
Indonesia,1965,...
Laos,1965,...
Malaysia,1965,0.0401104972375691
Myanmar,1965,0.0669562082076832
Philippines,1965,0.0154919986380661
Singapore,1965,...
Thailand,1965,0.0232591933570581
Timor Leste,1965,...
Viet Nam,1965,...
Kazakhstan,1965,...
Kyrgyz Republic,1965,...
Tajikistan,1965,...
Turkmenistan,1965,...
Uzbekistan,1965,...
Albania,1965,...
Bosnia and Herzegovina,1965,...
Bulgaria,1965,...
Croatia,1965,...
Czechia,1965,...
Czechoslovakia,1965,...
Estonia,1965,...
German Democratic Republic,1965,...
Hungary,1965,...
Kosovo,1965,...
Latvia,1965,...
Lithuania,1965,...
North Macedonia,1965,...
Montenegro,1965,...
Poland,1965,...
Romania,1965,...
Serbia,1965,...
Slovakia,1965,...
Slovenia,1965,...
Yugoslavia,1965,...
Armenia,1965,...
Azerbaijan,1965,...
Belarus,1965,...
Georgia,1965,...
Moldova,1965,...
Russia,1965,...
Ukraine,1965,...
USSR,1965,...
Austria,1965,0.0150721338742394
Belgium,1965,0.0297306360209053
Cyprus,1965,...
Denmark,1965,0.0283213773314204
Finland,1965,0.0179734038277768
France,1965,0.0439531951376613
Germany,1965,0.0407211656897412
Greece,1965,0.0349846492059281
Iceland,1965,...
Ireland,1965,0.0132690805500519
Italy,1965,0.0274758016222984
Luxembourg,1965,0.0122031510134833
Malta,1965,...
Netherlands,1965,0.0357129033135163
Norway,1965,0.0339793651930931
Portugal,1965,0.038136131460626
Spain,1965,0.0188486682463102
Sweden,1965,0.0391263074939103
Switzerland,1965,0.024679592507394
United Kingdom,1965,0.0643697857340144
European Union,1965,xxx
Bahrain,1965,...
Egypt,1965,0.101174345076784
Iran,1965,0.0324952490444466
Iraq,1965,0.0887326656394453
Israel,1965,0.0856915377616015
Jordan,1965,0.134099045346062
Kuwait,1965,...
Lebanon,1965,0.0388873119500426
Oman,1965,...
Qatar,1965,...
Saudi Arabia,1965,0.0769008939728924
Syria,1965,0.0887795275590551
Türkiye,1965,0.0355441860465116
United Arab Emirates,1965,...
"Yemen, North",1965,...
Yemen,1965,...
Algeria,1966,0.0351259360108918
Libya,1966,0.0291492329149233
Morocco,1966,0.0267757009345794
Tunisia,1966,0.0131747483989021
Angola,1966,...
Benin,1966,0.0190023259677687
Botswana,1966,...
Burkina Faso,1966,0.0164948453608247
Burundi,1966,0.0138228792484112
Cameroon,1966,...
Cape Verde,1966,...
Central African Republic,1966,...
Chad,1966,...
"Congo, DR",1966,4.31e-07
"Congo, Republic",1966,...
Cote d'Ivoire,1966,0.0126356589147287
Djibouti,1966,...
Equatorial Guinea,1966,...
Eritrea,1966,...
Ethiopia,1966,0.0310719908401317
Gabon,1966,...
"Gambia, The",1966,...
Ghana,1966,0.022266139657444
Guinea,1966,...
Guinea-Bissau,1966,...
Kenya,1966,0.0113326848249027
Lesotho,1966,...
Liberia,1966,0.0114519427402863
Madagascar,1966,0.0154227485541173
Malawi,1966,0.00645792563600783
Mali,1966,0.0240803382663848
Mauritania,1966,...
Mauritius,1966,0.00165570175438596
Mozambique,1966,...
Namibia,1966,...
Niger,1966,...
Nigeria,1966,0.0110115095174856
Rwanda,1966,...
Senegal,1966,...
Seychelles,1966,...
Sierra Leone,1966,0.00692630775105002
Somalia,1966,0.00353645266594124
South Africa,1966,0.02704872973096
South Sudan,1966,...
Sudan,1966,0.035251509054326
Eswatini,1966,...
Tanzania,1966,...
Togo,1966,0.0133747763021569
Uganda,1966,0.0143723554301834
Zambia,1966,...
Zimbabwe,1966,0.0132246235468518
Belize,1966,...
Costa Rica,1966,...
Cuba,1966,...
Dominican Republic,1966,0.0346271991063949
El Salvador,1966,0.00709079835684082
Guatemala,1966,0.0137345487471598
Haiti,1966,...
Honduras,1966,0.0118181818181818
Jamaica,1966,...
Mexico,1966,0.00576379066478076
Nicaragua,1966,...
Panama,1966,...
Trinidad and Tobago,1966,...
Canada,1966,0.0268328242154957
United States of America,1966,0.0843530028594507
Argentina,1966,0.01168
Bolivia,1966,...
Brazil,1966,0.030219816316073
Chile,1966,0.0273592085235921
Colombia,1966,0.0316524479704396
Ecuador,1966,0.018242215194411
Guyana,1966,...
Paraguay,1966,0.0291684506016093
Peru,1966,0.0284356725146199
Uruguay,1966,...
Venezuela,1966,0.0265688259109312
Australia,1966,0.0345138290370603
Fiji,1966,...
New Zealand,1966,0.02639267145333
Papua New Guinea,1966,...
Afghanistan,1966,...
Bangladesh,1966,...
India,1966,0.0357237064592492
Nepal,1966,...
Pakistan,1966,0.0673052198508614
Sri Lanka,1966,0.00872915916996522
China,1966,...
Japan,1966,0.00879421011265392
"Korea, North",1966,...
"Korea, South",1966,0.0468887369346488
Mongolia,1966,...
Taiwan,1966,...
Brunei,1966,...
Cambodia,1966,...
Indonesia,1966,...
Laos,1966,...
Malaysia,1966,0.0472825522186428
Myanmar,1966,0.061255794096121
Philippines,1966,0.0165172706900549
Singapore,1966,...
Thailand,1966,0.0216536792266719
Timor Leste,1966,...
Viet Nam,1966,...
Kazakhstan,1966,...
Kyrgyz Republic,1966,...
Tajikistan,1966,...
Turkmenistan,1966,...
Uzbekistan,1966,...
Albania,1966,...
Bosnia and Herzegovina,1966,...
Bulgaria,1966,...
Croatia,1966,...
Czechia,1966,...
Czechoslovakia,1966,...
Estonia,1966,...
German Democratic Republic,1966,...
Hungary,1966,...
Kosovo,1966,...
Latvia,1966,...
Lithuania,1966,...
North Macedonia,1966,...
Montenegro,1966,...
Poland,1966,...
Romania,1966,...
Serbia,1966,...
Slovakia,1966,...
Slovenia,1966,...
Yugoslavia,1966,...
Armenia,1966,...
Azerbaijan,1966,...
Belarus,1966,...
Georgia,1966,...
Moldova,1966,...
Russia,1966,...
Ukraine,1966,...
USSR,1966,...
Austria,1966,0.0162440513164265
Belgium,1966,0.0311258602859894
Cyprus,1966,...
Denmark,1966,0.0263674969892882
Finland,1966,0.0171395131378637
France,1966,0.0429010327424386
Germany,1966,0.0389118320865712
Greece,1966,0.0358468738765907
Iceland,1966,...
Ireland,1966,0.0123436045763536
Italy,1966,0.0298871998055421
Luxembourg,1966,0.0121187901587785
Malta,1966,...
Netherlands,1966,0.0337028428544947
Norway,1966,0.0356795983067309
Portugal,1966,0.0385289574058252
Spain,1966,0.0207961936015824
Sweden,1966,0.0385801327117097
Switzerland,1966,0.0253079335934511
United Kingdom,1966,0.0624903679676674
European Union,1966,xxx
Bahrain,1966,...
Egypt,1966,0.0871826883062838
Iran,1966,0.038189953679917
Iraq,1966,0.0852055837563452
Israel,1966,0.0943467336683417
Jordan,1966,0.194942611190818
Kuwait,1966,...
Lebanon,1966,0.0416343418670804
Oman,1966,...
Qatar,1966,...
Saudi Arabia,1966,0.113242315101767
Syria,1966,0.0774717654051912
Türkiye,1966,0.0314398111723053
United Arab Emirates,1966,...
"Yemen, North",1966,...
Yemen,1966,...
Algeria,1967,0.0301910043130006
Libya,1967,0.0336094674556213
Morocco,1967,0.0261764705882353
Tunisia,1967,0.0142105263157895
Angola,1967,...
Benin,1967,0.0197625210567402
Botswana,1967,...
Burkina Faso,1967,0.0132507288629738
Burundi,1967,0.0133260688417409
Cameroon,1967,...
Cape Verde,1967,...
Central African Republic,1967,...
Chad,1967,...
"Congo, DR",1967,...
"Congo, Republic",1967,...
Cote d'Ivoire,1967,0.013126586869786
Djibouti,1967,...
Equatorial Guinea,1967,...
Eritrea,1967,...
Ethiopia,1967,0.0248622496976213
Gabon,1967,0.0110778443113772
"Gambia, The",1967,...
Ghana,1967,...
Guinea,1967,...
Guinea-Bissau,1967,...
Kenya,1967,0.01304993715004
Lesotho,1967,...
Liberia,1967,0.0116858237547893
Madagascar,1967,0.0155002592016589
Malawi,1967,0.00716937354988399
Mali,1967,0.0240384615384615
Mauritania,1967,...
Mauritius,1967,0.00155830753353973
Mozambique,1967,...
Namibia,1967,...
Niger,1967,...
Nigeria,1967,0.0580820060996272
Rwanda,1967,...
Senegal,1967,...
Seychelles,1967,...
Sierra Leone,1967,0.00796946564885496
Somalia,1967,0.00387944358578053
South Africa,1967,0.0278801852960007
South Sudan,1967,...
Sudan,1967,0.0365461847389558
Eswatini,1967,...
Tanzania,1967,0.0142312406373417
Togo,1967,0.013397397678252
Uganda,1967,0.0162348178137652
Zambia,1967,...
Zimbabwe,1967,0.0136005726556908
Belize,1967,...
Costa Rica,1967,...
Cuba,1967,...
Dominican Republic,1967,0.0319186875891583
El Salvador,1967,0.00694253982686142
Guatemala,1967,0.0145714604983797
Haiti,1967,...
Honduras,1967,0.011371237458194
Jamaica,1967,...
Mexico,1967,0.00545217107411035
Nicaragua,1967,...
Panama,1967,...
Trinidad and Tobago,1967,...
Canada,1967,0.0274792676977819
United States of America,1967,0.0941779593255137
Argentina,1967,0.014
Bolivia,1967,...
Brazil,1967,0.0285697200831844
Chile,1967,0.0271363263392334
Colombia,1967,0.031173645631477
Ecuador,1967,0.0180442333340465
Guyana,1967,...
Paraguay,1967,0.0303155899468327
Peru,1967,0.0470363288718929
Uruguay,1967,...
Venezuela,1967,0.028585154936344
Australia,1967,0.0379376396722358
Fiji,1967,...
New Zealand,1967,0.0262371503705475
Papua New Guinea,1967,...
Afghanistan,1967,...
Bangladesh,1967,...
India,1967,0.0322392372146778
Nepal,1967,...
Pakistan,1967,0.0540460370194589
Sri Lanka,1967,0.00845136660396149
China,1967,...
Japan,1967,0.00836230312650205
"Korea, North",1967,...
"Korea, South",1967,0.0468514253950608
Mongolia,1967,...
Taiwan,1967,...
Brunei,1967,...
Cambodia,1967,...
Indonesia,1967,...
Laos,1967,...
Malaysia,1967,0.0449702929727515
Myanmar,1967,0.0520179852264212
Philippines,1967,0.0173993936052922
Singapore,1967,...
Thailand,1967,0.0242681688059839
Timor Leste,1967,...
Viet Nam,1967,...
Kazakhstan,1967,...
Kyrgyz Republic,1967,...
Tajikistan,1967,...
Turkmenistan,1967,...
Uzbekistan,1967,...
Albania,1967,...
Bosnia and Herzegovina,1967,...
Bulgaria,1967,...
Croatia,1967,...
Czechia,1967,...
Czechoslovakia,1967,...
Estonia,1967,...
German Democratic Republic,1967,...
Hungary,1967,...
Kosovo,1967,...
Latvia,1967,...
Lithuania,1967,...
North Macedonia,1967,...
Montenegro,1967,...
Poland,1967,...
Romania,1967,...
Serbia,1967,...
Slovakia,1967,...
Slovenia,1967,...
Yugoslavia,1967,...
Armenia,1967,...
Azerbaijan,1967,...
Belarus,1967,...
Georgia,1967,...
Moldova,1967,...
Russia,1967,...
Ukraine,1967,...
USSR,1967,...
Austria,1967,0.0160916641574175
Belgium,1967,0.0313458162424807
Cyprus,1967,...
Denmark,1967,0.0258821092365411
Finland,1967,0.0161552115269617
France,1967,0.0429524594691896
Germany,1967,0.0405878248265452
Greece,1967,0.0434570766758805
Iceland,1967,...
Ireland,1967,0.0118712684797857
Italy,1967,0.02767746940336
Luxembourg,1967,0.00996085872127087
Malta,1967,...
Netherlands,1967,0.0352333580585187
Norway,1967,0.0351256281407035
Portugal,1967,0.0446379018514436
Spain,1967,0.0185195694357998
Sweden,1967,0.0361145184983266
Switzerland,1967,0.0238237384506041
United Kingdom,1967,0.062357037120617
European Union,1967,xxx
Bahrain,1967,...
Egypt,1967,0.0890769850866586
Iran,1967,0.0445799176138232
Iraq,1967,0.0842706237424547
Israel,1967,0.154425144747725
Jordan,1967,0.234924623115578
Kuwait,1967,...
Lebanon,1967,0.0484293193717278
Oman,1967,...
Qatar,1967,...
Saudi Arabia,1967,0.11511831393137
Syria,1967,0.0821396192203083
Türkiye,1967,0.0325957446808511
United Arab Emirates,1967,...
"Yemen, North",1967,...
Yemen,1967,...
Algeria,1968,0.0261472785485592
Libya,1968,0.0285594639865997
Morocco,1968,0.0300457217504899
Tunisia,1968,0.0144268464795358
Angola,1968,...
Benin,1968,0.0207212475633528
Botswana,1968,...
Burkina Faso,1968,0.0117848101265823
Burundi,1968,0.014142233312539
Cameroon,1968,...
Cape Verde,1968,...
Central African Republic,1968,...
Chad,1968,...
"Congo, DR",1968,4.215e-07
"Congo, Republic",1968,...
Cote d'Ivoire,1968,0.0116049004594181
Djibouti,1968,...
Equatorial Guinea,1968,...
Eritrea,1968,...
Ethiopia,1968,0.021956163689345
Gabon,1968,0.0101508888474928
"Gambia, The",1968,...
Ghana,1968,0.0265588235294118
Guinea,1968,...
Guinea-Bissau,1968,...
Kenya,1968,0.0121834288692027
Lesotho,1968,...
Liberia,1968,0.0110187861271676
Madagascar,1968,0.0154621848739496
Malawi,1968,0.00695430346051464
Mali,1968,0.0199081163859112
Mauritania,1968,...
Mauritius,1968,0.00155797101449275
Mozambique,1968,...
Namibia,1968,...
Niger,1968,...
Nigeria,1968,0.091591382904795
Rwanda,1968,...
Senegal,1968,...
Seychelles,1968,...
Sierra Leone,1968,0.00804869186046512
Somalia,1968,0.004072265625
South Africa,1968,0.0276117526451189
South Sudan,1968,...
Sudan,1968,0.0375
Eswatini,1968,...
Tanzania,1968,0.0147320294640589
Togo,1968,0.0135886349598518
Uganda,1968,0.0179408060453401
Zambia,1968,...
Zimbabwe,1968,0.0206812652068127
Belize,1968,...
Costa Rica,1968,...
Cuba,1968,...
Dominican Republic,1968,0.0324517139377066
El Salvador,1968,0.00655571183199067
Guatemala,1968,0.0126668736417262
Haiti,1968,...
Honduras,1968,0.0108545034642032
Jamaica,1968,...
Mexico,1968,0.00548510763786494
Nicaragua,1968,0.0145964542951095
Panama,1968,...
Trinidad and Tobago,1968,0.00670378178943207
Canada,1968,0.0254364188044292
United States of America,1968,0.0926845427468793
Argentina,1968,0.0168571428571429
Bolivia,1968,0.0135015218468453
Brazil,1968,0.0264974015836375
Chile,1968,0.0252706817797327
Colombia,1968,0.0238537248109852
Ecuador,1968,0.0192397349775755
Guyana,1968,...
Paraguay,1968,0.0321104958736661
Peru,1968,0.0235737351991389
Uruguay,1968,...
Venezuela,1968,0.0267737617135207
Australia,1968,0.0383727358459887
Fiji,1968,0.00205761316872428
New Zealand,1968,0.0272768259693418
Papua New Guinea,1968,...
Afghanistan,1968,...
Bangladesh,1968,...
India,1968,0.0324556858467412
Nepal,1968,...
Pakistan,1968,0.051039059949951
Sri Lanka,1968,0.0079453205188019
China,1968,...
Japan,1968,0.00793866529243094
"Korea, North",1968,...
"Korea, South",1968,0.0473064179653945
Mongolia,1968,...
Taiwan,1968,...
Brunei,1968,...
Cambodia,1968,...
Indonesia,1968,...
Laos,1968,...
Malaysia,1968,0.0445316331535066
Myanmar,1968,0.0502319717599597
Philippines,1968,0.0186747175448971
Singapore,1968,...
Thailand,1968,0.0275456024663869
Timor Leste,1968,...
Viet Nam,1968,...
Kazakhstan,1968,...
Kyrgyz Republic,1968,...
Tajikistan,1968,...
Turkmenistan,1968,...
Uzbekistan,1968,...
Albania,1968,...
Bosnia and Herzegovina,1968,...
Bulgaria,1968,...
Croatia,1968,...
Czechia,1968,...
Czechoslovakia,1968,...
Estonia,1968,...
German Democratic Republic,1968,...
Hungary,1968,...
Kosovo,1968,...
Latvia,1968,...
Lithuania,1968,...
North Macedonia,1968,...
Montenegro,1968,...
Poland,1968,...
Romania,1968,...
Serbia,1968,...
Slovakia,1968,...
Slovenia,1968,...
Yugoslavia,1968,...
Armenia,1968,...
Azerbaijan,1968,...
Belarus,1968,...
Georgia,1968,...
Moldova,1968,...
Russia,1968,...
Ukraine,1968,...
USSR,1968,...
Austria,1968,0.0154267474905488
Belgium,1968,0.0311509001127571
Cyprus,1968,...
Denmark,1968,0.0267593414991841
Finland,1968,0.01755074400253
France,1968,0.0413684603777682
Germany,1968,0.033906038798747
Greece,1968,0.0469018026641258
Iceland,1968,...
Ireland,1968,0.0113285129943636
Italy,1968,0.0264896159188232
Luxembourg,1968,0.00825022794421924
Malta,1968,...
Netherlands,1968,0.0325633492017265
Norway,1968,0.036078431372549
Portugal,1968,0.0450281558008619
Spain,1968,0.0229767251939567
Sweden,1968,0.0347654687767811
Switzerland,1968,0.0217651757188498
United Kingdom,1968,0.059411052003122
European Union,1968,xxx
Bahrain,1968,...
Egypt,1968,0.111330438215555
Iran,1968,0.0517636359090398
Iraq,1968,0.092208540042523
Israel,1968,0.174280147218013
Jordan,1968,0.240638185654008
Kuwait,1968,...
Lebanon,1968,0.0484437163585303
Oman,1968,...
Qatar,1968,...
Saudi Arabia,1968,0.0808745489280408
Syria,1968,0.121648793565684
Türkiye,1968,0.0327555555555556
United Arab Emirates,1968,...
"Yemen, North",1968,...
Yemen,1968,...
Algeria,1969,0.0238686735837108
Libya,1969,0.0376288659793814
Morocco,1969,0.0239021678710395
Tunisia,1969,0.0131423508564678
Angola,1969,...
Benin,1969,0.0189473684210526
Botswana,1969,...
Burkina Faso,1969,0.0124672228843862
Burundi,1969,0.0175449137775641
Cameroon,1969,...
Cape Verde,1969,...
Central African Republic,1969,...
Chad,1969,...
"Congo, DR",1969,4.17241379310345e-07
"Congo, Republic",1969,...
Cote d'Ivoire,1969,0.0114879649890591
Djibouti,1969,...
Equatorial Guinea,1969,...
Eritrea,1969,...
Ethiopia,1969,0.0202066455324645
Gabon,1969,0.0136759569663221
"Gambia, The",1969,...
Ghana,1969,0.0250125062531266
Guinea,1969,...
Guinea-Bissau,1969,...
Kenya,1969,0.0108006912442396
Lesotho,1969,...
Liberia,1969,0.00993485342019544
Madagascar,1969,0.0150724637681159
Malawi,1969,0.00667962356792144
Mali,1969,0.0217551622418879
Mauritania,1969,...
Mauritius,1969,0.00180501930501931
Mozambique,1969,...
Namibia,1969,...
Niger,1969,...
Nigeria,1969,0.10316957879632
Rwanda,1969,...
Senegal,1969,...
Seychelles,1969,...
Sierra Leone,1969,0.00872657986662432
Somalia,1969,0.0041958041958042
South Africa,1969,0.0260847927374445
South Sudan,1969,...
Sudan,1969,0.0519725557461407
Eswatini,1969,...
Tanzania,1969,0.0173497763269254
Togo,1969,0.0128223536844524
Uganda,1969,0.0182458100558659
Zambia,1969,...
Zimbabwe,1969,0.0242276887871854
Belize,1969,...
Costa Rica,1969,...
Cuba,1969,...
Dominican Republic,1969,0.0264782447006322
El Salvador,1969,0.0071546150132435
Guatemala,1969,0.0102599976681823
Haiti,1969,...
Honduras,1969,0.0106824925816024
Jamaica,1969,...
Mexico,1969,0.00600160042678047
Nicaragua,1969,0.0137701531929543
Panama,1969,...
Trinidad and Tobago,1969,0.00675372176591376
Canada,1969,0.0227378467044438
United States of America,1969,0.0863326379509104
Argentina,1969,0.019375
Bolivia,1969,0.0131822489730177
Brazil,1969,0.0261559000626652
Chile,1969,0.0226089998688066
Colombia,1969,0.0205492415707552
Ecuador,1969,0.0237061630052488
Guyana,1969,...
Paraguay,1969,0.0316148604879584
Peru,1969,0.0238755980861244
Uruguay,1969,...
Venezuela,1969,0.024989228780698
Australia,1969,0.0338591988002192
Fiji,1969,0.00188323917137476
New Zealand,1969,0.0256622516556291
Papua New Guinea,1969,...
Afghanistan,1969,...
Bangladesh,1969,...
India,1969,0.0314081455805893
Nepal,1969,...
Pakistan,1969,0.0551204188481675
Sri Lanka,1969,0.00807396323215049
China,1969,...
Japan,1969,0.00772551017292608
"Korea, North",1969,...
"Korea, South",1969,0.0469439489249836
Mongolia,1969,...
Taiwan,1969,...
Brunei,1969,...
Cambodia,1969,...
Indonesia,1969,...
Laos,1969,...
Malaysia,1969,0.039222677839187
Myanmar,1969,0.0531042884990253
Philippines,1969,0.0209088848594742
Singapore,1969,...
Thailand,1969,0.0299136657073967
Timor Leste,1969,...
Viet Nam,1969,...
Kazakhstan,1969,...
Kyrgyz Republic,1969,...
Tajikistan,1969,...
Turkmenistan,1969,...
Uzbekistan,1969,...
Albania,1969,...
Bosnia and Herzegovina,1969,...
Bulgaria,1969,...
Croatia,1969,...
Czechia,1969,...
Czechoslovakia,1969,...
Estonia,1969,...
German Democratic Republic,1969,...
Hungary,1969,...
Kosovo,1969,...
Latvia,1969,...
Lithuania,1969,...
North Macedonia,1969,...
Montenegro,1969,...
Poland,1969,...
Romania,1969,...
Serbia,1969,...
Slovakia,1969,...
Slovenia,1969,...
Yugoslavia,1969,...
Armenia,1969,...
Azerbaijan,1969,...
Belarus,1969,...
Georgia,1969,...
Moldova,1969,...
Russia,1969,...
Ukraine,1969,...
USSR,1969,...
Austria,1969,0.0149925656716418
Belgium,1969,0.0293181499649615
Cyprus,1969,...
Denmark,1969,0.0239160763140253
Finland,1969,0.0143747769806296
France,1969,0.0367975172675766
Germany,1969,0.0338287545977261
Greece,1969,0.0478878606005897
Iceland,1969,...
Ireland,1969,0.0109928037099096
Italy,1969,0.0242240082694152
Luxembourg,1969,0.00737580771306242
Malta,1969,...
Netherlands,1969,0.0322892860322925
Norway,1969,0.0360425249935175
Portugal,1969,0.0413901661630361
Spain,1969,0.0243416753437938
Sweden,1969,0.0345928073254583
Switzerland,1969,0.0219792370538731
United Kingdom,1969,0.055021956389853
European Union,1969,xxx
Bahrain,1969,...
Egypt,1969,0.143360534124629
Iran,1969,0.059690541955316
Iraq,1969,0.113800847457627
Israel,1969,0.190893169877408
Jordan,1969,...
Kuwait,1969,...
Lebanon,1969,0.0464403066812705
Oman,1969,...
Qatar,1969,...
Saudi Arabia,1969,0.095705156784069
Syria,1969,0.108261693137112
Türkiye,1969,0.0307933789954338
United Arab Emirates,1969,...
"Yemen, North",1969,...
Yemen,1969,...
Algeria,1970,0.0213053918358437
Libya,1970,0.0607293127629734
Morocco,1970,0.0231600617601647
Tunisia,1970,0.0156167284277395
Angola,1970,...
Benin,1970,0.0162528151941587
Botswana,1970,...
Burkina Faso,1970,0.0117223910840932
Burundi,1970,...
Cameroon,1970,0.0187212787212787
Cape Verde,1970,...
Central African Republic,1970,...
Chad,1970,...
"Congo, DR",1970,5.51612903225806e-07
"Congo, Republic",1970,0.0486040268456376
Cote d'Ivoire,1970,0.0118100747167992
Djibouti,1970,...
Equatorial Guinea,1970,...
Eritrea,1970,...
Ethiopia,1970,0.0188310980263875
Gabon,1970,0.0143240191454706
"Gambia, The",1970,...
Ghana,1970,0.0211819389110226
Guinea,1970,...
Guinea-Bissau,1970,...
Kenya,1970,0.0105748325941386
Lesotho,1970,...
Liberia,1970,0.0109873104302074
Madagascar,1970,0.0135124298315958
Malawi,1970,0.00641145638337701
Mali,1970,0.0222804718217562
Mauritania,1970,...
Mauritius,1970,0.00219465648854962
Mozambique,1970,...
Namibia,1970,...
Niger,1970,...
Nigeria,1970,0.0527925012553702
Rwanda,1970,...
Senegal,1970,...
Seychelles,1970,...
Sierra Leone,1970,0.00934984520123839
Somalia,1970,0.00496014171833481
South Africa,1970,0.0233374509405345
South Sudan,1970,...
Sudan,1970,0.0495400788436268
Eswatini,1970,...
Tanzania,1970,0.0229997819925877
Togo,1970,0.0136839535640664
Uganda,1970,0.0197302904564315
Zambia,1970,...
Zimbabwe,1970,0.0243870077486466
Belize,1970,...
Costa Rica,1970,...
Cuba,1970,...
Dominican Republic,1970,0.0241669471558398
El Salvador,1970,0.00629834058383193
Guatemala,1970,0.0169642857142857
Haiti,1970,...
Honduras,1970,0.0136929460580913
Jamaica,1970,...
Mexico,1970,0.00497411658789106
Nicaragua,1970,0.0158426055559649
Panama,1970,...
Trinidad and Tobago,1970,0.00754395570967938
Canada,1970,0.0218897969593808
United States of America,1970,0.0803274358404085
Argentina,1970,0.0187777777777778
Bolivia,1970,0.0161221645007261
Brazil,1970,0.0288728955692843
Chile,1970,0.0445045063352876
Colombia,1970,0.0225954658431875
Ecuador,1970,0.0183368971819713
Guyana,1970,...
Paraguay,1970,0.0331587229143819
Peru,1970,0.0350643955130868
Uruguay,1970,...
Venezuela,1970,0.0229401644045116
Australia,1970,0.0296603557682305
Fiji,1970,0.00187695516162669
New Zealand,1970,0.0263203017832647
Papua New Guinea,1970,...
Afghanistan,1970,0.0162960609911055
Bangladesh,1970,...
India,1970,0.0318518303985171
Nepal,1970,0.00593019315486276
Pakistan,1970,0.0615838762214984
Sri Lanka,1970,0.00916642271662763
China,1970,...
Japan,1970,0.00773230313218779
"Korea, North",1970,...
"Korea, South",1970,0.0440334654337296
Mongolia,1970,...
Taiwan,1970,...
Brunei,1970,...
Cambodia,1970,...
Indonesia,1970,...
Laos,1970,...
Malaysia,1970,0.0516527178966946
Myanmar,1970,0.0560194500335345
Philippines,1970,0.0215675650207312
Singapore,1970,0.0539908100748809
Thailand,1970,0.0306529850746269
Timor Leste,1970,...
Viet Nam,1970,...
Kazakhstan,1970,...
Kyrgyz Republic,1970,...
Tajikistan,1970,...
Turkmenistan,1970,...
Uzbekistan,1970,...
Albania,1970,...
Bosnia and Herzegovina,1970,...
Bulgaria,1970,...
Croatia,1970,...
Czechia,1970,...
Czechoslovakia,1970,...
Estonia,1970,...
German Democratic Republic,1970,...
Hungary,1970,0.0403007518796992
Kosovo,1970,...
Latvia,1970,...
Lithuania,1970,...
North Macedonia,1970,...
Montenegro,1970,...
Poland,1970,...
Romania,1970,...
Serbia,1970,...
Slovakia,1970,...
Slovenia,1970,...
Yugoslavia,1970,...
Armenia,1970,...
Azerbaijan,1970,...
Belarus,1970,...
Georgia,1970,...
Moldova,1970,...
Russia,1970,...
Ukraine,1970,...
USSR,1970,...
Austria,1970,0.0138013012131531
Belgium,1970,0.0291864009674006
Cyprus,1970,...
Denmark,1970,0.0242911996594156
Finland,1970,0.0137585401679306
France,1970,0.0345855771733226
Germany,1970,0.0299867169564358
Greece,1970,0.0419730219448359
Iceland,1970,...
Ireland,1970,0.0115860929602813
Italy,1970,0.0205821005427826
Luxembourg,1970,0.00681993152418119
Malta,1970,...
Netherlands,1970,0.0286623555435659
Norway,1970,0.0347283949071698
Portugal,1970,0.0413788067758456
Spain,1970,0.0228661622551749
Sweden,1970,0.0335866826147039
Switzerland,1970,0.0210334748800529
United Kingdom,1970,0.0519741323809566
European Union,1970,xxx
Bahrain,1970,...
Egypt,1970,0.159878828677213
Iran,1970,0.0585690329096248
Iraq,1970,0.111682261208577
Israel,1970,0.234470563207999
Jordan,1970,0.185080264400378
Kuwait,1970,0.0239278752436647
Lebanon,1970,0.0433621043978627
Oman,1970,...
Qatar,1970,...
Saudi Arabia,1970,0.0940352743064788
Syria,1970,0.112205882352941
Türkiye,1970,0.0325648854961832
United Arab Emirates,1970,...
"Yemen, North",1970,...
Yemen,1970,...
Algeria,1971,0.0208758503401361
Libya,1971,0.0532267977873387
Morocco,1971,0.0262862488306829
Tunisia,1971,0.0147526100771675
Angola,1971,...
Benin,1971,0.0160104203413747
Botswana,1971,...
Burkina Faso,1971,0.0117716535433071
Burundi,1971,0.0103240865427776
Cameroon,1971,0.0184267040149393
Cape Verde,1971,...
Central African Republic,1971,...
Chad,1971,...
"Congo, DR",1971,4.85714285714286e-07
"Congo, Republic",1971,0.0460024301336574
Cote d'Ivoire,1971,0.0150034098658786
Djibouti,1971,...
Equatorial Guinea,1971,...
Eritrea,1971,...
Ethiopia,1971,0.0190607150412524
Gabon,1971,0.0144053282588011
"Gambia, The",1971,...
Ghana,1971,0.0170131947221112
Guinea,1971,...
Guinea-Bissau,1971,...
Kenya,1971,0.0122771506422733
Lesotho,1971,...
Liberia,1971,0.0118594436310395
Madagascar,1971,0.0131657355679702
Malawi,1971,0.00581516870707674
Mali,1971,0.0191616766467066
Mauritania,1971,...
Mauritius,1971,0.00223944875107666
Mozambique,1971,...
Namibia,1971,...
Niger,1971,...
Nigeria,1971,0.0439211982188639
Rwanda,1971,...
Senegal,1971,...
Seychelles,1971,...
Sierra Leone,1971,0.00898737808376363
Somalia,1971,0.00483050847457627
South Africa,1971,0.0245819303358705
South Sudan,1971,...
Sudan,1971,0.0460336538461538
Eswatini,1971,...
Tanzania,1971,0.0309761565111066
Togo,1971,0.0140831295843521
Uganda,1971,0.0346866359447005
Zambia,1971,...
Zimbabwe,1971,0.0228806168816267
Belize,1971,...
Costa Rica,1971,...
Cuba,1971,...
Dominican Republic,1971,0.021962196219622
El Salvador,1971,0.00718020405177658
Guatemala,1971,0.0111850060459492
Haiti,1971,...
Honduras,1971,0.0147001934235977
Jamaica,1971,...
Mexico,1971,0.00487655580493777
Nicaragua,1971,0.0150573737863237
Panama,1971,...
Trinidad and Tobago,1971,0.00961321287408244
Canada,1971,0.0213148563939489
United States of America,1971,0.0694306960936061
Argentina,1971,0.0180769230769231
Bolivia,1971,0.0139158576575288
Brazil,1971,0.0261904685858105
Chile,1971,0.0626481544192347
Colombia,1971,0.0337417409711976
Ecuador,1971,0.0185402516979624
Guyana,1971,...
Paraguay,1971,0.0322522546972088
Peru,1971,0.0361951588502269
Uruguay,1971,...
Venezuela,1971,0.0269940787182167
Australia,1971,0.0276315170889944
Fiji,1971,0.00217083529966966
New Zealand,1971,0.0231670061099796
Papua New Guinea,1971,...
Afghanistan,1971,...
Bangladesh,1971,...
India,1971,0.0365245352356247
Nepal,1971,0.00617910602372197
Pakistan,1971,0.0673553323768532
Sri Lanka,1971,0.013626334519573
China,1971,...
Japan,1971,0.00824119314063094
"Korea, North",1971,...
"Korea, South",1971,0.0473498860643367
Mongolia,1971,...
Taiwan,1971,...
Brunei,1971,0.0499585337535246
Cambodia,1971,...
Indonesia,1971,...
Laos,1971,...
Malaysia,1971,0.0537244307217291
Myanmar,1971,0.0565122539918307
Philippines,1971,0.0206999062269308
Singapore,1971,0.0564170312296964
Thailand,1971,0.0356097640464086
Timor Leste,1971,...
Viet Nam,1971,...
Kazakhstan,1971,...
Kyrgyz Republic,1971,...
Tajikistan,1971,...
Turkmenistan,1971,...
Uzbekistan,1971,...
Albania,1971,...
Bosnia and Herzegovina,1971,...
Bulgaria,1971,...
Croatia,1971,...
Czechia,1971,...
Czechoslovakia,1971,...
Estonia,1971,...
German Democratic Republic,1971,...
Hungary,1971,0.0374168514412417
Kosovo,1971,...
Latvia,1971,...
Lithuania,1971,...
North Macedonia,1971,...
Montenegro,1971,...
Poland,1971,...
Romania,1971,...
Serbia,1971,...
Slovakia,1971,...
Slovenia,1971,...
Yugoslavia,1971,...
Armenia,1971,...
Azerbaijan,1971,...
Belarus,1971,...
Georgia,1971,...
Moldova,1971,...
Russia,1971,...
Ukraine,1971,...
USSR,1971,...
Austria,1971,0.0124610695391068
Belgium,1971,0.0289892591889451
Cyprus,1971,...
Denmark,1971,0.0236222218936224
Finland,1971,0.0144904687492755
France,1971,0.0331609304824223
Germany,1971,0.0304603413911262
Greece,1971,0.0411919917305914
Iceland,1971,...
Ireland,1971,0.0124394513227465
Italy,1971,0.022389709472173
Luxembourg,1971,0.00712646825176389
Malta,1971,...
Netherlands,1971,0.0283882953486528
Norway,1971,0.0339150440491555
Portugal,1971,0.0433176583858868
Spain,1971,0.021079717457114
Sweden,1971,0.0341003678543619
Switzerland,1971,0.0205252682169037
United Kingdom,1971,0.0507633062254603
European Union,1971,xxx
Bahrain,1971,...
Egypt,1971,0.171870121760849
Iran,1971,0.0304701247800352
Iraq,1971,0.10516111033617
Israel,1971,0.227998034775922
Jordan,1971,0.171529619805482
Kuwait,1971,0.0189218523878437
Lebanon,1971,0.0400074087794036
Oman,1971,0.0965227817745803
Qatar,1971,...
Saudi Arabia,1971,0.0864019411745418
Syria,1971,0.0843629102708099
Türkiye,1971,0.0349979381443299
United Arab Emirates,1971,...
"Yemen, North",1971,...
Yemen,1971,...
Algeria,1972,0.0179584396646008
Libya,1972,0.0370967741935484
Morocco,1972,0.0284391534391534
Tunisia,1972,0.0141451990632319
Angola,1972,...
Benin,1972,0.0148779430882565
Botswana,1972,...
Burkina Faso,1972,0.0113985374771481
Burundi,1972,0.0145867098865478
Cameroon,1972,0.0176285473447598
Cape Verde,1972,...
Central African Republic,1972,...
Chad,1972,...
"Congo, DR",1972,4.02564102564103e-07
"Congo, Republic",1972,0.0352967032967033
Cote d'Ivoire,1972,0.0169563374311149
Djibouti,1972,...
Equatorial Guinea,1972,...
Eritrea,1972,...
Ethiopia,1972,0.0193641025641026
Gabon,1972,0.0155023041474654
"Gambia, The",1972,...
Ghana,1972,0.0142984014209591
Guinea,1972,...
Guinea-Bissau,1972,...
Kenya,1972,0.015418118466899
Lesotho,1972,...
Liberia,1972,0.0110024449877751
Madagascar,1972,0.014881933003844
Malawi,1972,0.00602199944305207
Mali,1972,0.0237556561085973
Mauritania,1972,...
Mauritius,1972,0.00202513966480447
Mozambique,1972,...
Namibia,1972,...
Niger,1972,...
Nigeria,1972,0.0539026887908144
Rwanda,1972,...
Senegal,1972,...
Seychelles,1972,...
Sierra Leone,1972,0.00953063518830804
Somalia,1972,0.0045360824742268
South Africa,1972,0.0237266886068014
South Sudan,1972,...
Sudan,1972,0.041917502787068
Eswatini,1972,...
Tanzania,1972,0.0343268886501969
Togo,1972,0.0147564388098909
Uganda,1972,0.0406217162872154
Zambia,1972,...
Zimbabwe,1972,0.0218284348508048
Belize,1972,...
Costa Rica,1972,...
Cuba,1972,...
Dominican Republic,1972,0.0198752138472376
El Salvador,1972,0.00881572824648191
Guatemala,1972,0.0114198705748002
Haiti,1972,...
Honduras,1972,0.0183600713012478
Jamaica,1972,...
Mexico,1972,0.0053656808925093
Nicaragua,1972,0.0186729019837893
Panama,1972,...
Trinidad and Tobago,1972,0.00841940907999039
Canada,1972,0.0201181843821932
United States of America,1972,0.0651975692434716
Argentina,1972,0.0182380952380952
Bolivia,1972,0.0159554189417413
Brazil,1972,0.0243581199022501
Chile,1972,0.0662541419500109
Colombia,1972,0.0196719582300512
Ecuador,1972,0.0199002320804546
Guyana,1972,...
Paraguay,1972,0.0384646313307982
Peru,1972,0.0363081099423142
Uruguay,1972,0.0219806763285024
Venezuela,1972,0.0282926829268293
Australia,1972,0.0268562060485785
Fiji,1972,0.0024885145482389
New Zealand,1972,0.0218326794076699
Papua New Guinea,1972,...
Afghanistan,1972,...
Bangladesh,1972,...
India,1972,0.037179474612821
Nepal,1972,0.0064755629855443
Pakistan,1972,0.0686595551145291
Sri Lanka,1972,...
China,1972,...
Japan,1972,0.00842475301533426
"Korea, North",1972,...
"Korea, South",1972,0.05010068079394
Mongolia,1972,...
Taiwan,1972,...
Brunei,1972,0.038200628601362
Cambodia,1972,...
Indonesia,1972,...
Laos,1972,...
Malaysia,1972,0.049789029535865
Myanmar,1972,0.0545164039198977
Philippines,1972,0.0233615693267945
Singapore,1972,0.0508580794446587
Thailand,1972,0.0347424741298213
Timor Leste,1972,...
Viet Nam,1972,...
Kazakhstan,1972,...
Kyrgyz Republic,1972,...
Tajikistan,1972,...
Turkmenistan,1972,...
Uzbekistan,1972,...
Albania,1972,...
Bosnia and Herzegovina,1972,...
Bulgaria,1972,...
Croatia,1972,...
Czechia,1972,...
Czechoslovakia,1972,...
Estonia,1972,...
German Democratic Republic,1972,...
Hungary,1972,0.0327365728900256
Kosovo,1972,...
Latvia,1972,...
Lithuania,1972,...
North Macedonia,1972,...
Montenegro,1972,...
Poland,1972,...
Romania,1972,...
Serbia,1972,...
Slovakia,1972,...
Slovenia,1972,...
Yugoslavia,1972,...
Armenia,1972,...
Azerbaijan,1972,...
Belarus,1972,...
Georgia,1972,...
Moldova,1972,...
Russia,1972,...
Ukraine,1972,...
USSR,1972,...
Austria,1972,0.0120228666458138
Belgium,1972,0.0288076004125292
Cyprus,1972,...
Denmark,1972,0.0217997334586636
Finland,1972,0.0153084554364898
France,1972,0.0323030459043129
Germany,1972,0.0315283099924127
Greece,1972,0.0395652514491618
Iceland,1972,...
Ireland,1972,0.0132881101131957
Italy,1972,0.0239117601629548
Luxembourg,1972,0.00738045903344618
Malta,1972,...
Netherlands,1972,0.028185399996365
Norway,1972,0.0329146596752231
Portugal,1972,0.0406104423642914
Spain,1972,0.0231778209800765
Sweden,1972,0.0340796434986602
Switzerland,1972,0.019681261245823
United Kingdom,1972,0.051710477559332
European Union,1972,xxx
Bahrain,1972,...
Egypt,1972,0.135645302897278
Iran,1972,0.0227537027764767
Iraq,1972,0.106410923728225
Israel,1972,0.203710188427547
Jordan,1972,0.183551847437426
Kuwait,1972,0.0203893442622951
Lebanon,1972,0.0509033778476041
Oman,1972,0.148615056818182
Qatar,1972,...
Saudi Arabia,1972,0.100815515709133
Syria,1972,0.107715648027742
Türkiye,1972,0.034455205811138
United Arab Emirates,1972,...
"Yemen, North",1972,...
Yemen,1972,...
Algeria,1973,0.0168816199376947
Libya,1973,0.0398486197684773
Morocco,1973,0.0306179775280899
Tunisia,1973,0.0139841917832016
Angola,1973,...
Benin,1973,0.0167752808988764
Botswana,1973,...
Burkina Faso,1973,0.0123518687329079
Burundi,1973,0.0194621227673989
Cameroon,1973,0.0176067415730337
Cape Verde,1973,...
Central African Republic,1973,...
Chad,1973,...
"Congo, DR",1973,3.48979591836735e-07
"Congo, Republic",1973,0.0422027290448343
Cote d'Ivoire,1973,0.0113034263511127
Djibouti,1973,...
Equatorial Guinea,1973,...
Eritrea,1973,...
Ethiopia,1973,0.0192555408221254
Gabon,1973,0.0130353817504655
"Gambia, The",1973,...
Ghana,1973,0.0136493432324386
Guinea,1973,...
Guinea-Bissau,1973,...
Kenya,1973,0.0165927802406586
Lesotho,1973,...
Liberia,1973,0.00968992248062015
Madagascar,1973,0.0152385752688172
Malawi,1973,0.0106043956043956
Mali,1973,0.0265580890336591
Mauritania,1973,...
Mauritius,1973,0.00188984881209503
Mozambique,1973,...
Namibia,1973,...
Niger,1973,...
Nigeria,1973,0.0547846811844983
Rwanda,1973,0.0188489208633094
Senegal,1973,...
Seychelles,1973,...
Sierra Leone,1973,0.0104246122552759
Somalia,1973,0.00505494505494506
South Africa,1973,0.0264690982776089
South Sudan,1973,...
Sudan,1973,0.0316211878009631
Eswatini,1973,...
Tanzania,1973,0.0417461650003816
Togo,1973,0.0169491525423729
Uganda,1973,0.0349577897160399
Zambia,1973,...
Zimbabwe,1973,0.0262585362905663
Belize,1973,...
Costa Rica,1973,...
Cuba,1973,...
Dominican Republic,1973,0.0179127393696422
El Salvador,1973,0.00864970611800008
Guatemala,1973,0.00910753901840968
Haiti,1973,...
Honduras,1973,0.0168337730870712
Jamaica,1973,...
Mexico,1973,0.0054421768707483
Nicaragua,1973,0.0142056716970161
Panama,1973,...
Trinidad and Tobago,1973,0.006834490289369
Canada,1973,0.0183260181767425
United States of America,1973,0.058938705911674
Argentina,1973,0.0184857142857143
Bolivia,1973,0.0162263620944444
Brazil,1973,0.0215465130649243
Chile,1973,0.0628382090072808
Colombia,1973,0.0169024510610298
Ecuador,1973,0.019765704092947
Guyana,1973,0.0164596273291925
Paraguay,1973,0.034174372291334
Peru,1973,0.0392538975501114
Uruguay,1973,0.0376415462709879
Venezuela,1973,0.0247098976109215
Australia,1973,0.0237934679594664
Fiji,1973,0.00218740762636713
New Zealand,1973,0.0197304054788564
Papua New Guinea,1973,...
Afghanistan,1973,0.0186891025641026
Bangladesh,1973,0.00656720536673466
India,1973,0.0315864376713433
Nepal,1973,0.0065768099398516
Pakistan,1973,0.0621064272703617
Sri Lanka,1973,0.00874809823951315
China,1973,...
Japan,1973,0.00815014489146474
"Korea, North",1973,...
"Korea, South",1973,0.0403473216443858
Mongolia,1973,...
Taiwan,1973,...
Brunei,1973,0.0328230653643877
Cambodia,1973,...
Indonesia,1973,...
Laos,1973,...
Malaysia,1973,0.0387224269614912
Myanmar,1973,0.0511394557823129
Philippines,1973,0.0281380492796106
Singapore,1973,0.0470463099329079
Thailand,1973,0.0288224303273153
Timor Leste,1973,...
Viet Nam,1973,...
Kazakhstan,1973,...
Kyrgyz Republic,1973,...
Tajikistan,1973,...
Turkmenistan,1973,...
Uzbekistan,1973,...
Albania,1973,...
Bosnia and Herzegovina,1973,...
Bulgaria,1973,...
Croatia,1973,...
Czechia,1973,...
Czechoslovakia,1973,...
Estonia,1973,...
German Democratic Republic,1973,...
Hungary,1973,0.0300699300699301
Kosovo,1973,...
Latvia,1973,...
Lithuania,1973,...
North Macedonia,1973,...
Montenegro,1973,...
Poland,1973,...
Romania,1973,...
Serbia,1973,...
Slovakia,1973,...
Slovenia,1973,...
Yugoslavia,1973,...
Armenia,1973,...
Azerbaijan,1973,...
Belarus,1973,...
Georgia,1973,...
Moldova,1973,...
Russia,1973,...
Ukraine,1973,...
USSR,1973,...
Austria,1973,0.011849885730058
Belgium,1973,0.0283531113278907
Cyprus,1973,...
Denmark,1973,0.0197580758328422
Finland,1973,0.0145370204008298
France,1973,0.0314371920479698
Germany,1973,0.0314497732538136
Greece,1973,0.035177090640908
Iceland,1973,...
Ireland,1973,0.0131269490105501
Italy,1973,0.0219581741427764
Luxembourg,1973,0.00706935166712404
Malta,1973,...
Netherlands,1973,0.0270299724962028
Norway,1973,0.0313360512105282
Portugal,1973,0.034795625646625
Spain,1973,0.0211074172547559
Sweden,1973,0.0327858730550753
Switzerland,1973,0.0186144856220206
United Kingdom,1973,0.0490616105746511
European Union,1973,xxx
Bahrain,1973,...
Egypt,1973,0.135135135135135
Iran,1973,0.0186470541876358
Iraq,1973,0.122583620265617
Israel,1973,0.27856092653735
Jordan,1973,0.186651583710407
Kuwait,1973,0.0252493765586035
Lebanon,1973,0.0381528931437421
Oman,1973,0.18595041322314
Qatar,1973,...
Saudi Arabia,1973,0.108404475911154
Syria,1973,0.150694655714431
Türkiye,1973,0.0334945054945055
United Arab Emirates,1973,...
"Yemen, North",1973,...
Yemen,1973,...
Algeria,1974,0.0195766814852145
Libya,1974,0.032912696368787
Morocco,1974,0.0314583333333333
Tunisia,1974,0.0131153895852177
Angola,1974,...
Benin,1974,0.0144237918215613
Botswana,1974,...
Burkina Faso,1974,0.0115190839694656
Burundi,1974,0.022250827510114
Cameroon,1974,0.016919407226959
Cape Verde,1974,...
Central African Republic,1974,...
Chad,1974,...
"Congo, DR",1974,5.26666666666667e-07
"Congo, Republic",1974,0.0424087591240876
Cote d'Ivoire,1974,0.0133964817320704
Djibouti,1974,...
Equatorial Guinea,1974,...
Eritrea,1974,...
Ethiopia,1974,0.0279458239277652
Gabon,1974,0.00679580306698951
"Gambia, The",1974,...
Ghana,1974,0.0158154506437768
Guinea,1974,...
Guinea-Bissau,1974,...
Kenya,1974,0.0177700255645505
Lesotho,1974,...
Liberia,1974,0.0093429158110883
Madagascar,1974,0.0167068919281309
Malawi,1974,0.00966955579631636
Mali,1974,0.0286591606960082
Mauritania,1974,...
Mauritius,1974,0.00139925373134328
Mozambique,1974,...
Namibia,1974,...
Niger,1974,...
Nigeria,1974,0.0434401142623954
Rwanda,1974,0.0147154471544715
Senegal,1974,...
Seychelles,1974,...
Sierra Leone,1974,0.0121389702804521
Somalia,1974,0.0072714916751614
South Africa,1974,0.030851992816305
South Sudan,1974,...
Sudan,1974,0.0256783587028458
Eswatini,1974,...
Tanzania,1974,0.053551331749406
Togo,1974,0.0149195462130839
Uganda,1974,0.0362484157160963
Zambia,1974,...
Zimbabwe,1974,0.0297699763949576
Belize,1974,...
Costa Rica,1974,...
Cuba,1974,...
Dominican Republic,1974,0.0196506550218341
El Salvador,1974,0.00801397476690848
Guatemala,1974,0.00898307765301281
Haiti,1974,...
Honduras,1974,0.0159886471144749
Jamaica,1974,...
Mexico,1974,0.00565744136934534
Nicaragua,1974,0.0145341316914625
Panama,1974,...
Trinidad and Tobago,1974,0.00420373506332435
Canada,1974,0.017838130850829
United States of America,1974,0.0595411119676015
Argentina,1974,0.0165918367346939
Bolivia,1974,0.0183665409751227
Brazil,1974,0.0194135341120892
Chile,1974,0.0710956116396779
Colombia,1974,0.0157578013524412
Ecuador,1974,0.0201588995612475
Guyana,1974,0.0285057471264368
Paraguay,1974,0.0256457242017884
Peru,1974,0.0393296089385475
Uruguay,1974,0.0453145622525297
Venezuela,1974,0.0230776084825804
Australia,1974,0.0226280269948392
Fiji,1974,0.00242222222222222
New Zealand,1974,0.0206537890044577
Papua New Guinea,1974,...
Afghanistan,1974,0.0161082474226804
Bangladesh,1974,0.00604303491769365
India,1974,0.0320282632441289
Nepal,1974,0.0060723646141802
Pakistan,1974,0.0609099631368984
Sri Lanka,1974,0.00795086449875899
China,1974,...
Japan,1974,0.00862068323351509
"Korea, North",1974,...
"Korea, South",1974,0.0454144562770677
Mongolia,1974,...
Taiwan,1974,...
Brunei,1974,0.0203233697729531
Cambodia,1974,...
Indonesia,1974,0.0270592080687337
Laos,1974,...
Malaysia,1974,0.0418234316213142
Myanmar,1974,0.0402108745089932
Philippines,1974,0.0355803925904335
Singapore,1974,0.0429417225052068
Thailand,1974,0.0265543855879087
Timor Leste,1974,...
Viet Nam,1974,...
Kazakhstan,1974,...
Kyrgyz Republic,1974,...
Tajikistan,1974,...
Turkmenistan,1974,...
Uzbekistan,1974,...
Albania,1974,...
Bosnia and Herzegovina,1974,...
Bulgaria,1974,...
Croatia,1974,...
Czechia,1974,...
Czechoslovakia,1974,...
Estonia,1974,...
German Democratic Republic,1974,...
Hungary,1974,0.032078413900646
Kosovo,1974,...
Latvia,1974,...
Lithuania,1974,...
North Macedonia,1974,...
Montenegro,1974,...
Poland,1974,...
Romania,1974,...
Serbia,1974,...
Slovakia,1974,...
Slovenia,1974,...
Yugoslavia,1974,...
Armenia,1974,...
Azerbaijan,1974,...
Belarus,1974,...
Georgia,1974,...
Moldova,1974,...
Russia,1974,...
Ukraine,1974,...
USSR,1974,...
Austria,1974,0.0127688251935917
Belgium,1974,0.0276141618803791
Cyprus,1974,...
Denmark,1974,0.0223484393156229
Finland,1974,0.0127017866747889
France,1974,0.0308644058078624
Germany,1974,0.0324603091379624
Greece,1974,0.0482446883464592
Iceland,1974,...
Ireland,1974,0.0140693235636944
Italy,1974,0.0207062677398957
Luxembourg,1974,0.00685000056287078
Malta,1974,...
Netherlands,1974,0.0265347166146325
Norway,1974,0.030355353426347
Portugal,1974,0.0434227985854624
Spain,1974,0.0220756393740679
Sweden,1974,0.0321539704912016
Switzerland,1974,0.0187597448618001
United Kingdom,1974,0.0506942711490535
European Union,1974,xxx
Bahrain,1974,...
Egypt,1974,0.172742435072671
Iran,1974,0.0875035024750824
Iraq,1974,0.12494819419775
Israel,1974,0.276552864420413
Jordan,1974,0.175099866844208
Kuwait,1974,0.032791185729276
Lebanon,1974,...
Oman,1974,0.155277044854881
Qatar,1974,...
Saudi Arabia,1974,...
Syria,1974,0.126601451562007
Türkiye,1974,0.0319302137958854
United Arab Emirates,1974,...
"Yemen, North",1974,...
Yemen,1974,...
Algeria,1975,0.0213109429304577
Libya,1975,0.0225396825396825
Morocco,1975,0.0460291288815609
Tunisia,1975,0.0173997932697829
Angola,1975,...
Benin,1975,0.0149290780141844
Botswana,1975,...
Burkina Faso,1975,0.0281118373275236
Burundi,1975,0.0205680705190989
Cameroon,1975,0.0172759393312651
Cape Verde,1975,...
Central African Republic,1975,...
Chad,1975,...
"Congo, DR",1975,4.53125e-07
"Congo, Republic",1975,0.0449749373433584
Cote d'Ivoire,1975,0.0117843019772319
Djibouti,1975,...
Equatorial Guinea,1975,...
Eritrea,1975,...
Ethiopia,1975,0.0449206211503427
Gabon,1975,0.00780709342560554
"Gambia, The",1975,...
Ghana,1975,0.0171493469619534
Guinea,1975,...
Guinea-Bissau,1975,...
Kenya,1975,0.0187890255439924
Lesotho,1975,...
Liberia,1975,0.00952380952380952
Madagascar,1975,0.0163714574898785
Malawi,1975,0.0152680762695866
Mali,1975,0.0316602316602317
Mauritania,1975,...
Mauritius,1975,0.00191744730679157
Mozambique,1975,...
Namibia,1975,...
Niger,1975,0.00870842572062084
Nigeria,1975,0.0812406844073322
Rwanda,1975,0.0162878787878788
Senegal,1975,...
Seychelles,1975,...
Sierra Leone,1975,0.0103020778767243
Somalia,1975,0.00516201117318436
South Africa,1975,0.0387495470832159
South Sudan,1975,...
Sudan,1975,0.0225108225108225
Eswatini,1975,...
Tanzania,1975,0.0536005470517069
Togo,1975,0.0185658612626656
Uganda,1975,0.0282293497363796
Zambia,1975,...
Zimbabwe,1975,0.0339944638894608
Belize,1975,...
Costa Rica,1975,...
Cuba,1975,...
Dominican Republic,1975,0.0183101330888278
El Salvador,1975,0.00830737938354675
Guatemala,1975,0.0123148656061437
Haiti,1975,...
Honduras,1975,0.0190391459074733
Jamaica,1975,...
Mexico,1975,0.00573584219616398
Nicaragua,1975,0.0174609414281405
Panama,1975,...
Trinidad and Tobago,1975,0.00438199279258882
Canada,1975,0.0186354185265607
United States of America,1975,0.0562267909613336
Argentina,1975,0.0204195804195804
Bolivia,1975,0.0237123711512529
Brazil,1975,0.0197214379625895
Chile,1975,0.0674253666077988
Colombia,1975,0.0174026807533756
Ecuador,1975,0.0236680898459254
Guyana,1975,0.0695810564663024
Paraguay,1975,0.0312500356436095
Peru,1975,0.0521628498727735
Uruguay,1975,0.0428606416850355
Venezuela,1975,0.0259102455546147
Australia,1975,0.0226731559253735
Fiji,1975,0.0030049786628734
New Zealand,1975,0.0208476174151526
Papua New Guinea,1975,0.00603585657370518
Afghanistan,1975,0.0172206572769953
Bangladesh,1975,0.00844783330921373
India,1975,0.0353459878110716
Nepal,1975,0.00682172824966878
Pakistan,1975,0.0632152024509398
Sri Lanka,1975,0.00803589569928886
China,1975,...
Japan,1975,0.00907387056975466
"Korea, North",1975,...
"Korea, South",1975,0.0487871647715607
Mongolia,1975,...
Taiwan,1975,...
Brunei,1975,0.035334247762056
Cambodia,1975,...
Indonesia,1975,0.0349218904488827
Laos,1975,...
Malaysia,1975,0.0472416263657532
Myanmar,1975,0.0377497124845594
Philippines,1975,...
Singapore,1975,0.0464925699300699
Thailand,1975,0.0279523275748385
Timor Leste,1975,...
Viet Nam,1975,...
Kazakhstan,1975,...
Kyrgyz Republic,1975,...
Tajikistan,1975,...
Turkmenistan,1975,...
Uzbekistan,1975,...
Albania,1975,...
Bosnia and Herzegovina,1975,...
Bulgaria,1975,...
Croatia,1975,...
Czechia,1975,...
Czechoslovakia,1975,...
Estonia,1975,...
German Democratic Republic,1975,...
Hungary,1975,0.0333540501346592
Kosovo,1975,...
Latvia,1975,...
Lithuania,1975,...
North Macedonia,1975,...
Montenegro,1975,...
Poland,1975,...
Romania,1975,...
Serbia,1975,...
Slovakia,1975,...
Slovenia,1975,...
Yugoslavia,1975,...
Armenia,1975,...
Azerbaijan,1975,...
Belarus,1975,...
Georgia,1975,...
Moldova,1975,...
Russia,1975,...
Ukraine,1975,...
USSR,1975,...
Austria,1975,0.0145127836371395
Belgium,1975,0.0306503453940771
Cyprus,1975,...
Denmark,1975,0.0239724954226188
Finland,1975,0.0150815981992122
France,1975,0.031971454640285
Germany,1975,0.0326800346106044
Greece,1975,0.0584732162220776
Iceland,1975,...
Ireland,1975,0.0162595896710865
Italy,1975,0.0197523216803617
Luxembourg,1975,0.00869718940134074
Malta,1975,...
Netherlands,1975,0.0284386012856602
Norway,1975,0.0320843028338556
Portugal,1975,0.0309510805560106
Spain,1975,0.0200426223337861
Sweden,1975,0.0308160313845438
Switzerland,1975,0.0190075273804003
United Kingdom,1975,0.0533960343915615
European Union,1975,xxx
Bahrain,1975,0.0152617985442592
Egypt,1975,0.154318460908719
Iran,1975,0.120691929092555
Iraq,1975,0.116746221161496
Israel,1975,0.304638027862708
Jordan,1975,0.152466367713004
Kuwait,1975,...
Lebanon,1975,...
Oman,1975,0.249585749792875
Qatar,1975,...
Saudi Arabia,1975,...
Syria,1975,0.1594892460067
Türkiye,1975,0.0511945392491468
United Arab Emirates,1975,...
"Yemen, North",1975,...
Yemen,1975,...
Algeria,1976,0.0270172122848464
Libya,1976,0.0196861626248217
Morocco,1976,0.0622043404047793
Tunisia,1976,0.0186239006725297
Angola,1976,...
Benin,1976,0.0128164794007491
Botswana,1976,...
Burkina Faso,1976,0.0312382864792503
Burundi,1976,0.0222360119971041
Cameroon,1976,0.0176232501521607
Cape Verde,1976,...
Central African Republic,1976,...
Chad,1976,...
"Congo, DR",1976,3.35789473684211e-07
"Congo, Republic",1976,0.047318339100346
Cote d'Ivoire,1976,0.0111888611210282
Djibouti,1976,...
Equatorial Guinea,1976,...
Eritrea,1976,...
Ethiopia,1976,0.0413172252533126
Gabon,1976,0.00668474481991378
"Gambia, The",1976,...
Ghana,1976,0.0156680968433956
Guinea,1976,...
Guinea-Bissau,1976,...
Kenya,1976,0.0248474297785776
Lesotho,1976,0.0155179127725857
Liberia,1976,0.0107256577844813
Madagascar,1976,0.0188020957370803
Malawi,1976,0.013733660130719
Mali,1976,0.0291153415453527
Mauritania,1976,...
Mauritius,1976,0.00187074829931973
Mozambique,1976,...
Namibia,1976,...
Niger,1976,0.0082177385456074
Nigeria,1976,0.0579139783442963
Rwanda,1976,0.0161389337641357
Senegal,1976,...
Seychelles,1976,...
Sierra Leone,1976,0.010920945395273
Somalia,1976,0.00517512790240063
South Africa,1976,0.0472799061209406
South Sudan,1976,...
Sudan,1976,0.0266666666666667
Eswatini,1976,...
Tanzania,1976,0.0468897170236291
Togo,1976,0.0249523110785033
Uganda,1976,0.0318528402592451
Zambia,1976,...
Zimbabwe,1976,0.0462671359762875
Belize,1976,...
Costa Rica,1976,...
Cuba,1976,...
Dominican Republic,1976,0.0192838162723017
El Salvador,1976,0.00881847195617408
Guatemala,1976,0.0127139028245481
Haiti,1976,...
Honduras,1976,0.0175816023738872
Jamaica,1976,0.00925307817831182
Mexico,1976,0.00598103574033552
Nicaragua,1976,0.020673642695843
Panama,1976,...
Trinidad and Tobago,1976,0.00504474181101716
Canada,1976,0.0176592797783934
United States of America,1976,0.0519107142902555
Argentina,1976,0.0378129117259552
Bolivia,1976,0.0236715657458444
Brazil,1976,0.0200275336513055
Chile,1976,0.0608505082532873
Colombia,1976,0.0149360287072351
Ecuador,1976,0.0220068766787297
Guyana,1976,0.0835260115606936
Paraguay,1976,0.0298995650695533
Peru,1976,0.0567691301504251
Uruguay,1976,0.0348156353853458
Venezuela,1976,0.0188749074759437
Australia,1976,0.0221661210675248
Fiji,1976,0.00396150761828388
New Zealand,1976,0.019360329054677
Papua New Guinea,1976,0.0163125877398222
Afghanistan,1976,0.0204608695652174
Bangladesh,1976,0.0152367897526514
India,1976,0.034778831428908
Nepal,1976,0.00856261175520563
Pakistan,1976,0.0588947199314555
Sri Lanka,1976,0.00659239148428964
China,1976,...
Japan,1976,0.00891651107922652
"Korea, North",1976,...
"Korea, South",1976,0.0590815568383151
Mongolia,1976,...
Taiwan,1976,0.0623631475373486
Brunei,1976,0.0475526862148403
Cambodia,1976,...
Indonesia,1976,0.0342186762528529
Laos,1976,...
Malaysia,1976,0.0398077265444187
Myanmar,1976,0.0379370693112626
Philippines,1976,0.0393133834052871
Singapore,1976,0.0504436104760064
Thailand,1976,0.0313142098580169
Timor Leste,1976,...
Viet Nam,1976,...
Kazakhstan,1976,...
Kyrgyz Republic,1976,...
Tajikistan,1976,...
Turkmenistan,1976,...
Uzbekistan,1976,...
Albania,1976,...
Bosnia and Herzegovina,1976,...
Bulgaria,1976,...
Croatia,1976,...
Czechia,1976,...
Czechoslovakia,1976,...
Estonia,1976,...
German Democratic Republic,1976,...
Hungary,1976,0.0300623936471923
Kosovo,1976,...
Latvia,1976,...
Lithuania,1976,...
North Macedonia,1976,...
Montenegro,1976,...
Poland,1976,...
Romania,1976,...
Serbia,1976,...
Slovakia,1976,...
Slovenia,1976,...
Yugoslavia,1976,...
Armenia,1976,...
Azerbaijan,1976,...
Belarus,1976,...
Georgia,1976,...
Moldova,1976,...
Russia,1976,...
Ukraine,1976,...
USSR,1976,...
Austria,1976,0.0136519681077057
Belgium,1976,0.0309336953424019
Cyprus,1976,...
Denmark,1976,0.02204203184792
Finland,1976,0.0134012461675403
France,1976,0.0315613958423347
Germany,1976,0.0312103802490174
Greece,1976,0.0582922738415295
Iceland,1976,...
Ireland,1976,0.0161516249948012
Italy,1976,0.0182814366885272
Luxembourg,1976,0.00890996863139468
Malta,1976,...
Netherlands,1976,0.0268890944936651
Norway,1976,0.0312402978167525
Portugal,1976,0.0235834695323792
Spain,1976,0.0232104693213536
Sweden,1976,0.0300311290223018
Switzerland,1976,0.0216258100873485
United Kingdom,1976,0.0517550333681554
European Union,1976,xxx
Bahrain,1976,0.0175228724031609
Egypt,1976,0.137268961121734
Iran,1976,0.112479723346227
Iraq,1976,0.111631001695606
Israel,1976,0.292455930986357
Jordan,1976,0.172410145755326
Kuwait,1976,...
Lebanon,1976,0.121249085142718
Oman,1976,0.230097252063779
Qatar,1976,...
Saudi Arabia,1976,...
Syria,1976,0.147259858442872
Türkiye,1976,0.0494302721088435
United Arab Emirates,1976,...
"Yemen, North",1976,...
Yemen,1976,...
Algeria,1977,0.0224195045907314
Libya,1977,0.0246399444733646
Morocco,1977,0.0661977491961415
Tunisia,1977,0.0238149550618185
Angola,1977,...
Benin,1977,0.0167878787878788
Botswana,1977,0.0135657256914742
Burkina Faso,1977,0.0304326663061114
Burundi,1977,0.0253338174190165
Cameroon,1977,0.0171585010760856
Cape Verde,1977,...
Central African Republic,1977,...
Chad,1977,...
"Congo, DR",1977,3.49242424242424e-07
"Congo, Republic",1977,0.0495321959273528
Cote d'Ivoire,1977,0.0079476861167002
Djibouti,1977,...
Equatorial Guinea,1977,...
Eritrea,1977,...
Ethiopia,1977,0.0396778085302675
Gabon,1977,0.0102970153578673
"Gambia, The",1977,...
Ghana,1977,0.012532473349458
Guinea,1977,...
Guinea-Bissau,1977,...
Kenya,1977,0.0374017554053641
Lesotho,1977,0.0143813206424747
Liberia,1977,0.0115156017830609
Madagascar,1977,0.0230719931638539
Malawi,1977,0.0168990384615385
Mali,1977,0.0312958435207824
Mauritania,1977,...
Mauritius,1977,0.00172730613744947
Mozambique,1977,...
Namibia,1977,...
Niger,1977,0.00936634349030471
Nigeria,1977,0.0602411790978115
Rwanda,1977,0.0215223463687151
Senegal,1977,...
Seychelles,1977,...
Sierra Leone,1977,0.0108841709217952
Somalia,1977,0.00460755813953488
South Africa,1977,0.052633345592313
South Sudan,1977,...
Sudan,1977,0.0261560342734242
Eswatini,1977,0.0178231939163498
Tanzania,1977,0.0547665234862131
Togo,1977,0.0307227488151659
Uganda,1977,0.0203606802466829
Zambia,1977,...
Zimbabwe,1977,0.0653812666116763
Belize,1977,...
Costa Rica,1977,...
Cuba,1977,...
Dominican Republic,1977,0.0188572300582067
El Salvador,1977,0.00971842225565606
Guatemala,1977,0.0137213757868808
Haiti,1977,...
Honduras,1977,0.019047619047619
Jamaica,1977,0.00941001252411739
Mexico,1977,0.0053425620505056
Nicaragua,1977,0.0246546314030727
Panama,1977,...
Trinidad and Tobago,1977,0.00489525807136788
Canada,1977,0.0180576360007784
United States of America,1977,0.0515561735127125
Argentina,1977,0.0400860009555662
Bolivia,1977,0.0224749944085215
Brazil,1977,0.0168772647800164
Chile,1977,0.0691524481356639
Colombia,1977,0.0143848721422287
Ecuador,1977,0.0308037216906285
Guyana,1977,0.0607458292443572
Paraguay,1977,0.0288864465534837
Peru,1977,0.0821438699309954
Uruguay,1977,0.037459201606829
Venezuela,1977,0.0206794682422452
Australia,1977,0.0224720220833707
Fiji,1977,0.00507575757575758
New Zealand,1977,0.0211589846359385
Papua New Guinea,1977,0.0125008863362405
Afghanistan,1977,0.020114747930775
Bangladesh,1977,0.0156997781312899
India,1977,0.0316277193712918
Nepal,1977,0.0089214308872798
Pakistan,1977,0.055474116781158
Sri Lanka,1977,0.00684373884143159
China,1977,...
Japan,1977,0.00890681061512105
"Korea, North",1977,...
"Korea, South",1977,0.0603493912122816
Mongolia,1977,...
Taiwan,1977,0.0691767376960008
Brunei,1977,0.0413717232894861
Cambodia,1977,...
Indonesia,1977,0.0320608920239654
Laos,1977,...
Malaysia,1977,0.0485466914038343
Myanmar,1977,0.0403977311094605
Philippines,1977,0.0362130898810836
Singapore,1977,0.0567716169437207
Thailand,1977,0.0348177335018462
Timor Leste,1977,...
Viet Nam,1977,...
Kazakhstan,1977,...
Kyrgyz Republic,1977,...
Tajikistan,1977,...
Turkmenistan,1977,...
Uzbekistan,1977,...
Albania,1977,...
Bosnia and Herzegovina,1977,...
Bulgaria,1977,...
Croatia,1977,...
Czechia,1977,...
Czechoslovakia,1977,...
Estonia,1977,...
German Democratic Republic,1977,...
Hungary,1977,0.029553264604811
Kosovo,1977,...
Latvia,1977,...
Lithuania,1977,...
North Macedonia,1977,...
Montenegro,1977,...
Poland,1977,...
Romania,1977,...
Serbia,1977,...
Slovakia,1977,...
Slovenia,1977,...
Yugoslavia,1977,...
Armenia,1977,...
Azerbaijan,1977,...
Belarus,1977,...
Georgia,1977,...
Moldova,1977,...
Russia,1977,...
Ukraine,1977,...
USSR,1977,...
Austria,1977,0.0134595189062191
Belgium,1977,0.0314324864709375
Cyprus,1977,...
Denmark,1977,0.0221630312859212
Finland,1977,0.0140535201149425
France,1977,0.0323156861034418
Germany,1977,0.030242158535872
Greece,1977,0.0591853565442111
Iceland,1977,...
Ireland,1977,0.0152517744005848
Italy,1977,0.0189080851218824
Luxembourg,1977,0.00906504943377878
Malta,1977,...
Netherlands,1977,0.0295445752206894
Norway,1977,0.0309817680596454
Portugal,1977,0.0207020884669032
Spain,1977,0.0231423266289489
Sweden,1977,0.0310108211536798
Switzerland,1977,0.0202208656286439
United Kingdom,1977,0.0492327762103886
European Union,1977,xxx
Bahrain,1977,0.0207792207792208
Egypt,1977,0.131120584652862
Iran,1977,0.101898301489818
Iraq,1977,0.0981281342579567
Israel,1977,0.23087213342599
Jordan,1977,0.125292953756037
Kuwait,1977,0.0529368213228036
Lebanon,1977,0.0473228442492987
Oman,1977,0.187816856780735
Qatar,1977,...
Saudi Arabia,1977,0.156488183967596
Syria,1977,0.145041276422463
Türkiye,1977,0.0471362302376219
United Arab Emirates,1977,...
"Yemen, North",1977,...
Yemen,1977,...
Algeria,1978,0.0237522893772894
Libya,1978,0.037992264416315
Morocco,1978,0.0583680870353581
Tunisia,1978,0.0248802286726519
Angola,1978,...
Benin,1978,0.0119430693069307
Botswana,1978,0.0287490900266925
Burkina Faso,1978,0.0328314606741573
Burundi,1978,0.0279637365243246
Cameroon,1978,0.0166511723995455
Cape Verde,1978,...
Central African Republic,1978,...
Chad,1978,...
"Congo, DR",1978,3.27322404371585e-07
"Congo, Republic",1978,0.0431971759959657
Cote d'Ivoire,1978,0.010980931015143
Djibouti,1978,0.000209424083769634
Equatorial Guinea,1978,...
Eritrea,1978,...
Ethiopia,1978,0.0481090245174752
Gabon,1978,...
"Gambia, The",1978,...
Ghana,1978,0.00851281806918898
Guinea,1978,...
Guinea-Bissau,1978,...
Kenya,1978,0.0519929215471476
Lesotho,1978,0.0150560828300259
Liberia,1978,0.012409369771333
Madagascar,1978,0.0241985203452528
Malawi,1978,0.0269451729736481
Mali,1978,0.0321395775941231
Mauritania,1978,...
Mauritius,1978,0.00172579098753595
Mozambique,1978,...
Namibia,1978,...
Niger,1978,0.00928173719376392
Nigeria,1978,0.0532604776301556
Rwanda,1978,0.0158816276202219
Senegal,1978,...
Seychelles,1978,...
Sierra Leone,1978,0.00999882366780379
Somalia,1978,0.00994988387727662
South Africa,1978,0.0456219888726238
South Sudan,1978,...
Sudan,1978,0.0204069088450427
Eswatini,1978,0.0243309620596206
Tanzania,1978,0.101091112561783
Togo,1978,0.0271428571428571
Uganda,1978,0.0196664990782638
Zambia,1978,...
Zimbabwe,1978,0.0799131353984741
Belize,1978,0.00575196524617294
Costa Rica,1978,...
Cuba,1978,...
Dominican Republic,1978,0.0217556606961811
El Salvador,1978,0.0111852601258792
Guatemala,1978,0.0118112181863108
Haiti,1978,...
Honduras,1978,0.0226961558715113
Jamaica,1978,...
Mexico,1978,0.00504834431419526
Nicaragua,1978,0.032219457323258
Panama,1978,...
Trinidad and Tobago,1978,0.0051405913726958
Canada,1978,0.0184888740061337
United States of America,1978,0.0494308724791688
Argentina,1978,0.0471914405808177
Bolivia,1978,0.0259897009809179
Brazil,1978,0.0159967155032807
Chile,1978,0.067281223205458
Colombia,1978,0.0155031940977911
Ecuador,1978,0.0214272648880295
Guyana,1978,0.0389084507042253
Paraguay,1978,0.0295853231831292
Peru,1978,0.0619970193740686
Uruguay,1978,0.0362107985774329
Venezuela,1978,0.0210576126818881
Australia,1978,0.0221568856991058
Fiji,1978,0.00873095000712149
New Zealand,1978,0.0220987144710461
Papua New Guinea,1978,0.0126644951140065
Afghanistan,1978,...
Bangladesh,1978,0.0126898518073211
India,1978,0.0312633170169882
Nepal,1978,0.00858464252509119
Pakistan,1978,0.0550329966329966
Sri Lanka,1978,0.00803000117192078
China,1978,...
Japan,1978,0.00891286374043561
"Korea, North",1978,...
"Korea, South",1978,0.0637145061919441
Mongolia,1978,...
Taiwan,1978,0.0701927829955512
Brunei,1978,0.0459571480340641
Cambodia,1978,...
Indonesia,1978,0.0316319352853249
Laos,1978,...
Malaysia,1978,0.037111334002006
Myanmar,1978,0.0392138364779874
Philippines,1978,0.0258176721881701
Singapore,1978,0.0519523729007696
Thailand,1978,0.039237142330459
Timor Leste,1978,...
Viet Nam,1978,...
Kazakhstan,1978,...
Kyrgyz Republic,1978,...
Tajikistan,1978,...
Turkmenistan,1978,...
Uzbekistan,1978,...
Albania,1978,...
Bosnia and Herzegovina,1978,...
Bulgaria,1978,...
Croatia,1978,...
Czechia,1978,...
Czechoslovakia,1978,...
Estonia,1978,...
German Democratic Republic,1978,...
Hungary,1978,0.0323963792282039
Kosovo,1978,...
Latvia,1978,...
Lithuania,1978,...
North Macedonia,1978,...
Montenegro,1978,...
Poland,1978,...
Romania,1978,...
Serbia,1978,...
Slovakia,1978,...
Slovenia,1978,...
Yugoslavia,1978,...
Armenia,1978,...
Azerbaijan,1978,...
Belarus,1978,...
Georgia,1978,...
Moldova,1978,...
Russia,1978,...
Ukraine,1978,...
USSR,1978,...
Austria,1978,0.0142921261189068
Belgium,1978,0.0326152206121967
Cyprus,1978,...
Denmark,1978,0.0227182119452819
Finland,1978,0.0142944410507025
France,1978,0.0315148731411781
Germany,1978,0.0303531502721566
Greece,1978,0.0557544451249418
Iceland,1978,...
Ireland,1978,0.0148308354739001
Italy,1978,0.0187975510456818
Luxembourg,1978,0.00929190840976478
Malta,1978,...
Netherlands,1978,0.0274707053060561
Norway,1978,0.0284131892913699
Portugal,1978,0.0209388501450419
Spain,1978,0.0235795730062073
Sweden,1978,0.0314777548793793
Switzerland,1978,0.019673644305258
United Kingdom,1978,0.0473304308586993
European Union,1978,xxx
Bahrain,1978,0.0495813133539004
Egypt,1978,0.0994071348257181
Iran,1978,0.111132050910914
Iraq,1978,0.0811775941535523
Israel,1978,0.228911349757844
Jordan,1978,0.117174927582877
Kuwait,1978,0.0476078799249531
Lebanon,1978,0.0848960109103307
Oman,1978,0.20949941915725
Qatar,1978,...
Saudi Arabia,1978,0.167365737918065
Syria,1978,0.14705609929297
Türkiye,1978,0.0418730640369176
United Arab Emirates,1978,...
"Yemen, North",1978,...
Yemen,1978,...
Algeria,1979,0.0213869586579631
Libya,1979,0.0322074942645934
Morocco,1979,0.0563346228239845
Tunisia,1979,0.0223819301848049
Angola,1979,...
Benin,1979,0.0193046003441345
Botswana,1979,0.0350149938260716
Burkina Faso,1979,0.0269861386138614
Burundi,1979,0.0264371530123667
Cameroon,1979,0.0165536374845869
Cape Verde,1979,...
Central African Republic,1979,...
Chad,1979,...
"Congo, DR",1979,2.97297297297297e-07
"Congo, Republic",1979,0.0439371316306483
Cote d'Ivoire,1979,0.0112377230421145
Djibouti,1979,0.000175054704595186
Equatorial Guinea,1979,...
Eritrea,1979,...
Ethiopia,1979,0.0688658800866843
Gabon,1979,0.0187713310580205
"Gambia, The",1979,...
Ghana,1979,0.00646304301608674
Guinea,1979,...
Guinea-Bissau,1979,...
Kenya,1979,0.0550160584679969
Lesotho,1979,0.0185120753172329
Liberia,1979,0.0115464930598207
Madagascar,1979,0.0292723911947572
Malawi,1979,0.0406593406593407
Mali,1979,0.0296610169491525
Mauritania,1979,...
Mauritius,1979,0.00204842931937173
Mozambique,1979,...
Namibia,1979,...
Niger,1979,0.00839124548736462
Nigeria,1979,0.0432233407904549
Rwanda,1979,0.0174743326488706
Senegal,1979,0.0343113465481887
Seychelles,1979,...
Sierra Leone,1979,0.0110765643218033
Somalia,1979,0.0097466103578573
South Africa,1979,0.0386307372855086
South Sudan,1979,...
Sudan,1979,0.0259315206445116
Eswatini,1979,0.0245841697734442
Tanzania,1979,0.0850260452553537
Togo,1979,0.0224906015037594
Uganda,1979,0.0168720017444396
Zambia,1979,...
Zimbabwe,1979,0.0852052148720425
Belize,1979,0.00799043909348442
Costa Rica,1979,...
Cuba,1979,...
Dominican Republic,1979,0.0218229431876046
El Salvador,1979,0.0157765362430514
Guatemala,1979,0.013066782558308
Haiti,1979,...
Honduras,1979,0.0223954802259887
Jamaica,1979,...
Mexico,1979,0.00505297473512632
Nicaragua,1979,0.0310478654592497
Panama,1979,...
Trinidad and Tobago,1979,0.00591401256586214
Canada,1979,0.0171124591794032
United States of America,1979,0.0495199153527265
Argentina,1979,0.0467335625570135
Bolivia,1979,0.0270846107783402
Brazil,1979,0.0152193168607333
Chile,1979,0.0633255633255633
Colombia,1979,0.0167392876970441
Ecuador,1979,0.019874937490116
Guyana,1979,0.0371501272264631
Paraguay,1979,0.0202639826239285
Peru,1979,0.0335243553008596
Uruguay,1979,0.0380043383947939
Venezuela,1979,0.0191585635891018
Australia,1979,0.0219272937103289
Fiji,1979,0.00938856941673512
New Zealand,1979,0.021596362717858
Papua New Guinea,1979,0.0121030962720659
Afghanistan,1979,...
Bangladesh,1979,0.00934292961052104
India,1979,0.0326132865787541
Nepal,1979,0.00911205723565817
Pakistan,1979,0.0545327429503612
Sri Lanka,1979,0.00834462748391777
China,1979,...
Japan,1979,0.00907392110929058
"Korea, North",1979,...
"Korea, South",1979,0.055258765683501
Mongolia,1979,...
Taiwan,1979,0.0758445391931781
Brunei,1979,0.0611536632169392
Cambodia,1979,...
Indonesia,1979,0.0302025891948266
Laos,1979,...
Malaysia,1979,0.0367051525073238
Myanmar,1979,0.035575807318937
Philippines,1979,0.0296493107109859
Singapore,1979,0.0465201551854656
Thailand,1979,0.0438091940571985
Timor Leste,1979,...
Viet Nam,1979,...
Kazakhstan,1979,...
Kyrgyz Republic,1979,...
Tajikistan,1979,...
Turkmenistan,1979,...
Uzbekistan,1979,...
Albania,1979,...
Bosnia and Herzegovina,1979,...
Bulgaria,1979,...
Croatia,1979,...
Czechia,1979,...
Czechoslovakia,1979,...
Estonia,1979,...
German Democratic Republic,1979,...
Hungary,1979,0.0323904440861791
Kosovo,1979,...
Latvia,1979,...
Lithuania,1979,...
North Macedonia,1979,...
Montenegro,1979,...
Poland,1979,...
Romania,1979,...
Serbia,1979,...
Slovakia,1979,...
Slovenia,1979,...
Yugoslavia,1979,...
Armenia,1979,...
Azerbaijan,1979,...
Belarus,1979,...
Georgia,1979,...
Moldova,1979,...
Russia,1979,...
Ukraine,1979,...
USSR,1979,...
Austria,1979,0.0143384573169429
Belgium,1979,0.0326134501753371
Cyprus,1979,...
Denmark,1979,0.0225152737235981
Finland,1979,0.0147900930967855
France,1979,0.0313939544307514
Germany,1979,0.0295044791851167
Greece,1979,0.05181248328693
Iceland,1979,...
Ireland,1979,0.0158220056709233
Italy,1979,0.0187395946663968
Luxembourg,1979,0.00918695859255975
Malta,1979,...
Netherlands,1979,0.0284023282824093
Norway,1979,0.0276654591368918
Portugal,1979,0.0202862086839682
Spain,1979,0.024970649013133
Sweden,1979,0.0312335742266503
Switzerland,1979,0.0203979942603046
United Kingdom,1979,0.0467975756747534
European Union,1979,xxx
Bahrain,1979,0.0589275191514437
Egypt,1979,0.064689378757515
Iran,1979,0.0579724702809783
Iraq,1979,0.0614876787611163
Israel,1979,0.193846931894808
Jordan,1979,0.122138026147716
Kuwait,1979,0.0354852812591081
Lebanon,1979,0.100717488789238
Oman,1979,0.156407473447554
Qatar,1979,...
Saudi Arabia,1979,0.157688118060346
Syria,1979,0.159285677631241
Türkiye,1979,0.0335725855800727
United Arab Emirates,1979,...
"Yemen, North",1979,...
Yemen,1979,...
Algeria,1980,0.0210206329573495
Libya,1980,0.0292236435818262
Morocco,1980,0.0594007288432987
Tunisia,1980,0.0202871934365134
Angola,1980,...
Benin,1980,0.0203165141910241
Botswana,1980,0.0320762052877138
Burkina Faso,1980,0.0274669117647059
Burundi,1980,0.0291880336888339
Cameroon,1980,0.0155581772599912
Cape Verde,1980,...
Central African Republic,1980,...
Chad,1980,...
"Congo, DR",1980,...
"Congo, Republic",1980,0.0336598224195339
Cote d'Ivoire,1980,0.0116428671100981
Djibouti,1980,0.00535539601744234
Equatorial Guinea,1980,...
Eritrea,1980,...
Ethiopia,1980,0.0870858213323967
Gabon,1980,0.0160362751603628
"Gambia, The",1980,...
Ghana,1980,0.00773574778895293
Guinea,1980,0.00902357645982379
Guinea-Bissau,1980,...
Kenya,1980,0.0451531983515499
Lesotho,1980,0.0315853658536585
Liberia,1980,0.0149175149175149
Madagascar,1980,0.0276891852710931
Malawi,1980,0.0175835370823146
Mali,1980,0.0207929560652539
Mauritania,1980,...
Mauritius,1980,0.00489249166379211
Mozambique,1980,0.0185714285714286
Namibia,1980,...
Niger,1980,0.00671391271913465
Nigeria,1980,0.0329560373980505
Rwanda,1980,0.0187685185185185
Senegal,1980,0.0275527027027027
Seychelles,1980,...
Sierra Leone,1980,0.00587407667956384
Somalia,1980,0.00549735206078747
South Africa,1980,0.0330463366071471
South Sudan,1980,...
Sudan,1980,0.0230270466802674
Eswatini,1980,0.0242353888796759
Tanzania,1980,0.0452063250866613
Togo,1980,0.0219463087248322
Uganda,1980,0.0221722509557005
Zambia,1980,...
Zimbabwe,1980,0.0662908562787285
Belize,1980,0.00863782257029144
Costa Rica,1980,...
Cuba,1980,...
Dominican Republic,1980,0.0158354321564842
El Salvador,1980,0.017363364875446
Guatemala,1980,0.0131685153691905
Haiti,1980,...
Honduras,1980,0.0222135619641465
Jamaica,1980,...
Mexico,1980,0.00416107382550336
Nicaragua,1980,0.033461804193077
Panama,1980,...
Trinidad and Tobago,1980,0.00592171641242541
Canada,1980,0.0176444861477782
United States of America,1980,0.0515353746651636
Argentina,1980,0.0309895833333333
Bolivia,1980,0.0317239989323544
Brazil,1980,0.0113843442074363
Chile,1980,0.0648209286969784
Colombia,1980,0.0183012164926257
Ecuador,1980,0.0178122469851281
Guyana,1980,0.0370026525198939
Paraguay,1980,0.0218144922143015
Peru,1980,0.0455906821963394
Uruguay,1980,0.046961086286929
Venezuela,1980,0.016955153422502
Australia,1980,0.0224895690403517
Fiji,1980,0.00862051438446681
New Zealand,1980,0.0302279053583855
Papua New Guinea,1980,0.0140308322552824
Afghanistan,1980,...
Bangladesh,1980,0.00857420859311264
India,1980,0.0313378132972583
Nepal,1980,0.0103207571410218
Pakistan,1980,0.0552324446699715
Sri Lanka,1980,0.00765779307649526
China,1980,...
Japan,1980,0.00906794213450064
"Korea, North",1980,...
"Korea, South",1980,0.0639877211320904
Mongolia,1980,...
Taiwan,1980,0.072900418684837
Brunei,1980,0.0288887204366283
Cambodia,1980,...
Indonesia,1980,0.0291721769056258
Laos,1980,...
Malaysia,1980,0.0423013431379905
Myanmar,1980,0.0342212955528504
Philippines,1980,0.0270975470668598
Singapore,1980,0.046368613562022
Thailand,1980,0.0424445494368149
Timor Leste,1980,...
Viet Nam,1980,...
Kazakhstan,1980,...
Kyrgyz Republic,1980,...
Tajikistan,1980,...
Turkmenistan,1980,...
Uzbekistan,1980,...
Albania,1980,0.0605202163275818
Bosnia and Herzegovina,1980,...
Bulgaria,1980,...
Croatia,1980,...
Czechia,1980,...
Czechoslovakia,1980,...
Estonia,1980,...
German Democratic Republic,1980,...
Hungary,1980,0.0334257975034674
Kosovo,1980,...
Latvia,1980,...
Lithuania,1980,...
North Macedonia,1980,...
Montenegro,1980,...
Poland,1980,0.0265232974910394
Romania,1980,0.0220454265465839
Serbia,1980,...
Slovakia,1980,...
Slovenia,1980,...
Yugoslavia,1980,...
Armenia,1980,...
Azerbaijan,1980,...
Belarus,1980,...
Georgia,1980,...
Moldova,1980,...
Russia,1980,...
Ukraine,1980,...
USSR,1980,...
Austria,1980,0.0142024610611492
Belgium,1980,0.0325019538550409
Cyprus,1980,...
Denmark,1980,0.0236309252270559
Finland,1980,0.0167093547993658
France,1980,0.0315520508491915
Germany,1980,0.0294762841980312
Greece,1980,0.046608059951787
Iceland,1980,...
Ireland,1980,0.0166526701222097
Italy,1980,0.0176364323708972
Luxembourg,1980,0.0104184420341133
Malta,1980,...
Netherlands,1980,0.0278429856620748
Norway,1980,0.0261901886888382
Portugal,1980,0.0202672491054328
Spain,1980,0.0248989578488601
Sweden,1980,0.0292345159602684
Switzerland,1980,0.0167860654586318
United Kingdom,1980,0.0501990345888742
European Union,1980,xxx
Bahrain,1980,0.0569889130660035
Egypt,1980,0.0616031027795734
Iran,1980,0.0534315018542368
Iraq,1980,0.0551152466705124
Israel,1980,0.189193366304698
Jordan,1980,0.106458785854718
Kuwait,1980,0.0331399097356544
Lebanon,1980,0.123571428571429
Oman,1980,0.149098813070874
Qatar,1980,0.0786868087778669
Saudi Arabia,1980,0.126133592387894
Syria,1980,0.172498537156232
Türkiye,1980,0.0390031329667967
United Arab Emirates,1980,...
"Yemen, North",1980,...
Yemen,1980,...
Algeria,1981,0.0181804887475257
Libya,1981,0.0175511376328302
Morocco,1981,0.0638459397221449
Tunisia,1981,0.0248107779270096
Angola,1981,...
Benin,1981,0.0155137131923036
Botswana,1981,0.0297829811536265
Burkina Faso,1981,0.0284268969771746
Burundi,1981,0.0303033024268684
Cameroon,1981,0.0181891560899577
Cape Verde,1981,...
Central African Republic,1981,...
Chad,1981,...
"Congo, DR",1981,...
"Congo, Republic",1981,0.031870961786967
Cote d'Ivoire,1981,0.0109103604783102
Djibouti,1981,0.0141532600122037
Equatorial Guinea,1981,...
Eritrea,1981,...
Ethiopia,1981,0.0753695803155075
Gabon,1981,0.0228680323963792
"Gambia, The",1981,...
Ghana,1981,0.00741113531698977
Guinea,1981,0.00793828345445229
Guinea-Bissau,1981,...
Kenya,1981,0.0422532483879088
Lesotho,1981,0.0331151035322777
Liberia,1981,0.0311281748375665
Madagascar,1981,0.0297845373891001
Malawi,1981,0.0127449168207024
Mali,1981,0.0196076196121795
Mauritania,1981,...
Mauritius,1981,0.00466745028896072
Mozambique,1981,0.0278571428571429
Namibia,1981,...
Niger,1981,0.00631753948462178
Nigeria,1981,0.0277007205001291
Rwanda,1981,0.0203915171288744
Senegal,1981,0.0273441483198146
Seychelles,1981,...
Sierra Leone,1981,0.00543833580980684
Somalia,1981,0.00607709750566893
South Africa,1981,0.0363812916270383
South Sudan,1981,...
Sudan,1981,0.0178180681462957
Eswatini,1981,0.021661010181673
Tanzania,1981,0.0558429391878131
Togo,1981,0.0237248062015504
Uganda,1981,0.0188803627485176
Zambia,1981,...
Zimbabwe,1981,0.0486431834635644
Belize,1981,0.0115896992837435
Costa Rica,1981,...
Cuba,1981,...
Dominican Republic,1981,0.0172012825276253
El Salvador,1981,0.0227954641554224
Guatemala,1981,0.0188944910430075
Haiti,1981,...
Honduras,1981,0.0214577052668913
Jamaica,1981,0.0150794248996589
Mexico,1981,0.00513301014380576
Nicaragua,1981,0.0433559111285625
Panama,1981,...
Trinidad and Tobago,1981,0.00513444457963256
Canada,1981,0.017099156381512
United States of America,1981,0.0564654125624258
Argentina,1981,0.0346534653465347
Bolivia,1981,0.0390220332170092
Brazil,1981,0.0114314876818876
Chile,1981,0.0702211888902853
Colombia,1981,0.0175512036191792
Ecuador,1981,0.0167784031835944
Guyana,1981,0.039448966812774
Paraguay,1981,0.0252786018286072
Peru,1981,0.0398481973434535
Uruguay,1981,0.0625546127902134
Venezuela,1981,0.0152168577539357
Australia,1981,0.0229660194471064
Fiji,1981,0.00919420509421456
New Zealand,1981,0.0272937506722599
Papua New Guinea,1981,0.0140963855421687
Afghanistan,1981,...
Bangladesh,1981,0.00915831691308672
India,1981,0.0318624812218328
Nepal,1981,0.00992053319661625
Pakistan,1981,0.0571087057573544
Sri Lanka,1981,0.0062679842362214
China,1981,...
Japan,1981,0.0091664815297164
"Korea, North",1981,...
"Korea, South",1981,0.0641585729782663
Mongolia,1981,...
Taiwan,1981,0.0664804107159774
Brunei,1981,0.0355618190687842
Cambodia,1981,...
Indonesia,1981,0.0288462200140382
Laos,1981,...
Malaysia,1981,0.0578515265651849
Myanmar,1981,0.0345682035495231
Philippines,1981,0.0275572096194548
Singapore,1981,0.0474135516251602
Thailand,1981,0.040631625186097
Timor Leste,1981,...
Viet Nam,1981,...
Kazakhstan,1981,...
Kyrgyz Republic,1981,...
Tajikistan,1981,...
Turkmenistan,1981,...
Uzbekistan,1981,...
Albania,1981,0.0584831705344366
Bosnia and Herzegovina,1981,...
Bulgaria,1981,...
Croatia,1981,...
Czechia,1981,...
Czechoslovakia,1981,...
Estonia,1981,...
German Democratic Republic,1981,...
Hungary,1981,0.0333376073855623
Kosovo,1981,...
Latvia,1981,...
Lithuania,1981,...
North Macedonia,1981,...
Montenegro,1981,...
Poland,1981,0.0291318561569197
Romania,1981,0.0220122357890417
Serbia,1981,...
Slovakia,1981,...
Slovenia,1981,...
Yugoslavia,1981,...
Armenia,1981,...
Azerbaijan,1981,...
Belarus,1981,...
Georgia,1981,...
Moldova,1981,...
Russia,1981,...
Ukraine,1981,...
USSR,1981,...
Austria,1981,0.0138005173349012
Belgium,1981,0.0336604943606586
Cyprus,1981,...
Denmark,1981,0.0243866639204741
Finland,1981,0.0154558673057246
France,1981,0.0324613261046416
Germany,1981,0.0302778521542503
Greece,1981,0.057357013089349
Iceland,1981,...
Ireland,1981,0.0158060661844101
Italy,1981,0.0182111250603573
Luxembourg,1981,0.0109342002947633
Malta,1981,...
Netherlands,1981,0.0286311944233433
Norway,1981,0.0262397215285996
Portugal,1981,0.0200267383908056
Spain,1981,0.0258210874483481
Sweden,1981,0.0294823714687051
Switzerland,1981,0.0166280222143271
United Kingdom,1981,0.0498376336921746
European Union,1981,xxx
Bahrain,1981,0.069025815655055
Egypt,1981,0.0741690962099125
Iran,1981,0.0819038082342705
Iraq,1981,0.108295344412937
Israel,1981,0.202622686197897
Jordan,1981,0.100089735625043
Kuwait,1981,0.0412700667708481
Lebanon,1981,0.0958333333333333
Oman,1981,0.157134256472005
Qatar,1981,0.122168018246325
Saudi Arabia,1981,0.132652388797364
Syria,1981,0.145461179439622
Türkiye,1981,0.0382453186997909
United Arab Emirates,1981,...
"Yemen, North",1981,...
Yemen,1981,...
Algeria,1982,0.0206309744064138
Libya,1982,0.022405257767156
Morocco,1982,0.0622086827346416
Tunisia,1982,0.0369190356881172
Angola,1982,...
Benin,1982,0.0104929864960155
Botswana,1982,0.0269474386042894
Burkina Faso,1982,0.030033036339974
Burundi,1982,0.0350702489000361
Cameroon,1982,0.0199051914580265
Cape Verde,1982,...
Central African Republic,1982,...
Chad,1982,...
"Congo, DR",1982,...
"Congo, Republic",1982,0.0334504567814476
Cote d'Ivoire,1982,0.011421677056103
Djibouti,1982,0.074850640113798
Equatorial Guinea,1982,...
Eritrea,1982,...
Ethiopia,1982,0.0753901842798044
Gabon,1982,0.0244764067625536
"Gambia, The",1982,...
Ghana,1982,...
Guinea,1982,0.00639108637534101
Guinea-Bissau,1982,8.69457771777129e-05
Kenya,1982,0.0457278317930395
Lesotho,1982,0.0435773665862161
Liberia,1982,0.0501794189142262
Madagascar,1982,...
Malawi,1982,0.00936369615258139
Mali,1982,0.0210679495672383
Mauritania,1982,...
Mauritius,1982,0.0026226012793177
Mozambique,1982,0.0281884057971015
Namibia,1982,...
Niger,1982,0.00633484162895928
Nigeria,1982,0.0226720169230048
Rwanda,1982,0.0200305576776165
Senegal,1982,0.0234951076320939
Seychelles,1982,...
Sierra Leone,1982,0.00432846895869404
Somalia,1982,0.00288266620855523
South Africa,1982,0.0361409329641932
South Sudan,1982,...
Sudan,1982,0.0244047619047619
Eswatini,1982,0.021995610023779
Tanzania,1982,0.0549760201527605
Togo,1982,0.0225917686318131
Uganda,1982,0.019759846301633
Zambia,1982,...
Zimbabwe,1982,0.0512254528847618
Belize,1982,0.0143758716875872
Costa Rica,1982,...
Cuba,1982,...
Dominican Republic,1982,0.0158204007834865
El Salvador,1982,0.027763365312517
Guatemala,1982,0.0202571867758735
Haiti,1982,...
Honduras,1982,0.0230755984157052
Jamaica,1982,0.0162772067972252
Mexico,1982,0.00495419417575106
Nicaragua,1982,...
Panama,1982,...
Trinidad and Tobago,1982,...
Canada,1982,0.01954343585383
United States of America,1982,0.0681405709441284
Argentina,1982,0.0270455793520044
Bolivia,1982,0.019818473003102
Brazil,1982,0.0130353436107498
Chile,1982,0.0887726773839499
Colombia,1982,0.0171385095903576
Ecuador,1982,0.0165400283130616
Guyana,1982,0.0512655601659751
Paraguay,1982,0.0380329757549991
Peru,1982,0.0511265164644714
Uruguay,1982,0.0644930689376515
Venezuela,1982,0.0224877261647269
Australia,1982,0.0239326521613692
Fiji,1982,0.0115496779857107
New Zealand,1982,0.0258285841637747
Papua New Guinea,1982,...
Afghanistan,1982,...
Bangladesh,1982,0.0106086968537316
India,1982,0.0334511766555139
Nepal,1982,0.0108945398218665
Pakistan,1982,0.0637571708663133
Sri Lanka,1982,0.00544740925855015
China,1982,...
Japan,1982,0.00926375566882048
"Korea, North",1982,...
"Korea, South",1982,0.0624089448534207
Mongolia,1982,...
Taiwan,1982,0.0699032291680639
Brunei,1982,0.0396318009972056
Cambodia,1982,...
Indonesia,1982,0.0290192826971126
Laos,1982,...
Malaysia,1982,0.0536761533421755
Myanmar,1982,0.0321826066522826
Philippines,1982,0.0259728794963065
Singapore,1982,0.0465119017480232
Thailand,1982,0.041203692151208
Timor Leste,1982,...
Viet Nam,1982,...
Kazakhstan,1982,...
Kyrgyz Republic,1982,...
Tajikistan,1982,...
Turkmenistan,1982,...
Uzbekistan,1982,...
Albania,1982,0.0565159574468085
Bosnia and Herzegovina,1982,...
Bulgaria,1982,...
Croatia,1982,...
Czechia,1982,...
Czechoslovakia,1982,...
Estonia,1982,...
German Democratic Republic,1982,...
Hungary,1982,0.0324330699374926
Kosovo,1982,...
Latvia,1982,...
Lithuania,1982,...
North Macedonia,1982,...
Montenegro,1982,...
Poland,1982,0.0324558240173098
Romania,1982,0.0204021589993593
Serbia,1982,...
Slovakia,1982,...
Slovenia,1982,...
Yugoslavia,1982,...
Armenia,1982,...
Azerbaijan,1982,...
Belarus,1982,...
Georgia,1982,...
Moldova,1982,...
Russia,1982,...
Ukraine,1982,...
USSR,1982,...
Austria,1982,0.0141299673018358
Belgium,1982,0.0326994459142415
Cyprus,1982,...
Denmark,1982,0.0241989502520681
Finland,1982,0.016437501499772
France,1982,0.032238391338373
Germany,1982,0.0302023629678599
Greece,1982,0.0562659345822855
Iceland,1982,...
Ireland,1982,0.0159123694788544
Italy,1982,0.020053729031431
Luxembourg,1982,0.0107715200754963
Malta,1982,...
Netherlands,1982,0.031414705898142
Norway,1982,0.0274459210641682
Portugal,1982,0.0203513354054572
Spain,1982,0.0266030674579303
Sweden,1982,0.0285375478407458
Switzerland,1982,0.0172819451127189
United Kingdom,1982,0.0538132652115477
European Union,1982,xxx
Bahrain,1982,0.0853516194922673
Egypt,1982,0.0718896060538616
Iran,1982,0.0790689063839738
Iraq,1982,...
Israel,1982,0.183882100800596
Jordan,1982,0.0993969514227704
Kuwait,1982,0.0595429674927583
Lebanon,1982,0.0928645130565918
Oman,1982,0.166660292205309
Qatar,1982,0.192773867532936
Saudi Arabia,1982,0.17720246395916
Syria,1982,0.155593998953306
Türkiye,1982,0.0429815131212685
United Arab Emirates,1982,...
"Yemen, North",1982,...
Yemen,1982,...
Algeria,1983,0.0195121325165132
Libya,1983,...
Morocco,1983,0.0450565855036211
Tunisia,1983,0.0416725834904527
Angola,1983,...
Benin,1983,0.0118897067654805
Botswana,1983,0.0232633769837828
Burkina Faso,1983,0.0293218341631388
Burundi,1983,0.0310480892586401
Cameroon,1983,0.0189068408387762
Cape Verde,1983,...
Central African Republic,1983,...
Chad,1983,0.031245638629608
"Congo, DR",1983,...
"Congo, Republic",1983,...
Cote d'Ivoire,1983,0.0111504662496642
Djibouti,1983,0.0765969316596932
Equatorial Guinea,1983,...
Eritrea,1983,...
Ethiopia,1983,0.071796178343949
Gabon,1983,0.0255358662849184
"Gambia, The",1983,0.00340909030378368
Ghana,1983,0.00341179539008248
Guinea,1983,...
Guinea-Bissau,1983,0.000134783154640054
Kenya,1983,0.0419523392431061
Lesotho,1983,0.0401305683563748
Liberia,1983,0.0470609667233422
Madagascar,1983,...
Malawi,1983,0.00743801652892562
Mali,1983,0.0198366008623087
Mauritania,1983,...
Mauritius,1983,0.00269137350152785
Mozambique,1983,0.0354090909090909
Namibia,1983,...
Niger,1983,0.0068519866103915
Nigeria,1983,0.0221984130271864
Rwanda,1983,0.0189514426460239
Senegal,1983,0.0254588457899716
Seychelles,1983,...
Sierra Leone,1983,0.00360747663551402
Somalia,1983,0.00239324528624811
South Africa,1983,0.0360464820498906
South Sudan,1983,...
Sudan,1983,0.0326868598823273
Eswatini,1983,0.0225586611456177
Tanzania,1983,0.0541431948863139
Togo,1983,0.0209697986577181
Uganda,1983,0.0221853846153846
Zambia,1983,...
Zimbabwe,1983,0.0556085058152265
Belize,1983,0.0153438103553192
Costa Rica,1983,...
Cuba,1983,...
Dominican Republic,1983,0.0136650543348589
El Salvador,1983,0.0355144989362715
Guatemala,1983,0.0203593409871932
Haiti,1983,...
Honduras,1983,0.0227494312642184
Jamaica,1983,0.0138598924669679
Mexico,1983,0.00522866313988212
Nicaragua,1983,...
Panama,1983,...
Trinidad and Tobago,1983,...
Canada,1983,0.0208119624877852
United States of America,1983,0.0632114425976717
Argentina,1983,0.0273881278538813
Bolivia,1983,0.0149932070318929
Brazil,1983,0.0125458032300474
Chile,1983,0.0757522260240995
Colombia,1983,0.0221993752742179
Ecuador,1983,0.0157477834994725
Guyana,1983,0.0451634877384196
Paraguay,1983,0.0364524179869616
Peru,1983,0.0484595635430039
Uruguay,1983,0.0538198403648803
Venezuela,1983,0.0297074010327022
Australia,1983,0.0251981181916526
Fiji,1983,0.0124142084112131
New Zealand,1983,0.0243835930996871
Papua New Guinea,1983,...
Afghanistan,1983,...
Bangladesh,1983,0.0127067371198923
India,1983,0.033230686597074
Nepal,1983,0.0125292497260152
Pakistan,1983,0.0664379805914383
Sri Lanka,1983,0.00889137424856704
China,1983,...
Japan,1983,0.00952297427190256
"Korea, North",1983,...
"Korea, South",1983,0.0572681360842501
Mongolia,1983,...
Taiwan,1983,0.0633639092997482
Brunei,1983,0.030463201171851
Cambodia,1983,...
Indonesia,1983,0.0239812942040375
Laos,1983,...
Malaysia,1983,0.0442337175628868
Myanmar,1983,0.030703691066375
Philippines,1983,0.0240925335363623
Singapore,1983,0.0407146856786832
Thailand,1983,0.0395335883490465
Timor Leste,1983,...
Viet Nam,1983,...
Kazakhstan,1983,...
Kyrgyz Republic,1983,...
Tajikistan,1983,...
Turkmenistan,1983,...
Uzbekistan,1983,...
Albania,1983,0.0544128198995456
Bosnia and Herzegovina,1983,...
Bulgaria,1983,...
Croatia,1983,...
Czechia,1983,...
Czechoslovakia,1983,...
Estonia,1983,...
German Democratic Republic,1983,...
Hungary,1983,0.0333593662836104
Kosovo,1983,...
Latvia,1983,...
Lithuania,1983,...
North Macedonia,1983,...
Montenegro,1983,...
Poland,1983,0.0290294627383016
Romania,1983,0.0198508713049541
Serbia,1983,...
Slovakia,1983,...
Slovenia,1983,...
Yugoslavia,1983,...
Armenia,1983,...
Azerbaijan,1983,...
Belarus,1983,...
Georgia,1983,...
Moldova,1983,...
Russia,1983,...
Ukraine,1983,...
USSR,1983,...
Austria,1983,0.0139117588416479
Belgium,1983,0.0319141317049267
Cyprus,1983,...
Denmark,1983,0.0236474287605693
Finland,1983,0.018232638142335
France,1983,0.0323713177475225
Germany,1983,0.0301294853266969
Greece,1983,0.0517247666277713
Iceland,1983,...
Ireland,1983,0.014926312327501
Italy,1983,0.0201650141992046
Luxembourg,1983,0.0108824129427353
Malta,1983,...
Netherlands,1983,0.0284858474479936
Norway,1983,0.0279497153165342
Portugal,1983,0.0190927673971989
Spain,1983,0.0293627289991861
Sweden,1983,0.0273782261810655
Switzerland,1983,0.0174880558932822
United Kingdom,1983,0.0539688559001511
European Union,1983,xxx
Bahrain,1983,0.0479033601777284
Egypt,1983,0.0795867393278837
Iran,1983,0.0709708065005957
Iraq,1983,...
Israel,1983,0.155468886770799
Jordan,1983,0.0985083816080374
Kuwait,1983,0.0683051126089101
Lebanon,1983,0.134556205877029
Oman,1983,0.171593698854337
Qatar,1983,0.139584833721669
Saudi Arabia,1983,0.169729273217747
Syria,1983,0.146389051861757
Türkiye,1983,0.0393760520546007
United Arab Emirates,1983,...
"Yemen, North",1983,...
Yemen,1983,...
Algeria,1984,0.0175512400703414
Libya,1984,...
Morocco,1984,0.0401819087964117
Tunisia,1984,0.0275534145974237
Angola,1984,...
Benin,1984,0.0145869894023797
Botswana,1984,0.024372708318355
Burkina Faso,1984,0.0301716743691831
Burundi,1984,0.0297540078538161
Cameroon,1984,0.0174021909233177
Cape Verde,1984,0.0279239896511732
Central African Republic,1984,...
Chad,1984,0.0295200711180685
"Congo, DR",1984,...
"Congo, Republic",1984,0.0225310380803339
Cote d'Ivoire,1984,0.0102559041948217
Djibouti,1984,...
Equatorial Guinea,1984,...
Eritrea,1984,...
Ethiopia,1984,0.0796914816163087
Gabon,1984,0.0225549415242257
"Gambia, The",1984,0.00477501573316551
Ghana,1984,0.00593211881978556
Guinea,1984,...
Guinea-Bissau,1984,0.000150240384615385
Kenya,1984,0.0347691247415575
Lesotho,1984,0.0397914379802415
Liberia,1984,0.0294048320565704
Madagascar,1984,0.0187315634218289
Malawi,1984,0.0063870232669705
Mali,1984,0.0197260741380505
Mauritania,1984,...
Mauritius,1984,0.00252089136490251
Mozambique,1984,0.04
Namibia,1984,...
Niger,1984,0.00727756892230576
Nigeria,1984,0.0155679483416495
Rwanda,1984,0.0160402262727844
Senegal,1984,0.0240795262267343
Seychelles,1984,...
Sierra Leone,1984,0.00302184466019417
Somalia,1984,0.00143127627483072
South Africa,1984,0.0369560695941547
South Sudan,1984,...
Sudan,1984,0.0408451949429759
Eswatini,1984,0.0203080175147214
Tanzania,1984,0.0524756417462994
Togo,1984,0.0218514977692798
Uganda,1984,0.0262669902912621
Zambia,1984,0.0300141959034679
Zimbabwe,1984,0.0567764991105304
Belize,1984,0.0154391891891892
Costa Rica,1984,...
Cuba,1984,...
Dominican Republic,1984,0.0119889598067966
El Salvador,1984,0.0644328243706815
Guatemala,1984,0.0219084928671742
Haiti,1984,...
Honduras,1984,0.0244049412473637
Jamaica,1984,0.0105973179462521
Mexico,1984,0.00659819059927896
Nicaragua,1984,...
Panama,1984,...
Trinidad and Tobago,1984,...
Canada,1984,0.0211718885542571
United States of America,1984,0.0623641652963897
Argentina,1984,0.0216203914428767
Bolivia,1984,0.0217084173606847
Brazil,1984,0.0119954104516533
Chile,1984,0.076054061762236
Colombia,1984,0.0232589496393177
Ecuador,1984,0.0148523232727441
Guyana,1984,0.0467470588235294
Paraguay,1984,0.0350818517688981
Peru,1984,0.0335755813953488
Uruguay,1984,0.0457564575645756
Venezuela,1984,0.0229205175600739
Australia,1984,0.0250523365070013
Fiji,1984,0.0122260793484156
New Zealand,1984,0.0237762415493316
Papua New Guinea,1984,...
Afghanistan,1984,...
Bangladesh,1984,0.0117804196040112
India,1984,0.0341687559436328
Nepal,1984,0.0122061436912922
Pakistan,1984,0.0665949145701601
Sri Lanka,1984,0.00922430502256969
China,1984,...
Japan,1984,0.00958404158758974
"Korea, North",1984,...
"Korea, South",1984,0.0525453539277515
Mongolia,1984,...
Taiwan,1984,0.0572578097998912
Brunei,1984,0.0257408440230526
Cambodia,1984,...
Indonesia,1984,0.0228542025922011
Laos,1984,...
Malaysia,1984,0.0375235700817096
Myanmar,1984,0.0292367110099446
Philippines,1984,0.0163475893311674
Singapore,1984,0.0469881540453695
Thailand,1984,0.0406443875433927
Timor Leste,1984,...
Viet Nam,1984,...
Kazakhstan,1984,...
Kyrgyz Republic,1984,...
Tajikistan,1984,...
Turkmenistan,1984,...
Uzbekistan,1984,...
Albania,1984,0.0611750454270139
Bosnia and Herzegovina,1984,...
Bulgaria,1984,...
Croatia,1984,...
Czechia,1984,...
Czechoslovakia,1984,...
Estonia,1984,...
German Democratic Republic,1984,...
Hungary,1984,0.0314767501277466
Kosovo,1984,...
Latvia,1984,...
Lithuania,1984,...
North Macedonia,1984,...
Montenegro,1984,...
Poland,1984,0.0305503731343284
Romania,1984,0.0190672721791833
Serbia,1984,...
Slovakia,1984,...
Slovenia,1984,...
Yugoslavia,1984,...
Armenia,1984,...
Azerbaijan,1984,...
Belarus,1984,...
Georgia,1984,...
Moldova,1984,...
Russia,1984,...
Ukraine,1984,...
USSR,1984,...
Austria,1984,0.0141415833617155
Belgium,1984,0.0300790244923592
Cyprus,1984,...
Denmark,1984,0.0223547072552978
Finland,1984,0.0160404180113724
France,1984,0.0318736925092314
Germany,1984,0.0291266607299653
Greece,1984,0.0483544433693963
Iceland,1984,...
Ireland,1984,0.0141243942527662
Italy,1984,0.0200860777360645
Luxembourg,1984,0.0104216962842296
Malta,1984,...
Netherlands,1984,0.0286172441738649
Norway,1984,0.0254443435066589
Portugal,1984,0.0186132340712926
Spain,1984,0.0296600550441302
Sweden,1984,0.0267196132262297
Switzerland,1984,0.0170124830295676
United Kingdom,1984,0.0550807949805952
European Union,1984,xxx
Bahrain,1984,0.0417930569598921
Egypt,1984,0.0826523207017322
Iran,1984,0.06354853844404
Iraq,1984,...
Israel,1984,0.161822289156626
Jordan,1984,0.0921630028382016
Kuwait,1984,0.0675486381322957
Lebanon,1984,0.109687267047673
Oman,1984,0.168930416756907
Qatar,1984,0.127339251439539
Saudi Arabia,1984,0.190043483638924
Syria,1984,0.176860184226593
Türkiye,1984,0.0359709381495019
United Arab Emirates,1984,...
"Yemen, North",1984,...
Yemen,1984,...
Algeria,1985,0.0164370689684736
Libya,1985,...
Morocco,1985,0.0539043522658704
Tunisia,1985,0.0233557342734384
Angola,1985,1.715e-07
Benin,1985,0.0130493193241088
Botswana,1985,0.0218473148857049
Burkina Faso,1985,0.0183652541094857
Burundi,1985,0.027511726460413
Cameroon,1985,0.0133983572895277
Cape Verde,1985,0.024634443863568
Central African Republic,1985,...
Chad,1985,0.0282431904837062
"Congo, DR",1985,...
"Congo, Republic",1985,0.0257519571487433
Cote d'Ivoire,1985,0.00996969503636596
Djibouti,1985,...
Equatorial Guinea,1985,...
Eritrea,1985,...
Ethiopia,1985,0.0682390419897137
Gabon,1985,0.0285904698433855
"Gambia, The",1985,0.0055122589453325
Ghana,1985,0.0100044308668175
Guinea,1985,...
Guinea-Bissau,1985,0.000109031437397783
Kenya,1985,0.0237575745554443
Lesotho,1985,0.0431409907457812
Liberia,1985,0.0295430518031246
Madagascar,1985,0.0178005493344602
Malawi,1985,0.00717150979153506
Mali,1985,0.0214241632585193
Mauritania,1985,0.0594589517189555
Mauritius,1985,0.0021964135275003
Mozambique,1985,0.0328205128205128
Namibia,1985,...
Niger,1985,0.00743835616438356
Nigeria,1985,0.0143678626386977
Rwanda,1985,0.0158837075417386
Senegal,1985,0.0219286250939143
Seychelles,1985,0.0429081251556146
Sierra Leone,1985,0.00224829621302607
Somalia,1985,0.00050709706959707
South Africa,1985,0.0369833382968385
South Sudan,1985,...
Sudan,1985,0.0339969812405664
Eswatini,1985,0.018411214953271
Tanzania,1985,0.0538707636370118
Togo,1985,0.0250798344175044
Uganda,1985,0.0266172914147521
Zambia,1985,0.0236145873103409
Zimbabwe,1985,0.0548666915012506
Belize,1985,0.0155982599550648
Costa Rica,1985,...
Cuba,1985,...
Dominican Republic,1985,0.0121005235068591
El Salvador,1985,0.0658971611464278
Guatemala,1985,0.0200737043596487
Haiti,1985,...
Honduras,1985,0.025827723588405
Jamaica,1985,0.00891059849412813
Mexico,1985,0.00676313139343828
Nicaragua,1985,...
Panama,1985,...
Trinidad and Tobago,1985,...
Canada,1985,0.0209737623375073
United States of America,1985,0.064532192046686
Argentina,1985,0.0229971724787936
Bolivia,1985,0.0201399252543919
Brazil,1985,0.0142952312218953
Chile,1985,0.0690060861105455
Colombia,1985,0.0205401660934215
Ecuador,1985,0.0177973855389976
Guyana,1985,0.0843686354378819
Paraguay,1985,0.0375763484289285
Peru,1985,0.0387014909590779
Uruguay,1985,0.0430422064354367
Venezuela,1985,0.0136961895641717
Australia,1985,0.0252326837870517
Fiji,1985,0.0113315792450674
New Zealand,1985,0.0236462612075438
Papua New Guinea,1985,0.0155887833477253
Afghanistan,1985,...
Bangladesh,1985,0.010542727837491
India,1985,0.035690302776083
Nepal,1985,0.0119582716208384
Pakistan,1985,0.0692213359819193
Sri Lanka,1985,0.0316076982294072
China,1985,...
Japan,1985,0.0095939791396488
"Korea, North",1985,...
"Korea, South",1985,0.0522553168462828
Mongolia,1985,...
Taiwan,1985,0.0609224246572966
Brunei,1985,0.0288778814029385
Cambodia,1985,...
Indonesia,1985,0.0217059935369795
Laos,1985,...
Malaysia,1985,0.034516587065961
Myanmar,1985,0.029782635874904
Philippines,1985,0.0198257335853662
Singapore,1985,0.0565661291547353
Thailand,1985,0.041891150023663
Timor Leste,1985,...
Viet Nam,1985,...
Kazakhstan,1985,...
Kyrgyz Republic,1985,...
Tajikistan,1985,...
Turkmenistan,1985,...
Uzbekistan,1985,...
Albania,1985,0.0565142619937141
Bosnia and Herzegovina,1985,...
Bulgaria,1985,...
Croatia,1985,...
Czechia,1985,...
Czechoslovakia,1985,...
Estonia,1985,...
German Democratic Republic,1985,...
Hungary,1985,0.0497242913804779
Kosovo,1985,...
Latvia,1985,...
Lithuania,1985,...
North Macedonia,1985,...
Montenegro,1985,...
Poland,1985,0.0301579703207276
Romania,1985,0.0429928084311907
Serbia,1985,...
Slovakia,1985,...
Slovenia,1985,...
Yugoslavia,1985,...
Armenia,1985,...
Azerbaijan,1985,...
Belarus,1985,...
Georgia,1985,...
Moldova,1985,...
Russia,1985,...
Ukraine,1985,...
USSR,1985,...
Austria,1985,0.0151262356650052
Belgium,1985,0.029312338541026
Cyprus,1985,0.012702916956171
Denmark,1985,0.0210467210710106
Finland,1985,0.0167657907276353
France,1985,0.0314393280229726
Germany,1985,0.0285409355351334
Greece,1985,0.0469256693840525
Iceland,1985,...
Ireland,1985,0.0141604420408081
Italy,1985,0.0193636892016635
Luxembourg,1985,0.00867554425044341
Malta,1985,0.0127625103445688
Netherlands,1985,0.0276821812094818
Norway,1985,0.0279600023170273
Portugal,1985,0.0184354337576399
Spain,1985,0.0295472170818505
Sweden,1985,0.026730084000738
Switzerland,1985,0.0182497186832109
United Kingdom,1985,0.0532070461905547
European Union,1985,xxx
Bahrain,1985,0.0458815818221543
Egypt,1985,0.0785693305919735
Iran,1985,0.0651241844033205
Iraq,1985,...
Israel,1985,0.166006435277983
Jordan,1985,0.100481091285549
Kuwait,1985,0.0643410852713178
Lebanon,1985,0.0628697601510223
Oman,1985,0.155614660502423
Qatar,1985,0.248464148584695
Saudi Arabia,1985,0.169952008673515
Syria,1985,0.165551216581556
Türkiye,1985,0.0353104315878258
United Arab Emirates,1985,...
"Yemen, North",1985,...
Yemen,1985,...
Algeria,1986,0.0178721366645198
Libya,1986,...
Morocco,1986,0.0430445955767833
Tunisia,1986,0.0208667610288203
Angola,1986,1.73e-07
Benin,1986,0.0135509654006948
Botswana,1986,0.0266359580269355
Burkina Faso,1986,0.0262189349112426
Burundi,1986,0.0280541315800684
Cameroon,1986,0.0121782345828295
Cape Verde,1986,0.023355314806092
Central African Republic,1986,...
Chad,1986,0.0295842450765864
"Congo, DR",1986,...
"Congo, Republic",1986,...
Cote d'Ivoire,1986,0.0105352867044739
Djibouti,1986,...
Equatorial Guinea,1986,...
Eritrea,1986,...
Ethiopia,1986,0.0669723756906077
Gabon,1986,0.0399592771697633
"Gambia, The",1986,0.00563939016801493
Ghana,1986,0.00900516843869348
Guinea,1986,...
Guinea-Bissau,1986,0.000243964421855146
Kenya,1986,0.0250357532007627
Lesotho,1986,0.0483998732572877
Liberia,1986,0.0289536266349584
Madagascar,1986,0.01551935381404
Malawi,1986,0.0085818114051435
Mali,1986,0.0202676894054551
Mauritania,1986,0.0503676294677746
Mauritius,1986,0.00197969543147208
Mozambique,1986,0.032093023255814
Namibia,1986,...
Niger,1986,0.00769503546099291
Nigeria,1986,0.0131155364657903
Rwanda,1986,0.0179553466509988
Senegal,1986,0.0204004135079256
Seychelles,1986,0.0467441860465116
Sierra Leone,1986,0.00345390829175576
Somalia,1986,0.289482415394824
South Africa,1986,0.0382057632450885
South Sudan,1986,...
Sudan,1986,0.0322724790228886
Eswatini,1986,0.0163451232583065
Tanzania,1986,0.0574462063063124
Togo,1986,0.0284505885573501
Uganda,1986,0.0290591793751089
Zambia,1986,0.0366412213740458
Zimbabwe,1986,0.055038198632891
Belize,1986,...
Costa Rica,1986,...
Cuba,1986,...
Dominican Republic,1986,0.0134415405467726
El Salvador,1986,0.0432995671803931
Guatemala,1986,0.0166749799534035
Haiti,1986,...
Honduras,1986,0.0277011946960746
Jamaica,1986,0.00853933328915104
Mexico,1986,0.00634622463096704
Nicaragua,1986,...
Panama,1986,...
Trinidad and Tobago,1986,...
Canada,1986,0.0210919711788911
United States of America,1986,0.0662652265789842
Argentina,1986,0.0231367874921125
Bolivia,1986,0.0234554922832377
Brazil,1986,0.0122038872750142
Chile,1986,0.0628800219933844
Colombia,1986,0.0194461959115846
Ecuador,1986,0.0183738682762294
Guyana,1986,0.0535585585585586
Paraguay,1986,0.0380406563785285
Peru,1986,0.0334929554073131
Uruguay,1986,0.0412128017967434
Venezuela,1986,0.0164997053624042
Australia,1986,0.0254042975157867
Fiji,1986,0.0104396175427768
New Zealand,1986,0.0236758702191663
Papua New Guinea,1986,0.0156493310964856
Afghanistan,1986,...
Bangladesh,1986,0.0111219167555771
India,1986,0.0410646868066223
Nepal,1986,0.0118285068360426
Pakistan,1986,0.0699165601052428
Sri Lanka,1986,0.0269665801174543
China,1986,...
Japan,1986,0.00962811252055438
"Korea, North",1986,...
"Korea, South",1986,0.0494825625094216
Mongolia,1986,...
Taiwan,1986,0.0544337191105497
Brunei,1986,0.0467072980761742
Cambodia,1986,0.0114685088240056
Indonesia,1986,0.0200976539562951
Laos,1986,...
Malaysia,1986,0.0322373383244406
Myanmar,1986,0.0287914210205326
Philippines,1986,0.0198805361257508
Singapore,1986,0.0544251155937074
Thailand,1986,0.0379532821598729
Timor Leste,1986,...
Viet Nam,1986,...
Kazakhstan,1986,...
Kyrgyz Republic,1986,...
Tajikistan,1986,...
Turkmenistan,1986,...
Uzbekistan,1986,...
Albania,1986,0.0562618650405569
Bosnia and Herzegovina,1986,...
Bulgaria,1986,...
Croatia,1986,...
Czechia,1986,...
Czechoslovakia,1986,...
Estonia,1986,...
German Democratic Republic,1986,...
Hungary,1986,0.0322373254959589
Kosovo,1986,...
Latvia,1986,...
Lithuania,1986,...
North Macedonia,1986,...
Montenegro,1986,...
Poland,1986,0.0294140353586042
Romania,1986,0.0444571116472147
Serbia,1986,...
Slovakia,1986,...
Slovenia,1986,...
Yugoslavia,1986,...
Armenia,1986,...
Azerbaijan,1986,...
Belarus,1986,...
Georgia,1986,...
Moldova,1986,...
Russia,1986,...
Ukraine,1986,...
USSR,1986,...
Austria,1986,0.015087585414904
Belgium,1986,0.0295377262399122
Cyprus,1986,0.0157715789858516
Denmark,1986,0.0194481923668799
Finland,1986,0.0172390995338997
France,1986,0.0308576501575346
Germany,1986,0.0277739964953778
Greece,1986,0.0412801512211307
Iceland,1986,...
Ireland,1986,0.014232052652489
Italy,1986,0.0197714264210667
Luxembourg,1986,0.00833086844864453
Malta,1986,0.0126918382590508
Netherlands,1986,0.0272511978598847
Norway,1986,0.0280841701830998
Portugal,1986,0.0191582545286477
Spain,1986,0.026250366796807
Sweden,1986,0.0258656825639449
Switzerland,1986,0.0166102195140386
United Kingdom,1986,0.0505982373679728
European Union,1986,xxx
Bahrain,1986,0.0583776248148471
Egypt,1986,0.0749813056581541
Iran,1986,0.0607933597523708
Iraq,1986,...
Israel,1986,0.147677128827137
Jordan,1986,0.097745602563702
Kuwait,1986,0.0723620987891601
Lebanon,1986,0.052638395500296
Oman,1986,0.158665775911433
Qatar,1986,...
Saudi Arabia,1986,...
Syria,1986,0.144496812864619
Türkiye,1986,0.0363799248252089
United Arab Emirates,1986,...
"Yemen, North",1986,...
Yemen,1986,...
Algeria,1987,0.0185637627675836
Libya,1987,...
Morocco,1987,0.0436931479451528
Tunisia,1987,0.0182318459308297
Angola,1987,0.2225
Benin,1987,0.0156959850024171
Botswana,1987,0.0479441457471087
Burkina Faso,1987,0.0225258646172037
Burundi,1987,0.0264913991225016
Cameroon,1987,0.0125002549719531
Cape Verde,1987,0.0210367617411426
Central African Republic,1987,...
Chad,1987,0.0183306638191849
"Congo, DR",1987,...
"Congo, Republic",1987,0.0437416739067478
Cote d'Ivoire,1987,0.0121709875321591
Djibouti,1987,...
Equatorial Guinea,1987,...
Eritrea,1987,...
Ethiopia,1987,0.0685567368494198
Gabon,1987,...
"Gambia, The",1987,0.00631086622245003
Ghana,1987,0.00892627345844504
Guinea,1987,...
Guinea-Bissau,1987,0.000580869565217391
Kenya,1987,0.0313374349122125
Lesotho,1987,0.0418131307404468
Liberia,1987,0.0228721217105263
Madagascar,1987,0.014290401370712
Malawi,1987,0.00763658146964856
Mali,1987,0.0211678611388309
Mauritania,1987,0.0466958696563589
Mauritius,1987,0.00194038477417224
Mozambique,1987,0.0350649350649351
Namibia,1987,...
Niger,1987,0.00635210396039604
Nigeria,1987,0.00769793676287504
Rwanda,1987,0.0167523364485981
Senegal,1987,0.0198118811881188
Seychelles,1987,0.0454187262697901
Sierra Leone,1987,0.00251559151048297
Somalia,1987,0.169562113279391
South Africa,1987,0.0419217049247912
South Sudan,1987,...
Sudan,1987,0.0255271311452935
Eswatini,1987,0.0142929208004036
Tanzania,1987,0.0315187898727108
Togo,1987,0.0350349087003222
Uganda,1987,0.025860002949635
Zambia,1987,0.0322068519192655
Zimbabwe,1987,0.0582388892185368
Belize,1987,...
Costa Rica,1987,...
Cuba,1987,...
Dominican Republic,1987,0.0101813994179507
El Salvador,1987,0.0446916395124473
Guatemala,1987,0.0175071000671895
Haiti,1987,...
Honduras,1987,0.0295003010234798
Jamaica,1987,0.00770446354311062
Mexico,1987,0.00580341889191456
Nicaragua,1987,...
Panama,1987,0.0184098043736587
Trinidad and Tobago,1987,...
Canada,1987,0.0206257637101059
United States of America,1987,0.0642027402288488
Argentina,1987,0.022843868799904
Bolivia,1987,0.0237726317649524
Brazil,1987,0.0174399403145367
Chile,1987,0.0563807107493349
Colombia,1987,0.0198313541641877
Ecuador,1987,0.0196631614944003
Guyana,1987,0.0308608876973488
Paraguay,1987,0.0277319233257148
Peru,1987,0.0341149604544948
Uruguay,1987,0.0303942220884743
Venezuela,1987,0.0163369833980925
Australia,1987,0.0237298883241393
Fiji,1987,0.0196952748392996
New Zealand,1987,0.0240727668912179
Papua New Guinea,1987,0.0161078320565951
Afghanistan,1987,...
Bangladesh,1987,0.011682325387956
India,1987,0.042313175270108
Nepal,1987,0.0115918201177502
Pakistan,1987,0.0697188008366256
Sri Lanka,1987,0.0339314670882408
China,1987,...
Japan,1987,0.00965510912838467
"Korea, North",1987,...
"Korea, South",1987,0.0446860555045954
Mongolia,1987,0.058338850879129
Taiwan,1987,0.0493279146369974
Brunei,1987,0.0379251495457601
Cambodia,1987,0.015742453461372
Indonesia,1987,0.0172218767006142
Laos,1987,...
Malaysia,1987,0.0414749953752235
Myanmar,1987,0.019724009432589
Philippines,1987,0.0196524714249726
Singapore,1987,0.0487061150486237
Thailand,1987,0.0336138655753091
Timor Leste,1987,...
Viet Nam,1987,0.0395376778715678
Kazakhstan,1987,...
Kyrgyz Republic,1987,...
Tajikistan,1987,...
Turkmenistan,1987,...
Uzbekistan,1987,...
Albania,1987,0.0586222892264873
Bosnia and Herzegovina,1987,...
Bulgaria,1987,...
Croatia,1987,...
Czechia,1987,...
Czechoslovakia,1987,...
Estonia,1987,...
German Democratic Republic,1987,...
Hungary,1987,0.0315557729941292
Kosovo,1987,...
Latvia,1987,...
Lithuania,1987,...
North Macedonia,1987,...
Montenegro,1987,...
Poland,1987,0.0276269185360094
Romania,1987,0.039140286216301
Serbia,1987,...
Slovakia,1987,...
Slovenia,1987,...
Yugoslavia,1987,...
Armenia,1987,...
Azerbaijan,1987,...
Belarus,1987,...
Georgia,1987,...
Moldova,1987,...
Russia,1987,...
Ukraine,1987,...
USSR,1987,...
Austria,1987,0.0141667790274506
Belgium,1987,0.0290179479261597
Cyprus,1987,0.0539147769754872
Denmark,1987,0.020316474834314
Finland,1987,0.0164553300960529
France,1987,0.0312045160513517
Germany,1987,0.0275945364827544
Greece,1987,0.0425552044841929
Iceland,1987,...
Ireland,1987,0.0128230024699033
Italy,1987,0.0206035364400414
Luxembourg,1987,0.00915915918607726
Malta,1987,0.0145625776866228
Netherlands,1987,0.0271346717798331
Norway,1987,0.0297832442559969
Portugal,1987,0.0185930207777881
Spain,1987,0.026147006889558
Sweden,1987,0.0248279607141854
Switzerland,1987,0.0156186605542128
United Kingdom,1987,0.0468666844260533
European Union,1987,xxx
Bahrain,1987,0.0525325388113533
Egypt,1987,0.0652874277064007
Iran,1987,0.0588910778863281
Iraq,1987,...
Israel,1987,0.169001449480308
Jordan,1987,0.0957758058943667
Kuwait,1987,0.0597625541472806
Lebanon,1987,0.0112184657836794
Oman,1987,0.132023149264529
Qatar,1987,0.158895334174023
Saudi Arabia,1987,0.16896414193661
Syria,1987,0.112182097218742
Türkiye,1987,0.0332858525048377
United Arab Emirates,1987,...
"Yemen, North",1987,...
Yemen,1987,...
Algeria,1988,0.0174969874927024
Libya,1988,...
Morocco,1988,0.0412851581775317
Tunisia,1988,0.0210347585171822
Angola,1988,0.219805
Benin,1988,0.0156409120470208
Botswana,1988,0.0489967702289422
Burkina Faso,1988,0.0231081264414598
Burundi,1988,0.0314524514901214
Cameroon,1988,0.0128479615502836
Cape Verde,1988,0.0191388560611607
Central African Republic,1988,...
Chad,1988,0.0356275204167191
"Congo, DR",1988,...
"Congo, Republic",1988,...
Cote d'Ivoire,1988,0.0124914061221149
Djibouti,1988,...
Equatorial Guinea,1988,...
Eritrea,1988,...
Ethiopia,1988,0.085014361098123
Gabon,1988,...
"Gambia, The",1988,0.00810531317253137
Ghana,1988,0.00437880517503805
Guinea,1988,...
Guinea-Bissau,1988,...
Kenya,1988,0.0294555339497599
Lesotho,1988,0.0336975524475524
Liberia,1988,0.0240778195126649
Madagascar,1988,0.013471834264432
Malawi,1988,0.00618993409227082
Mali,1988,0.0221346810206719
Mauritania,1988,0.0448975060025259
Mauritius,1988,0.00219642296830875
Mozambique,1988,0.0301258992805755
Namibia,1988,...
Niger,1988,...
Nigeria,1988,0.0088435129597009
Rwanda,1988,0.0159426066161817
Senegal,1988,0.0211178451178451
Seychelles,1988,0.0428038484193992
Sierra Leone,1988,0.00301586157915865
Somalia,1988,0.174357168016907
South Africa,1988,0.0462375902257971
South Sudan,1988,...
Sudan,1988,0.0355196512149772
Eswatini,1988,0.0126009025614949
Tanzania,1988,0.0244754416242452
Togo,1988,0.0312490869247626
Uganda,1988,0.0245988196514221
Zambia,1988,0.0238834408143687
Zimbabwe,1988,0.0520870655678968
Belize,1988,...
Costa Rica,1988,...
Cuba,1988,...
Dominican Republic,1988,0.00880047487861676
El Salvador,1988,0.0427132388506901
Guatemala,1988,0.0186907699721099
Haiti,1988,0.000867385444743935
Honduras,1988,0.0285374554102259
Jamaica,1988,0.00807990671996954
Mexico,1988,0.00536145374184792
Nicaragua,1988,...
Panama,1988,0.021109857421274
Trinidad and Tobago,1988,...
Canada,1988,0.0198676711890836
United States of America,1988,0.060712777020948
Argentina,1988,0.0212493922313663
Bolivia,1988,0.0202098131957809
Brazil,1988,0.021180722049862
Chile,1988,0.0413999607967718
Colombia,1988,0.0219924475548319
Ecuador,1988,0.0161611581675238
Guyana,1988,0.0266376601401982
Paraguay,1988,0.031954734453196
Peru,1988,0.0218520096250158
Uruguay,1988,0.0315664690939881
Venezuela,1988,0.0181610508280982
Australia,1988,0.0216075183750683
Fiji,1988,0.0205201508941251
New Zealand,1988,0.0211567282473989
Papua New Guinea,1988,0.0126628600271302
Afghanistan,1988,...
Bangladesh,1988,0.0124638809717465
India,1988,0.0372867178276269
Nepal,1988,0.00883106075309511
Pakistan,1988,0.0678581073127497
Sri Lanka,1988,0.0237118324909227
China,1988,...
Japan,1988,0.0094970885873148
"Korea, North",1988,...
"Korea, South",1988,0.0428121593799201
Mongolia,1988,0.0634124344738177
Taiwan,1988,0.0514477422324282
Brunei,1988,0.0662997709980055
Cambodia,1988,0.012782035615864
Indonesia,1988,0.0153084105893772
Laos,1988,...
Malaysia,1988,0.0242611237414745
Myanmar,1988,0.0214085227496295
Philippines,1988,0.0245888921422154
Singapore,1988,0.0454786526287383
Thailand,1988,0.0293350108988332
Timor Leste,1988,...
Viet Nam,1988,0.0710161041569528
Kazakhstan,1988,...
Kyrgyz Republic,1988,...
Tajikistan,1988,...
Turkmenistan,1988,...
Uzbekistan,1988,...
Albania,1988,0.0561731662843362
Bosnia and Herzegovina,1988,...
Bulgaria,1988,...
Croatia,1988,...
Czechia,1988,...
Czechoslovakia,1988,...
Estonia,1988,...
German Democratic Republic,1988,...
Hungary,1988,0.0359622327131352
Kosovo,1988,...
Latvia,1988,...
Lithuania,1988,...
North Macedonia,1988,...
Montenegro,1988,...
Poland,1988,0.0259205508117047
Romania,1988,0.0420547061246542
Serbia,1988,...
Slovakia,1988,...
Slovenia,1988,...
Yugoslavia,1988,...
Armenia,1988,...
Azerbaijan,1988,...
Belarus,1988,...
Georgia,1988,...
Moldova,1988,...
Russia,1988,...
Ukraine,1988,...
USSR,1988,...
Austria,1988,0.0129918114420184
Belgium,1988,0.0262874841616219
Cyprus,1988,0.0570025602914459
Denmark,1988,0.020874706324154
Finland,1988,0.0160769117311844
France,1988,0.0300034058907042
Germany,1988,0.0262867334017811
Greece,1988,0.0419823223061689
Iceland,1988,...
Ireland,1988,0.011994341526595
Italy,1988,0.0207285745924484
Luxembourg,1988,0.00951494528594597
Malta,1988,0.0122106673142782
Netherlands,1988,0.026109094684565
Norway,1988,0.0284075508520007
Portugal,1988,0.0188542646646333
Spain,1988,0.0248937521722977
Sweden,1988,0.0244551601057075
Switzerland,1988,0.015648052643261
United Kingdom,1988,0.0421428762838849
European Union,1988,xxx
Bahrain,1988,0.0560304575820703
Egypt,1988,0.0506087662337662
Iran,1988,0.06269777621033
Iraq,1988,...
Israel,1988,0.159470945572914
Jordan,1988,0.0936361469576765
Kuwait,1988,0.0823661874242162
Lebanon,1988,0.0118657817109145
Oman,1988,0.136997984183594
Qatar,1988,0.162723508803858
Saudi Arabia,1988,0.151518818830933
Syria,1988,0.0785392938343537
Türkiye,1988,0.0293220863643399
United Arab Emirates,1988,...
"Yemen, North",1988,...
Yemen,1988,...
Algeria,1989,0.0154012377856337
Libya,1989,...
Morocco,1989,0.0439291741336162
Tunisia,1989,0.0211455039063035
Angola,1989,0.194323333333333
Benin,1989,0.0130789606118489
Botswana,1989,0.0356901008012406
Burkina Faso,1989,0.0274077407740774
Burundi,1989,0.033495221333571
Cameroon,1989,0.0133368915456874
Cape Verde,1989,...
Central African Republic,1989,...
Chad,1989,0.0273314069752787
"Congo, DR",1989,...
"Congo, Republic",1989,...
Cote d'Ivoire,1989,0.0133037465830519
Djibouti,1989,...
Equatorial Guinea,1989,...
Eritrea,1989,...
Ethiopia,1989,0.102766484563588
Gabon,1989,...
"Gambia, The",1989,0.00958392269816802
Ghana,1989,0.00430846522392588
Guinea,1989,...
Guinea-Bissau,1989,0.0018108504398827
Kenya,1989,0.0274085168629691
Lesotho,1989,0.0430771465930554
Liberia,1989,...
Madagascar,1989,0.0121086533180207
Malawi,1989,0.00613137618258071
Mali,1989,0.0211201131003608
Mauritania,1989,0.0396113694076082
Mauritius,1989,0.0029001622888742
Mozambique,1989,0.0337342497136312
Namibia,1989,...
Niger,1989,...
Nigeria,1989,0.00579894648474617
Rwanda,1989,0.0175375880559352
Senegal,1989,0.0202769623484365
Seychelles,1989,0.0427683189028996
Sierra Leone,1989,0.00524456356216117
Somalia,1989,0.0152999213555444
South Africa,1989,0.0435788474069836
South Sudan,1989,...
Sudan,1989,...
Eswatini,1989,0.0125287230550388
Tanzania,1989,0.0238263547886239
Togo,1989,0.0309406858202039
Uganda,1989,0.0272997785771173
Zambia,1989,0.0419526940334752
Zimbabwe,1989,0.0493103073748235
Belize,1989,0.011991114230498
Costa Rica,1989,...
Cuba,1989,...
Dominican Republic,1989,0.00800367985280589
El Salvador,1989,0.0487234584982692
Guatemala,1989,0.018028516299552
Haiti,1989,0.000827735623003195
Honduras,1989,0.0267079543255274
Jamaica,1989,0.00929262991503655
Mexico,1989,0.00517255829376633
Nicaragua,1989,...
Panama,1989,0.020849104859335
Trinidad and Tobago,1989,...
Canada,1989,0.0193461430865038
United States of America,1989,0.0587120600804653
Argentina,1989,0.0188036559239223
Bolivia,1989,0.0215628869950008
Brazil,1989,0.0268625
Chile,1989,0.0359002950895468
Colombia,1989,0.0218818380743982
Ecuador,1989,0.0142669785233533
Guyana,1989,0.015837366892546
Paraguay,1989,0.0242576375579472
Peru,1989,0.0219047619047619
Uruguay,1989,0.0352912674143328
Venezuela,1989,0.0279359694117964
Australia,1989,0.0204853013398884
Fiji,1989,0.0227010663248741
New Zealand,1989,0.0218128925260325
Papua New Guinea,1989,0.0149653610007552
Afghanistan,1989,...
Bangladesh,1989,0.012908618013077
India,1989,0.0353417972767288
Nepal,1989,0.009016455507808
Pakistan,1989,0.0653272525576236
Sri Lanka,1989,0.0179859542421127
China,1989,0.0244710131532583
Japan,1989,0.00940781035886882
"Korea, North",1989,...
"Korea, South",1989,0.042902352949115
Mongolia,1989,0.0625119508141262
Taiwan,1989,0.0528133524056482
Brunei,1989,0.0621043627031651
Cambodia,1989,0.0199245358205796
Indonesia,1989,0.0138913634136564
Laos,1989,...
Malaysia,1989,0.0262370169053434
Myanmar,1989,0.0295910673319109
Philippines,1989,0.0224292339676955
Singapore,1989,0.0449289825625078
Thailand,1989,0.0268466712260163
Timor Leste,1989,...
Viet Nam,1989,0.0728651265439789
Kazakhstan,1989,...
Kyrgyz Republic,1989,...
Tajikistan,1989,...
Turkmenistan,1989,...
Uzbekistan,1989,...
Albania,1989,0.0516761272357288
Bosnia and Herzegovina,1989,...
Bulgaria,1989,0.0439627074963996
Croatia,1989,...
Czechia,1989,...
Czechoslovakia,1989,...
Estonia,1989,...
German Democratic Republic,1989,...
Hungary,1989,0.0278616206175993
Kosovo,1989,...
Latvia,1989,...
Lithuania,1989,...
North Macedonia,1989,...
Montenegro,1989,...
Poland,1989,0.0181712151049282
Romania,1989,0.0479729611491512
Serbia,1989,...
Slovakia,1989,...
Slovenia,1989,...
Yugoslavia,1989,...
Armenia,1989,...
Azerbaijan,1989,...
Belarus,1989,...
Georgia,1989,...
Moldova,1989,...
Russia,1989,...
Ukraine,1989,...
USSR,1989,...
Austria,1989,0.0123415492526247
Belgium,1989,0.0246085432355232
Cyprus,1989,0.0536935509753425
Denmark,1989,0.0202422013695156
Finland,1989,0.015343144923525
France,1989,0.0291783465873507
Germany,1989,0.0252069658026011
Greece,1989,0.037658694645888
Iceland,1989,...
Ireland,1989,0.0110547611947077
Italy,1989,0.0202642731989536
Luxembourg,1989,0.0078845832033386
Malta,1989,0.0110818483744066
Netherlands,1989,0.0251740390550589
Norway,1989,0.0285732026033111
Portugal,1989,0.0188750264446765
Spain,1989,0.0235967514225005
Sweden,1989,0.0243275007538796
Switzerland,1989,0.015241653668033
United Kingdom,1989,0.0404095433156431
European Union,1989,xxx
Bahrain,1989,0.0564466166448682
Egypt,1989,0.0396809895833333
Iran,1989,0.0455798049268961
Iraq,1989,...
Israel,1989,0.124457326547219
Jordan,1989,0.0907078095300923
Kuwait,1989,0.0853982920341593
Lebanon,1989,...
Oman,1989,0.125
Qatar,1989,0.130775745257453
Saudi Arabia,1989,0.133903165819013
Syria,1989,0.0797254083449821
Türkiye,1989,0.0314872652091673
United Arab Emirates,1989,...
"Yemen, North",1989,...
Yemen,1989,...
Algeria,1990,0.0146107058594342
Libya,1990,...
Morocco,1990,0.0414882504070243
Tunisia,1990,0.0183945658886675
Angola,1990,0.174636666666667
Benin,1990,0.0122515712126057
Botswana,1990,0.0444515803477224
Burkina Faso,1990,0.0270489296636086
Burundi,1990,0.0344871247254088
Cameroon,1990,0.014745666126807
Cape Verde,1990,...
Central African Republic,1990,...
Chad,1990,0.0138028771986802
"Congo, DR",1990,...
"Congo, Republic",1990,...
Cote d'Ivoire,1990,0.0096477473288964
Djibouti,1990,...
Equatorial Guinea,1990,...
Eritrea,1990,...
Ethiopia,1990,0.096579698086295
Gabon,1990,...
"Gambia, The",1990,0.0046126597245397
Ghana,1990,0.00276510427354999
Guinea,1990,...
Guinea-Bissau,1990,...
Kenya,1990,0.0288821495785942
Lesotho,1990,0.0355047598830801
Liberia,1990,...
Madagascar,1990,0.0123151104450381
Malawi,1990,0.0057581149106058
Mali,1990,0.0195649418287434
Mauritania,1990,0.0382792649057496
Mauritius,1990,0.00346095334685598
Mozambique,1990,0.0238905775075988
Namibia,1990,0.0642100268859719
Niger,1990,...
Nigeria,1990,0.00833115305550364
Rwanda,1990,0.0372916598371212
Senegal,1990,0.0163346898573868
Seychelles,1990,0.0402623150831173
Sierra Leone,1990,0.00820769493275465
Somalia,1990,...
South Africa,1990,0.0389635147817926
South Sudan,1990,...
Sudan,1990,0.0481332473594827
Eswatini,1990,0.0127597457759347
Tanzania,1990,0.0204648408015958
Togo,1990,0.0312248587570621
Uganda,1990,0.0296852622114122
Zambia,1990,0.0341082508884576
Zimbabwe,1990,0.0410390378548896
Belize,1990,0.00894743197157451
Costa Rica,1990,...
Cuba,1990,...
Dominican Republic,1990,0.0067572938756657
El Salvador,1990,0.0341366598744942
Guatemala,1990,0.0172801156281599
Haiti,1990,0.000930058157330885
Honduras,1990,0.0220148360851878
Jamaica,1990,0.00840785086389815
Mexico,1990,0.00433081035474032
Nicaragua,1990,...
Panama,1990,0.0125635913653238
Trinidad and Tobago,1990,...
Canada,1990,0.0195879374221417
United States of America,1990,0.0560517529438794
Argentina,1990,0.0145090921225786
Bolivia,1990,0.0281588331884607
Brazil,1990,0.0236384102519699
Chile,1990,0.0340165485912065
Colombia,1990,0.0186015929954807
Ecuador,1990,0.0135122222907748
Guyana,1990,0.00905828279604213
Paraguay,1990,0.0213187585625298
Peru,1990,0.0268237879230488
Uruguay,1990,0.0352740166449266
Venezuela,1990,0.0151803655572423
Australia,1990,0.0207633746497533
Fiji,1990,0.0210875525984723
New Zealand,1990,0.0231118179211096
Papua New Guinea,1990,0.014191337327407
Afghanistan,1990,...
Bangladesh,1990,0.0122316502629369
India,1990,0.0314621461029961
Nepal,1990,0.00877698697720721
Pakistan,1990,0.0652232023523122
Sri Lanka,1990,0.0232848743256346
China,1990,0.0245401611552735
Japan,1990,0.00941791766132693
"Korea, North",1990,...
"Korea, South",1990,0.0400230428922186
Mongolia,1990,0.0428138537530827
Taiwan,1990,0.0522287852923741
Brunei,1990,0.0643773526926327
Cambodia,1990,0.0207137559385002
Indonesia,1990,0.0141049291967411
Laos,1990,...
Malaysia,1990,0.0255540346486845
Myanmar,1990,0.0339589051013222
Philippines,1990,0.0214724666740931
Singapore,1990,0.0463214447298365
Thailand,1990,0.0259425018891255
Timor Leste,1990,...
Viet Nam,1990,0.0791085687045644
Kazakhstan,1990,...
Kyrgyz Republic,1990,...
Tajikistan,1990,...
Turkmenistan,1990,...
Uzbekistan,1990,...
Albania,1990,0.058883007196812
Bosnia and Herzegovina,1990,...
Bulgaria,1990,0.0383344348975545
Croatia,1990,...
Czechia,1990,...
Czechoslovakia,1990,...
Estonia,1990,...
German Democratic Republic,1990,xxx
Hungary,1990,0.0256353802709041
Kosovo,1990,...
Latvia,1990,...
Lithuania,1990,...
North Macedonia,1990,...
Montenegro,1990,...
Poland,1990,0.0261248574350627
Romania,1990,0.0454741504925103
Serbia,1990,...
Slovakia,1990,...
Slovenia,1990,...
Yugoslavia,1990,...
Armenia,1990,...
Azerbaijan,1990,...
Belarus,1990,...
Georgia,1990,...
Moldova,1990,...
Russia,1990,...
Ukraine,1990,...
USSR,1990,...
Austria,1990,0.0119566026670559
Belgium,1990,0.0235544045891723
Cyprus,1990,0.073740356129737
Denmark,1990,0.0195075703504915
Finland,1990,0.015633514986376
France,1990,0.0284463959497759
Germany,1990,0.0250676361181222
Greece,1990,0.0379826032707078
Iceland,1990,...
Ireland,1990,0.0120350328404375
Italy,1990,0.018807984132592
Luxembourg,1990,0.00788344680855924
Malta,1990,0.00914918012232462
Netherlands,1990,0.0236901988510143
Norway,1990,0.028339918998321
Portugal,1990,0.01840828125429
Spain,1990,0.0229330520898016
Sweden,1990,0.0246222087771384
Switzerland,1990,0.0157214718757236
United Kingdom,1990,0.03983217694585
European Union,1990,xxx
Bahrain,1990,0.0528479154433353
Egypt,1990,0.034676995357893
Iran,1990,0.0294265012534759
Iraq,1990,...
Israel,1990,0.12362686187267
Jordan,1990,0.0775106758278973
Kuwait,1990,0.485172672672673
Lebanon,1990,0.0755195134313229
Oman,1990,0.123909414645003
Qatar,1990,0.10743878769782
Saudi Arabia,1990,0.140242926458954
Syria,1990,0.068680868191169
Türkiye,1990,0.0352770569378721
United Arab Emirates,1990,...
"Yemen, North",1990,xxx
Yemen,1990,0.0655118344395031
Algeria,1991,0.0121083405924608
Libya,1991,...
Morocco,1991,0.0414284293740367
Tunisia,1991,0.0183370852776507
Angola,1991,0.071025
Benin,1991,...
Botswana,1991,0.0460346992729676
Burkina Faso,1991,0.0216686926732236
Burundi,1991,0.0378627086474328
Cameroon,1991,0.0151455169920463
Cape Verde,1991,...
Central African Republic,1991,0.0156806934196677
Chad,1991,...
"Congo, DR",1991,...
"Congo, Republic",1991,...
Cote d'Ivoire,1991,0.00994003862515562
Djibouti,1991,0.0665088450757308
Equatorial Guinea,1991,...
Eritrea,1991,...
Ethiopia,1991,0.0570513154467309
Gabon,1991,...
"Gambia, The",1991,0.0050424326671404
Ghana,1991,0.00368975044988862
Guinea,1991,0.0238055425991604
Guinea-Bissau,1991,...
Kenya,1991,0.0235425808983553
Lesotho,1991,0.0288884695541125
Liberia,1991,0.0718390804597701
Madagascar,1991,0.0129634905775571
Malawi,1991,0.00440591433496884
Mali,1991,...
Mauritania,1991,0.0360051244917284
Mauritius,1991,0.00367421785897981
Mozambique,1991,0.0186267955697504
Namibia,1991,0.0561525495153814
Niger,1991,...
Nigeria,1991,0.00773691292368809
Rwanda,1991,0.0550917220341816
Senegal,1991,0.0154705556651557
Seychelles,1991,0.0442401898893995
Sierra Leone,1991,0.0127920056504565
Somalia,1991,...
South Africa,1991,0.0322263389360805
South Sudan,1991,...
Sudan,1991,0.0499230134581934
Eswatini,1991,0.0138451659383859
Tanzania,1991,0.0218177801099174
Togo,1991,0.0285935085007728
Uganda,1991,0.0250799847648067
Zambia,1991,0.023374458851178
Zimbabwe,1991,0.0397936507936508
Belize,1991,0.00818168468482646
Costa Rica,1991,...
Cuba,1991,...
Dominican Republic,1991,0.00348155032228406
El Salvador,1991,0.0273257745456787
Guatemala,1991,0.0126843726414995
Haiti,1991,0.00102727272727273
Honduras,1991,0.0154468554615668
Jamaica,1991,0.0075852456763707
Mexico,1991,0.00435402300782292
Nicaragua,1991,0.0400221575959008
Panama,1991,0.0122854731313889
Trinidad and Tobago,1991,...
Canada,1991,0.0189544433858064
United States of America,1991,0.0488342939776313
Argentina,1991,0.0150692655529635
Bolivia,1991,0.026883248571772
Brazil,1991,0.0196333333333333
Chile,1991,0.028498427672956
Colombia,1991,0.0185348178319724
Ecuador,1991,0.0127147161976289
Guyana,1991,0.00582892778319561
Paraguay,1991,0.028293270046069
Peru,1991,0.0201981593068921
Uruguay,1991,0.0239471219270806
Venezuela,1991,0.0184033527682396
Australia,1991,0.0216398943025625
Fiji,1991,0.0216678825384228
New Zealand,1991,0.0227879899517525
Papua New Guinea,1991,0.00924685894061952
Afghanistan,1991,...
Bangladesh,1991,0.0121442280200769
India,1991,0.0290997432764267
Nepal,1991,0.00868794915188911
Pakistan,1991,0.0657095278815428
Sri Lanka,1991,0.03082087848635
China,1991,0.0231124341155315
Japan,1991,0.00940821904384541
"Korea, North",1991,...
"Korea, South",1991,0.0371112784107967
Mongolia,1991,0.032315351247489
Taiwan,1991,0.0496639670302918
Brunei,1991,0.0640435012461295
Cambodia,1991,0.0232789658450414
Indonesia,1991,0.0132406418395881
Laos,1991,...
Malaysia,1991,0.0319928362097037
Myanmar,1991,0.0317100459309858
Philippines,1991,0.0201072106794016
Singapore,1991,0.0444835667304419
Thailand,1991,0.0264502481409377
Timor Leste,1991,...
Viet Nam,1991,0.0559531724614442
Kazakhstan,1991,...
Kyrgyz Republic,1991,...
Tajikistan,1991,...
Turkmenistan,1991,...
Uzbekistan,1991,...
Albania,1991,0.0579127042184833
Bosnia and Herzegovina,1991,...
Bulgaria,1991,0.0304323157297492
Croatia,1991,...
Czechia,1991,...
Czechoslovakia,1991,...
Estonia,1991,...
German Democratic Republic,1991,xxx
Hungary,1991,0.0216146979946364
Kosovo,1991,...
Latvia,1991,...
Lithuania,1991,...
North Macedonia,1991,...
Montenegro,1991,...
Poland,1991,0.0225165022520211
Romania,1991,0.0477333466430117
Serbia,1991,...
Slovakia,1991,...
Slovenia,1991,...
Yugoslavia,1991,...
Armenia,1991,...
Azerbaijan,1991,...
Belarus,1991,...
Georgia,1991,...
Moldova,1991,...
Russia,1991,...
Ukraine,1991,...
USSR,1991,...
Austria,1991,0.0115421711847241
Belgium,1991,0.0228769284712482
Cyprus,1991,0.0726477612246644
Denmark,1991,0.0191975873946774
Finland,1991,0.0178123103649322
France,1991,0.0284921925342208
Germany,1991,0.0197382250348754
Greece,1991,0.03484865109943
Iceland,1991,...
Ireland,1991,0.0125393531255992
Italy,1991,0.0185885268375554
Luxembourg,1991,0.00811385163106724
Malta,1991,0.00871119892244603
Netherlands,1991,0.0224853153093843
Norway,1991,0.0269755102919046
Portugal,1991,0.0182995478165992
Spain,1991,0.0212919223112803
Sweden,1991,0.0231988463219988
Switzerland,1991,0.0153782488553083
United Kingdom,1991,0.0411680242273171
European Union,1991,xxx
Bahrain,1991,0.0570375064815348
Egypt,1991,0.0361174470420041
Iran,1991,0.0216970796657052
Iraq,1991,...
Israel,1991,0.155869829136602
Jordan,1991,0.0997308956172497
Kuwait,1991,1.1734982320869
Lebanon,1991,0.0515488867376573
Oman,1991,0.110639102916896
Qatar,1991,0.13011254789272
Saudi Arabia,1991,0.124698079910217
Syria,1991,0.104257873181754
Türkiye,1991,0.0375436424807973
United Arab Emirates,1991,...
"Yemen, North",1991,xxx
Yemen,1991,0.0701121885858333
Algeria,1992,0.0214013212989672
Libya,1992,...
Morocco,1992,0.0429804827877283
Tunisia,1992,0.0170612587759433
Angola,1992,0.0568283054258138
Benin,1992,...
Botswana,1992,0.0448280904912553
Burkina Faso,1992,0.0204965156794425
Burundi,1992,0.0359563794790509
Cameroon,1992,0.0153260561383612
Cape Verde,1992,0.00992592471063058
Central African Republic,1992,0.0164212531741423
Chad,1992,0.0137465027279824
"Congo, DR",1992,...
"Congo, Republic",1992,0.0382928860778653
Cote d'Ivoire,1992,0.0101708680343167
Djibouti,1992,0.0676002805366394
Equatorial Guinea,1992,...
Eritrea,1992,...
Ethiopia,1992,0.0344170834936514
Gabon,1992,...
"Gambia, The",1992,0.00409650498904237
Ghana,1992,0.00377347219697109
Guinea,1992,0.0169464061466168
Guinea-Bissau,1992,...
Kenya,1992,0.0190074676245392
Lesotho,1992,0.0270645352476235
Liberia,1992,0.101342281879195
Madagascar,1992,0.00769921868015948
Malawi,1992,0.00574406265790803
Mali,1992,...
Mauritania,1992,0.0268906639883241
Mauritius,1992,0.0035442407333599
Mozambique,1992,0.0212975279140707
Namibia,1992,0.0425041876046901
Niger,1992,...
Nigeria,1992,0.00564010709444363
Rwanda,1992,0.0429060212378114
Senegal,1992,0.014439999325024
Seychelles,1992,0.0472738733060195
Sierra Leone,1992,0.0168778296601619
Somalia,1992,...
South Africa,1992,0.0281765061454765
South Sudan,1992,...
Sudan,1992,0.0438936351776834
Eswatini,1992,0.0163271154292264
Tanzania,1992,0.0210603925919978
Togo,1992,0.0293122886133033
Uganda,1992,0.0165917772135475
Zambia,1992,0.027050497634892
Zimbabwe,1992,0.0380277171820865
Belize,1992,0.00788094264285229
Costa Rica,1992,...
Cuba,1992,...
Dominican Republic,1992,0.00559086816093422
El Salvador,1992,0.0225357678228633
Guatemala,1992,0.0147262037513846
Haiti,1992,0.00110963715046605
Honduras,1992,...
Jamaica,1992,0.011078382456987
Mexico,1992,0.00469454655731209
Nicaragua,1992,0.0263275323516287
Panama,1992,0.0108347426748615
Trinidad and Tobago,1992,...
Canada,1992,0.0186168769986295
United States of America,1992,0.0497046680768284
Argentina,1992,0.0142122223348777
Bolivia,1992,0.0250611883346961
Brazil,1992,0.0152152886115445
Chile,1992,0.0262851046938573
Colombia,1992,0.0210667794255338
Ecuador,1992,0.0121330539339896
Guyana,1992,0.00969692301108401
Paraguay,1992,0.0236888997739081
Peru,1992,0.0250703504732668
Uruguay,1992,0.0284951481234276
Venezuela,1992,0.0164347885019412
Australia,1992,0.021677126248268
Fiji,1992,0.0184041410651212
New Zealand,1992,0.0209692028985507
Papua New Guinea,1992,0.00890351343106268
Afghanistan,1992,...
Bangladesh,1992,0.0136050314985351
India,1992,0.0270483970561409
Nepal,1992,0.00857172504281226
Pakistan,1992,0.0669818754925138
Sri Lanka,1992,0.0336763990096007
China,1992,0.0244954206753443
Japan,1992,0.00948312440331709
"Korea, North",1992,...
"Korea, South",1992,0.0369027269027269
Mongolia,1992,0.0190943719983615
Taiwan,1992,0.0469305547120325
Brunei,1992,0.0624514478073449
Cambodia,1992,0.0314593301435407
Indonesia,1992,0.0135687600701146
Laos,1992,0.0867531237046249
Malaysia,1992,0.0298642173584104
Myanmar,1992,0.0335451793339882
Philippines,1992,0.0203646157033354
Singapore,1992,0.0447136864604274
Thailand,1992,0.0265742287815579
Timor Leste,1992,...
Viet Nam,1992,0.0337458835450367
Kazakhstan,1992,...
Kyrgyz Republic,1992,0.0164230750551757
Tajikistan,1992,3.65714285714286e-06
Turkmenistan,1992,...
Uzbekistan,1992,...
Albania,1992,0.046708878237371
Bosnia and Herzegovina,1992,...
Bulgaria,1992,0.0297263384321224
Croatia,1992,0.0760738644340829
Czechia,1992,...
Czechoslovakia,1992,...
Estonia,1992,...
German Democratic Republic,1992,xxx
Hungary,1992,0.021796531721192
Kosovo,1992,...
Latvia,1992,...
Lithuania,1992,...
North Macedonia,1992,...
Montenegro,1992,...
Poland,1992,0.0223099944320713
Romania,1992,0.0424768251683067
Serbia,1992,...
Slovakia,1992,...
Slovenia,1992,0.0224723333231322
Yugoslavia,1992,...
Armenia,1992,0.0220338983050847
Azerbaijan,1992,0.0240022562120839
Belarus,1992,0.0162249864791779
Georgia,1992,...
Moldova,1992,...
Russia,1992,0.0442703232125367
Ukraine,1992,...
USSR,1992,xxx
Austria,1992,0.0109921407158669
Belgium,1992,0.0183233253009366
Cyprus,1992,0.0912928604418491
Denmark,1992,0.0185515102127163
Finland,1992,0.0190713101160862
France,1992,0.0272756816588629
Germany,1992,0.018360797299954
Greece,1992,0.0362980089042347
Iceland,1992,...
Ireland,1992,0.0120411854985202
Italy,1992,0.0175197698347487
Luxembourg,1992,0.00827198401049985
Malta,1992,0.00973183398963503
Netherlands,1992,0.0221300259630903
Norway,1992,0.0290717052046937
Portugal,1992,0.0180524410002279
Spain,1992,0.0204280367601027
Sweden,1992,0.0233879088257987
Switzerland,1992,0.0152370927239544
United Kingdom,1992,0.0386471776641263
European Union,1992,xxx
Bahrain,1992,0.058780719923865
Egypt,1992,0.0321550063172359
Iran,1992,0.0178930544437356
Iraq,1992,...
Israel,1992,0.10925077527679
Jordan,1992,0.0692424871901399
Kuwait,1992,0.317860244470914
Lebanon,1992,0.0798399831561217
Oman,1992,0.121840929027946
Qatar,1992,...
Saudi Arabia,1992,0.112841579833052
Syria,1992,0.0899066275596696
Türkiye,1992,0.0387056650021036
United Arab Emirates,1992,...
"Yemen, North",1992,xxx
Yemen,1992,0.0727704319121711
Algeria,1993,0.0250563157717782
Libya,1993,...
Morocco,1993,0.0465557168740476
Tunisia,1993,0.0173211395510226
Angola,1993,0.175225890755741
Benin,1993,...
Botswana,1993,0.0493349197298009
Burkina Faso,1993,0.0186252988480765
Burundi,1993,0.037202758201085
Cameroon,1993,0.0132612455061139
Cape Verde,1993,0.00756580531119533
Central African Republic,1993,0.0149708784517113
Chad,1993,0.0174558218311
"Congo, DR",1993,0.0522608568530078
"Congo, Republic",1993,0.0364486910824424
Cote d'Ivoire,1993,0.00973500965104727
Djibouti,1993,0.0615873724134084
Equatorial Guinea,1993,...
Eritrea,1993,0.213291139240506
Ethiopia,1993,0.0307168835064302
Gabon,1993,...
"Gambia, The",1993,0.00279219753894381
Ghana,1993,0.00421951639889914
Guinea,1993,0.013407093629396
Guinea-Bissau,1993,...
Kenya,1993,0.0183774159512733
Lesotho,1993,0.0247547266258969
Liberia,1993,0.189837905236908
Madagascar,1993,0.0112232401680386
Malawi,1993,0.0050889527831439
Mali,1993,0.0156379346508086
Mauritania,1993,0.0241242301834316
Mauritius,1993,0.00330254201972496
Mozambique,1993,0.0205907716535961
Namibia,1993,0.0246452375833154
Niger,1993,...
Nigeria,1993,0.00933218301724012
Rwanda,1993,0.0453637540088899
Senegal,1993,0.0166830404428701
Seychelles,1993,0.0275961340736171
Sierra Leone,1993,0.0130662854515732
Somalia,1993,...
South Africa,1993,0.0249552369800039
South Sudan,1993,...
Sudan,1993,0.0492111842294319
Eswatini,1993,0.0174804676490152
Tanzania,1993,0.0137927837082884
Togo,1993,0.040306556911723
Uganda,1993,0.0193136675611518
Zambia,1993,0.0142939824259298
Zimbabwe,1993,0.0330030387105298
Belize,1993,0.00844087949169837
Costa Rica,1993,...
Cuba,1993,...
Dominican Republic,1993,0.00755070036358464
El Salvador,1993,0.0167872879014223
Guatemala,1993,0.0126706017134887
Haiti,1993,0.000934226399919574
Honduras,1993,0.0115782978535854
Jamaica,1993,0.00821906410171071
Mexico,1993,0.00400441266975791
Nicaragua,1993,0.0210232558139535
Panama,1993,0.0119864522871209
Trinidad and Tobago,1993,0.00494773590298477
Canada,1993,0.0182175350392748
United States of America,1993,0.0460435029507644
Argentina,1993,0.0142280290057293
Bolivia,1993,0.0191634980988593
Brazil,1993,0.0192792281498297
Chile,1993,0.0270692293725521
Colombia,1993,0.0252526701829097
Ecuador,1993,0.015053435537415
Guyana,1993,0.00950952235978621
Paraguay,1993,0.0217854766482964
Peru,1993,0.0274610246918215
Uruguay,1993,0.0279239845208779
Venezuela,1993,0.0214525385503951
Australia,1993,0.0217544607354227
Fiji,1993,0.0180855931911651
New Zealand,1993,0.0193570187294845
Papua New Guinea,1993,0.00917458233626881
Afghanistan,1993,...
Bangladesh,1993,0.0142939051496523
India,1993,0.0282354224568723
Nepal,1993,0.00835090130011041
Pakistan,1993,0.0642731262310377
Sri Lanka,1993,0.0343178565351856
China,1993,0.0192806687404062
Japan,1993,0.00950663824755226
"Korea, North",1993,...
"Korea, South",1993,0.0341789483823914
Mongolia,1993,0.0171236270542572
Taiwan,1993,0.0495541097036132
Brunei,1993,0.0574023173528116
Cambodia,1993,0.0176128949875169
Indonesia,1993,0.0122355780893698
Laos,1993,0.081075112779583
Malaysia,1993,0.0287524536278848
Myanmar,1993,0.0352310856153263
Philippines,1993,0.0215753564016657
Singapore,1993,0.0409176493399803
Thailand,1993,0.0252482449877102
Timor Leste,1993,...
Viet Nam,1993,0.0225869469121191
Kazakhstan,1993,0.0106262020891113
Kyrgyz Republic,1993,0.0153179449829122
Tajikistan,1993,3.47685714285714e-05
Turkmenistan,1993,...
Uzbekistan,1993,...
Albania,1993,0.0319945106674965
Bosnia and Herzegovina,1993,...
Bulgaria,1993,0.0260927161179391
Croatia,1993,0.107267571545045
Czechia,1993,0.023304040663427
Czechoslovakia,1993,xxx
Estonia,1993,0.00761751960945642
German Democratic Republic,1993,xxx
Hungary,1993,0.0190656828980965
Kosovo,1993,...
Latvia,1993,0.00735295406430013
Lithuania,1993,0.00812260643325921
North Macedonia,1993,...
Montenegro,1993,...
Poland,1993,0.0246918731544486
Romania,1993,0.0274060801469377
Serbia,1993,...
Slovakia,1993,0.0199636032146556
Slovenia,1993,0.018173013500764
Yugoslavia,1993,xxx
Armenia,1993,0.0229664433319049
Azerbaijan,1993,0.0500046778569608
Belarus,1993,0.0279097146104819
Georgia,1993,...
Moldova,1993,0.00530067157581448
Russia,1993,0.0418132464712269
Ukraine,1993,0.00434645819133778
USSR,1993,xxx
Austria,1993,0.0111558454134251
Belgium,1993,0.0173596589343319
Cyprus,1993,0.0407495260499477
Denmark,1993,0.0187408519061274
Finland,1993,0.0186801150656572
France,1993,0.0272168441384594
Germany,1993,0.016772597330503
Greece,1993,0.0360012469561704
Iceland,1993,...
Ireland,1993,0.0113922514870102
Italy,1993,0.017867679733127
Luxembourg,1993,0.00707154433830032
Malta,1993,0.0100196104784451
Netherlands,1993,0.0202782940845455
Norway,1993,0.0263361861863617
Portugal,1993,0.0178650706580181
Spain,1993,0.020118717370405
Sweden,1993,0.0223500815954401
Switzerland,1993,0.0136696434518411
United Kingdom,1993,0.0359064951247979
European Union,1993,xxx
Bahrain,1993,0.0536985516733492
Egypt,1993,0.0309773699249923
Iran,1993,0.0170036120174971
Iraq,1993,...
Israel,1993,0.115232439907469
Jordan,1993,0.0697710941703805
Kuwait,1993,0.124402191802041
Lebanon,1993,0.0601127876848041
Oman,1993,0.115257307019735
Qatar,1993,...
Saudi Arabia,1993,0.124653722820651
Syria,1993,0.0723809984169376
Türkiye,1993,0.039214172544983
United Arab Emirates,1993,...
"Yemen, North",1993,xxx
Yemen,1993,0.0706392041645758
Algeria,1994,0.0314643001210165
Libya,1994,...
Morocco,1994,0.0449381938880623
Tunisia,1994,0.0174212321164965
Angola,1994,0.0570928069083604
Benin,1994,...
Botswana,1994,0.0400812039559554
Burkina Faso,1994,0.0142288472939781
Burundi,1994,0.0392111119751454
Cameroon,1994,0.0131034009188973
Cape Verde,1994,0.00838878589489836
Central African Republic,1994,0.0125588265167931
Chad,1994,0.0121772291754531
"Congo, DR",1994,...
"Congo, Republic",1994,...
Cote d'Ivoire,1994,0.00731597907508044
Djibouti,1994,0.0575744469878374
Equatorial Guinea,1994,0.0198642304021115
Eritrea,1994,0.127159420289855
Ethiopia,1994,0.0286843870238978
Gabon,1994,...
"Gambia, The",1994,0.00255557491763486
Ghana,1994,0.00426586695929125
Guinea,1994,0.0135611690454208
Guinea-Bissau,1994,0.00317965023847377
Kenya,1994,0.0164125280758672
Lesotho,1994,0.0274112240996011
Liberia,1994,0.297276853252648
Madagascar,1994,0.00926473487088508
Malawi,1994,0.00582363053840744
Mali,1994,0.0143802626563637
Mauritania,1994,0.0224086190780735
Mauritius,1994,0.00333145557537633
Mozambique,1994,0.0246322012864367
Namibia,1994,0.017512338730626
Niger,1994,0.0123237199847542
Nigeria,1994,0.00781452287737133
Rwanda,1994,0.03437876960193
Senegal,1994,0.0134761973804184
Seychelles,1994,0.024436854517362
Sierra Leone,1994,0.0125075325983502
Somalia,1994,...
South Africa,1994,0.0256196590060566
South Sudan,1994,...
Sudan,1994,0.0389783506504326
Eswatini,1994,0.01818089820086
Tanzania,1994,0.0129411406473615
Togo,1994,0.0258431085043988
Uganda,1994,0.0201578234788366
Zambia,1994,0.0171924538560915
Zimbabwe,1994,0.0311471290363111
Belize,1994,0.0105288722447478
Costa Rica,1994,...
Cuba,1994,...
Dominican Republic,1994,0.00733765624039859
El Salvador,1994,0.0135222117942445
Guatemala,1994,0.011785345993652
Haiti,1994,0.000742775407292475
Honduras,1994,...
Jamaica,1994,0.00629920602685154
Mexico,1994,0.00476011477226271
Nicaragua,1994,0.0118950040982787
Panama,1994,0.0119255655788032
Trinidad and Tobago,1994,0.00489219432314411
Canada,1994,0.0169668025731865
United States of America,1994,0.042152646751779
Argentina,1994,0.0145703853325047
Bolivia,1994,0.0225030123424626
Brazil,1994,0.02016007789121
Chile,1994,0.0259754498264789
Colombia,1994,0.0250840701347047
Ecuador,1994,0.0131569135777556
Guyana,1994,0.0100593672094627
Paraguay,1994,0.0204676637090921
Peru,1994,0.0247419793989292
Uruguay,1994,0.0257770556975008
Venezuela,1994,0.0159074692484412
Australia,1994,0.021137746508636
Fiji,1994,0.0170263727299194
New Zealand,1994,0.0185336848600438
Papua New Guinea,1994,0.0101320529871609
Afghanistan,1994,...
Bangladesh,1994,0.0152902366386599
India,1994,0.0266467372708604
Nepal,1994,0.00792864588289217
Pakistan,1994,0.0592354829296761
Sri Lanka,1994,0.0372933805803649
China,1994,0.0169347959870483
Japan,1994,0.00905931358699237
"Korea, North",1994,...
"Korea, South",1994,0.0319275266895546
Mongolia,1994,0.0165435558131062
Taiwan,1994,0.0466140030381275
Brunei,1994,0.0598247135891837
Cambodia,1994,0.0384234290025109
Indonesia,1994,0.0126615561718382
Laos,1994,0.0752200406228842
Malaysia,1994,0.0284711528130931
Myanmar,1994,0.0354112112764238
Philippines,1994,0.0217244658668699
Singapore,1994,0.0379143512807907
Thailand,1994,0.0250238335344718
Timor Leste,1994,...
Viet Nam,1994,0.026493553048719
Kazakhstan,1994,0.00838731749307495
Kyrgyz Republic,1994,0.0258636182108626
Tajikistan,1994,1.71980198019802e-05
Turkmenistan,1994,0.0179764705882353
Uzbekistan,1994,0.0152748235149049
Albania,1994,0.0254781906037648
Bosnia and Herzegovina,1994,...
Bulgaria,1994,0.0249261728620574
Croatia,1994,0.111481772894242
Czechia,1994,0.0228340085763757
Czechoslovakia,1994,xxx
Estonia,1994,0.0104163027365878
German Democratic Republic,1994,xxx
Hungary,1994,0.0182413438385634
Kosovo,1994,...
Latvia,1994,0.00838757226966531
Lithuania,1994,0.00493377598492433
North Macedonia,1994,...
Montenegro,1994,...
Poland,1994,0.0227323210335054
Romania,1994,0.0311472840805896
Serbia,1994,...
Slovakia,1994,0.0193951901446386
Slovenia,1994,0.0165407466226615
Yugoslavia,1994,xxx
Armenia,1994,...
Azerbaijan,1994,0.01946584590385
Belarus,1994,0.0362160825483893
Georgia,1994,...
Moldova,1994,0.00773794067290296
Russia,1994,0.045237006553879
Ukraine,1994,0.0241777179479269
USSR,1994,xxx
Austria,1994,0.0109445307622703
Belgium,1994,0.0167714315012305
Cyprus,1994,0.0402398919595774
Denmark,1994,0.0174260026232195
Finland,1994,0.0175560359540335
France,1994,0.0269073238306963
Germany,1994,0.015366036133542
Greece,1994,0.0358197232877289
Iceland,1994,...
Ireland,1994,0.0110873259118524
Italy,1994,0.0171374275955101
Luxembourg,1994,0.00741561435509644
Malta,1994,0.0102405911504141
Netherlands,1994,0.0191306097545144
Norway,1994,0.0267698123806063
Portugal,1994,0.0168121275838708
Spain,1994,0.0200133740218861
Sweden,1994,0.0210703239487222
Switzerland,1994,0.0133228409403183
United Kingdom,1994,0.0338193371776532
European Union,1994,xxx
Bahrain,1994,0.0511130218782841
Egypt,1994,0.0315393465100637
Iran,1994,0.0207301000512615
Iraq,1994,...
Israel,1994,0.101199658353758
Jordan,1994,0.0653945701855829
Kuwait,1994,0.13259238782833
Lebanon,1994,0.0699771316563215
Oman,1994,0.11766452600004
Qatar,1994,...
Saudi Arabia,1994,0.10644781673538
Syria,1994,0.0736414273040362
Türkiye,1994,0.0405135933699201
United Arab Emirates,1994,...
"Yemen, North",1994,xxx
Yemen,1994,0.083987590412286
Algeria,1995,0.0293502710736712
Libya,1995,...
Morocco,1995,0.0434741049396921
Tunisia,1995,0.0174470758582503
Angola,1995,0.0470739276826233
Benin,1995,...
Botswana,1995,0.0350647971949777
Burkina Faso,1995,0.0138304269392664
Burundi,1995,0.0420907289936566
Cameroon,1995,0.0125164483851881
Cape Verde,1995,0.0126508085113154
Central African Republic,1995,0.0116678191990947
Chad,1995,0.0089855575134087
"Congo, DR",1995,...
"Congo, Republic",1995,...
Cote d'Ivoire,1995,...
Djibouti,1995,0.0579164602938749
Equatorial Guinea,1995,0.020456168533629
Eritrea,1995,0.195391124143288
Ethiopia,1995,0.0222561605430131
Gabon,1995,...
"Gambia, The",1995,0.00304615670171595
Ghana,1995,0.00335747716894977
Guinea,1995,...
Guinea-Bissau,1995,0.00495568090249799
Kenya,1995,0.0164671623136492
Lesotho,1995,0.0324188937641956
Liberia,1995,...
Madagascar,1995,0.00859887969729569
Malawi,1995,0.00323789982357904
Mali,1995,0.0149701708229888
Mauritania,1995,0.0226015463356202
Mauritius,1995,0.00332825601093285
Mozambique,1995,0.0109304195371498
Namibia,1995,0.0194789863056824
Niger,1995,0.00970976253298153
Nigeria,1995,0.00483558767048935
Rwanda,1995,0.00607802874743326
Senegal,1995,0.0131009911066192
Seychelles,1995,0.0228118026283164
Sierra Leone,1995,0.0123701082989956
Somalia,1995,...
South Africa,1995,0.0211786404667743
South Sudan,1995,...
Sudan,1995,0.0207304526748971
Eswatini,1995,0.0169333926177873
Tanzania,1995,0.0162721403741102
Togo,1995,0.0185752563400778
Uganda,1995,0.0210151053274244
Zambia,1995,0.0145168841419497
Zimbabwe,1995,0.0318165315260801
Belize,1995,0.0101132983352715
Costa Rica,1995,...
Cuba,1995,...
Dominican Republic,1995,0.00549477867602509
El Salvador,1995,0.0117505832785871
Guatemala,1995,0.0108042737364637
Haiti,1995,0.000819197504607968
Honduras,1995,...
Jamaica,1995,0.00538709243142773
Mexico,1995,0.00411044545371404
Nicaragua,1995,0.0110282030687536
Panama,1995,0.0111575688974104
Trinidad and Tobago,1995,...
Canada,1995,0.0155409007114777
United States of America,1995,0.038602457917389
Argentina,1995,0.0147307310721151
Bolivia,1995,0.0209616225791141
Brazil,1995,0.0186213698033379
Chile,1995,0.0256206462916649
Colombia,1995,0.0283162658057701
Ecuador,1995,0.0198760353101763
Guyana,1995,0.00915520386083765
Paraguay,1995,0.022834245690128
Peru,1995,0.0263532409935627
Uruguay,1995,0.0271463667452926
Venezuela,1995,0.0154906215977261
Australia,1995,0.0201963487798019
Fiji,1995,0.016257873899244
New Zealand,1995,0.018424965987112
Papua New Guinea,1995,0.00775516093293818
Afghanistan,1995,...
Bangladesh,1995,0.0156669314074255
India,1995,0.0257848357246069
Nepal,1995,0.00767151166826895
Pakistan,1995,0.0582022528285793
Sri Lanka,1995,0.0586113224274153
China,1995,0.0168623388691537
Japan,1995,0.0090093030549817
"Korea, North",1995,...
"Korea, South",1995,0.028923329861881
Mongolia,1995,0.0162050592646532
Taiwan,1995,0.0410726477526989
Brunei,1995,0.0547726596521598
Cambodia,1995,0.0357731057861843
Indonesia,1995,0.0122630986064236
Laos,1995,0.0583419558712492
Malaysia,1995,0.027513451070467
Myanmar,1995,0.0368483237946254
Philippines,1995,0.0229413153545476
Singapore,1995,0.0418255823202502
Thailand,1995,0.022737823729037
Timor Leste,1995,...
Viet Nam,1995,...
Kazakhstan,1995,0.0103242166274226
Kyrgyz Republic,1995,0.0345861592681371
Tajikistan,1995,0.0109861325115562
Turkmenistan,1995,0.0231584615384615
Uzbekistan,1995,0.00883906988706055
Albania,1995,0.0205358735905793
Bosnia and Herzegovina,1995,...
Bulgaria,1995,0.0163834575680207
Croatia,1995,0.0910152769738719
Czechia,1995,0.0175885533074022
Czechoslovakia,1995,xxx
Estonia,1995,0.00930586008373083
German Democratic Republic,1995,xxx
Hungary,1995,0.013139594616011
Kosovo,1995,...
Latvia,1995,0.00831537179120737
Lithuania,1995,0.00451480223246298
North Macedonia,1995,...
Montenegro,1995,...
Poland,1995,0.0190379957330223
Romania,1995,0.0261344768528808
Serbia,1995,...
Slovakia,1995,0.0310070289089865
Slovenia,1995,0.0156609458436673
Yugoslavia,1995,xxx
Armenia,1995,0.0405931190833614
Azerbaijan,1995,0.0273690130284
Belarus,1995,0.0169946376942909
Georgia,1995,...
Moldova,1995,0.00925966651311053
Russia,1995,0.0378442996742671
Ukraine,1995,0.0273494760851588
USSR,1995,xxx
Austria,1995,0.0107323205206951
Belgium,1995,0.015446405538339
Cyprus,1995,0.0304103421492608
Denmark,1995,0.0168675957369556
Finland,1995,0.0142254149924916
France,1995,0.0251542226280158
Germany,1995,0.0148727246874621
Greece,1995,0.0309663675025723
Iceland,1995,...
Ireland,1995,0.0101536302332693
Italy,1995,0.0145963717676225
Luxembourg,1995,0.0061631229536522
Malta,1995,0.00839629966950651
Netherlands,1995,0.0176873757696223
Norway,1995,0.0230745749830242
Portugal,1995,0.0170715787362033
Spain,1995,0.0191702239465122
Sweden,1995,0.0174250521093618
Switzerland,1995,0.0135581088252354
United Kingdom,1995,0.0285419949053587
European Union,1995,xxx
Bahrain,1995,0.0518323179048832
Egypt,1995,0.0308203623414837
Iran,1995,0.0215416588498039
Iraq,1995,...
Israel,1995,0.0752795654363498
Jordan,1995,0.0445424850464514
Kuwait,1995,0.135815813052368
Lebanon,1995,0.0671192798911137
Oman,1995,0.109676477238468
Qatar,1995,...
Saudi Arabia,1995,0.0927846839011516
Syria,1995,0.0694969131748325
Türkiye,1995,0.0390164973474904
United Arab Emirates,1995,...
"Yemen, North",1995,xxx
Yemen,1995,0.0635057848305458
Algeria,1996,0.030940883958553
Libya,1996,...
Morocco,1996,0.0394909292657436
Tunisia,1996,0.0186753522903203
Angola,1996,0.0244784815671705
Benin,1996,...
Botswana,1996,0.0289952149833484
Burkina Faso,1996,0.0128708847039697
Burundi,1996,0.0585688491874941
Cameroon,1996,0.0122483788338251
Cape Verde,1996,0.008441753102704
Central African Republic,1996,0.0121019207119553
Chad,1996,0.0100166734233204
"Congo, DR",1996,0.015468010910472
"Congo, Republic",1996,...
Cote d'Ivoire,1996,0.00611814463966836
Djibouti,1996,0.0508047879345913
Equatorial Guinea,1996,...
Eritrea,1996,0.203448190649491
Ethiopia,1996,0.0211713848911382
Gabon,1996,...
"Gambia, The",1996,0.00397307469403729
Ghana,1996,0.00286903633491311
Guinea,1996,...
Guinea-Bissau,1996,0.00566593083149375
Kenya,1996,0.014179547033567
Lesotho,1996,0.0282467366309587
Liberia,1996,...
Madagascar,1996,0.0123763444173934
Malawi,1996,0.00361847121057508
Mali,1996,0.0142841059416252
Mauritania,1996,0.0262634120713694
Mauritius,1996,0.00293390184375287
Mozambique,1996,0.00894205564420208
Namibia,1996,0.0190360402371594
Niger,1996,0.00861401471157569
Nigeria,1996,0.00406177811568832
Rwanda,1996,0.0532855611635214
Senegal,1996,0.0124391793737025
Seychelles,1996,0.0209574851017878
Sierra Leone,1996,0.00849855684883699
Somalia,1996,...
South Africa,1996,0.0175587879819291
South Sudan,1996,...
Sudan,1996,0.0126932620729147
Eswatini,1996,0.0165257773101622
Tanzania,1996,0.0155535029886083
Togo,1996,...
Uganda,1996,0.0221091090169168
Zambia,1996,0.010518095531385
Zimbabwe,1996,0.0288277157260057
Belize,1996,0.00962038381608788
Costa Rica,1996,...
Cuba,1996,...
Dominican Republic,1996,0.00633651609977827
El Salvador,1996,0.0107440915279515
Guatemala,1996,0.00895717413539242
Haiti,1996,...
Honduras,1996,...
Jamaica,1996,0.00567656626792595
Mexico,1996,0.0043569107787377
Nicaragua,1996,0.00949704913116282
Panama,1996,0.0108559230216368
Trinidad and Tobago,1996,...
Canada,1996,0.0140375258106455
United States of America,1996,0.0355498220635218
Argentina,1996,0.0124122726437626
Bolivia,1996,0.0198680754250518
Brazil,1996,0.0165484349950291
Chile,1996,0.0242329858662731
Colombia,1996,0.0444539325396431
Ecuador,1996,0.016897249235818
Guyana,1996,0.0078783093358105
Paraguay,1996,0.0206378993670781
Peru,1996,0.0250202659772583
Uruguay,1996,0.0280593839042227
Venezuela,1996,0.0103948338355238
Australia,1996,0.0192972572930819
Fiji,1996,0.0142424634501108
New Zealand,1996,0.0179266217547491
Papua New Guinea,1996,0.0101731136644028
Afghanistan,1996,...
Bangladesh,1996,0.015390735944898
India,1996,0.024727682254674
Nepal,1996,0.00733931488597476
Pakistan,1996,0.0603716630506556
Sri Lanka,1996,0.0551978316113981
China,1996,0.0165272667000964
Japan,1996,0.00894648972187736
"Korea, North",1996,...
"Korea, South",1996,0.0274347966333348
Mongolia,1996,0.0177694736936813
Taiwan,1996,0.0401973971547634
Brunei,1996,0.0624949383149313
Cambodia,1996,0.0323845458339129
Indonesia,1996,0.0126439252827808
Laos,1996,0.041867068435997
Malaysia,1996,0.0240056437500985
Myanmar,1996,0.0349342786434001
Philippines,1996,0.022684076761575
Singapore,1996,0.0425807867594854
Thailand,1996,0.0215152508135528
Timor Leste,1996,...
Viet Nam,1996,...
Kazakhstan,1996,0.0120199445983379
Kyrgyz Republic,1996,0.029882731534704
Tajikistan,1996,0.0128914100486224
Turkmenistan,1996,0.0204174435876061
Uzbekistan,1996,0.00984546296961412
Albania,1996,0.0137902962734156
Bosnia and Herzegovina,1996,...
Bulgaria,1996,0.0173742958266484
Croatia,1996,0.0807513154938036
Czechia,1996,0.0165758607725057
Czechoslovakia,1996,xxx
Estonia,1996,0.00866311409441128
German Democratic Republic,1996,xxx
Hungary,1996,0.0124968177456491
Kosovo,1996,...
Latvia,1996,0.00657943813358724
Lithuania,1996,0.00501283930563048
North Macedonia,1996,0.0281367674231936
Montenegro,1996,...
Poland,1996,0.0191739242748542
Romania,1996,0.0236907292563377
Serbia,1996,0.0316000596260261
Slovakia,1996,0.0293418881478054
Slovenia,1996,0.0153702782548185
Yugoslavia,1996,xxx
Armenia,1996,0.0328186700423013
Azerbaijan,1996,0.0225423034135488
Belarus,1996,0.0126069255990701
Georgia,1996,0.0221017302703038
Moldova,1996,0.00906693656299238
Russia,1996,0.0375655882080282
Ukraine,1996,0.0317883449282933
USSR,1996,xxx
Austria,1996,0.0104968297742271
Belgium,1996,0.0151931684175109
Cyprus,1996,0.0452471482889734
Denmark,1996,0.016461435449497
Finland,1996,0.0153047227121301
France,1996,0.0243766326434912
Germany,1996,0.0145737175283167
Greece,1996,0.0323732069026365
Iceland,1996,...
Ireland,1996,0.00990896265766987
Italy,1996,0.0158142783542643
Luxembourg,1996,0.00611795282179392
Malta,1996,0.00871057168117547
Netherlands,1996,0.0173454966695627
Norway,1996,0.0216304215907884
Portugal,1996,0.0160164031322082
Spain,1996,0.0181443901615473
Sweden,1996,0.0147343176529016
Switzerland,1996,0.0128375680158363
United Kingdom,1996,0.0272459232198324
European Union,1996,xxx
Bahrain,1996,0.0527393976376237
Egypt,1996,0.0297481186979645
Iran,1996,0.0224486451064281
Iraq,1996,...
Israel,1996,0.0737917726384435
Jordan,1996,0.0602691751674709
Kuwait,1996,0.102926484718519
Lebanon,1996,0.0566185242685313
Oman,1996,0.0940707829017925
Qatar,1996,...
Saudi Arabia,1996,0.0846807775904446
Syria,1996,0.0604191605498678
Türkiye,1996,0.0413969694261893
United Arab Emirates,1996,...
"Yemen, North",1996,xxx
Yemen,1996,0.0528134594096812
Algeria,1997,0.0363740346813324
Libya,1997,0.0407802671566895
Morocco,1997,0.0419265940634305
Tunisia,1997,0.0172638454432232
Angola,1997,0.0597226820719497
Benin,1997,...
Botswana,1997,0.0319720462718414
Burkina Faso,1997,0.0141705504471596
Burundi,1997,0.0635965296132281
Cameroon,1997,0.0130124174610687
Cape Verde,1997,0.00831007455137562
Central African Republic,1997,...
Chad,1997,0.00697722260505036
"Congo, DR",1997,0.0141085112381148
"Congo, Republic",1997,...
Cote d'Ivoire,1997,0.00577204483263576
Djibouti,1997,0.0547498607759421
Equatorial Guinea,1997,...
Eritrea,1997,0.118604149677876
Ethiopia,1997,0.033431774775412
Gabon,1997,...
"Gambia, The",1997,0.00407575945502193
Ghana,1997,0.00287938176197836
Guinea,1997,0.0117281926203606
Guinea-Bissau,1997,0.00650521152667075
Kenya,1997,0.0134063859838611
Lesotho,1997,0.0271217734729986
Liberia,1997,...
Madagascar,1997,0.0148191235942607
Malawi,1997,0.00406114394732904
Mali,1997,0.0149685223773671
Mauritania,1997,0.0296726008736906
Mauritius,1997,0.002340788927524
Mozambique,1997,0.00862075979464516
Namibia,1997,0.0230135514297654
Niger,1997,0.00932594644506002
Nigeria,1997,0.00435835755422039
Rwanda,1997,0.0417352561260538
Senegal,1997,0.011969122297618
Seychelles,1997,0.0202481003710903
Sierra Leone,1997,0.0048048255613625
Somalia,1997,...
South Africa,1997,0.0158213355671958
South Sudan,1997,...
Sudan,1997,0.00954328561690525
Eswatini,1997,0.0149483917047487
Tanzania,1997,0.0154354453955173
Togo,1997,...
Uganda,1997,0.0211670724007935
Zambia,1997,0.0100766103765507
Zimbabwe,1997,0.0299826689774697
Belize,1997,0.0111142453608722
Costa Rica,1997,...
Cuba,1997,...
Dominican Republic,1997,0.00796926406823975
El Salvador,1997,0.0100776620629422
Guatemala,1997,0.0074281794332224
Haiti,1997,...
Honduras,1997,...
Jamaica,1997,0.00655054826817414
Mexico,1997,0.00417243861215643
Nicaragua,1997,0.00894669832421458
Panama,1997,0.0117017056723522
Trinidad and Tobago,1997,...
Canada,1997,0.0124624320151167
United States of America,1997,0.0340556224418855
Argentina,1997,0.0114013911131295
Bolivia,1997,0.0227361030066829
Brazil,1997,0.0157768831551774
Chile,1997,0.0247364271374518
Colombia,1997,0.0280178788575936
Ecuador,1997,0.018110665611487
Guyana,1997,...
Paraguay,1997,0.0168568030658609
Peru,1997,0.0199676996833552
Uruguay,1997,0.0239972074691363
Venezuela,1997,0.0179528505216579
Australia,1997,0.0186485958622229
Fiji,1997,0.0136495958076192
New Zealand,1997,0.0171947356766697
Papua New Guinea,1997,0.010753537542736
Afghanistan,1997,...
Bangladesh,1997,0.0157166792587459
India,1997,0.0264773242601716
Nepal,1997,0.00717627970083392
Pakistan,1997,0.056212164889017
Sri Lanka,1997,0.0463060207374592
China,1997,0.0163265067284541
Japan,1997,0.00904515219581402
"Korea, North",1997,...
"Korea, South",1997,0.0266338780772064
Mongolia,1997,0.0163873482170006
Taiwan,1997,0.0372365565247716
Brunei,1997,0.0718396455211652
Cambodia,1997,0.0300336116231161
Indonesia,1997,0.0149774173762735
Laos,1997,0.0383900703742237
Malaysia,1997,0.0208555865079224
Myanmar,1997,0.0231372237705347
Philippines,1997,0.019144613761672
Singapore,1997,0.0445180554322353
Thailand,1997,0.0217392250470724
Timor Leste,1997,...
Viet Nam,1997,...
Kazakhstan,1997,0.0111293900645579
Kyrgyz Republic,1997,0.0311226727759184
Tajikistan,1997,0.0169509493670886
Turkmenistan,1997,0.0396227021447804
Uzbekistan,1997,0.0111881208629618
Albania,1997,0.0128308078036268
Bosnia and Herzegovina,1997,...
Bulgaria,1997,0.0215948029978631
Croatia,1997,0.0747805189562736
Czechia,1997,0.015803034972859
Czechoslovakia,1997,xxx
Estonia,1997,0.0102886453383652
German Democratic Republic,1997,xxx
Hungary,1997,0.0146833921798512
Kosovo,1997,...
Latvia,1997,0.0059826833706743
Lithuania,1997,0.00743584548384698
North Macedonia,1997,0.0212824694412777
Montenegro,1997,...
Poland,1997,0.0199649463419658
Romania,1997,0.0301764996200519
Serbia,1997,0.0336740339732567
Slovakia,1997,0.0226783995445767
Slovenia,1997,0.0140287074092784
Yugoslavia,1997,xxx
Armenia,1997,0.0390939855980585
Azerbaijan,1997,0.0232404979925782
Belarus,1997,0.0176896655126353
Georgia,1997,0.0125358766896378
Moldova,1997,0.0090277252095021
Russia,1997,0.0403980929678188
Ukraine,1997,0.0398824090389786
USSR,1997,xxx
Austria,1997,0.0104643398189713
Belgium,1997,0.014578661900969
Cyprus,1997,0.05573910769889
Denmark,1997,0.0161872430785355
Finland,1997,0.0153515505066012
France,1997,0.0239395696754189
Germany,1997,0.0140270759051929
Greece,1997,0.0329602741401833
Iceland,1997,...
Ireland,1997,0.00923621423991217
Italy,1997,0.0161893523792895
Luxembourg,1997,0.00619164073380448
Malta,1997,0.00822349255968959
Netherlands,1997,0.0163818103121788
Norway,1997,0.0201605130811152
Portugal,1997,0.0154154760574092
Spain,1997,0.0172281567944182
Sweden,1997,0.0189568067997443
Switzerland,1997,0.0122086410342116
United Kingdom,1997,0.0256014877225605
European Union,1997,xxx
Bahrain,1997,0.0506848741255812
Egypt,1997,0.0284148521846447
Iran,1997,0.0249887472505777
Iraq,1997,...
Israel,1997,0.0717952158691366
Jordan,1997,0.0613150620936661
Kuwait,1997,0.080864758714549
Lebanon,1997,0.0430515463917526
Oman,1997,0.093579111585516
Qatar,1997,...
Saudi Arabia,1997,0.110009354234167
Syria,1997,0.0588275531842123
Türkiye,1997,0.0410367223056831
United Arab Emirates,1997,0.0675906148063517
"Yemen, North",1997,xxx
Yemen,1997,0.0580575259672107
Algeria,1998,0.0396567378793071
Libya,1998,0.0529744153194161
Morocco,1998,0.034563343607373
Tunisia,1998,0.0167797151546674
Angola,1998,0.0264201188106298
Benin,1998,...
Botswana,1998,0.0377939884443731
Burkina Faso,1998,0.012763626403725
Burundi,1998,0.0657227250690963
Cameroon,1998,0.0139650943786737
Cape Verde,1998,0.00858540442487481
Central African Republic,1998,...
Chad,1998,0.00598524353955962
"Congo, DR",1998,0.00428454161411096
"Congo, Republic",1998,...
Cote d'Ivoire,1998,...
Djibouti,1998,0.056508745401074
Equatorial Guinea,1998,...
Eritrea,1998,0.324970666110039
Ethiopia,1998,0.0727693614895529
Gabon,1998,...
"Gambia, The",1998,0.00384833814905964
Ghana,1998,0.00334707661290323
Guinea,1998,0.0125499180312356
Guinea-Bissau,1998,0.014047619047619
Kenya,1998,0.0122012251882916
Lesotho,1998,0.0285192846653195
Liberia,1998,...
Madagascar,1998,0.0134892749207597
Malawi,1998,0.00338641668549055
Mali,1998,0.0140463231082634
Mauritania,1998,0.0186244096675618
Mauritius,1998,0.00202814817776534
Mozambique,1998,0.00887476838774871
Namibia,1998,0.0232183724519666
Niger,1998,0.0106122448979592
Nigeria,1998,0.00548312392864221
Rwanda,1998,0.0437764728159408
Senegal,1998,0.0117914185452607
Seychelles,1998,0.0173291558768129
Sierra Leone,1998,0.00643666734495763
Somalia,1998,...
South Africa,1998,0.0138316672312245
South Sudan,1998,...
Sudan,1998,0.0237964989059081
Eswatini,1998,0.0164720895062658
Tanzania,1998,0.0160197154683142
Togo,1998,...
Uganda,1998,0.0244235581316614
Zambia,1998,...
Zimbabwe,1998,...
Belize,1998,...
Costa Rica,1998,...
Cuba,1998,...
Dominican Republic,1998,0.00780062374149808
El Salvador,1998,0.00922942907935975
Guatemala,1998,0.00720839850994178
Haiti,1998,...
Honduras,1998,...
Jamaica,1998,0.00544947828971664
Mexico,1998,0.00405987604918763
Nicaragua,1998,0.00735362192331601
Panama,1998,0.00951292019208781
Trinidad and Tobago,1998,...
Canada,1998,0.0125629390156868
United States of America,1998,0.0320155849896996
Argentina,1998,0.0113631802186333
Bolivia,1998,0.0269111085956905
Brazil,1998,0.0166229191975824
Chile,1998,0.0257620115809555
Colombia,1998,0.0344098574204708
Ecuador,1998,0.0201895367462851
Guyana,1998,...
Paraguay,1998,0.0154315371528311
Peru,1998,0.0201666134194933
Uruguay,1998,0.022581336824168
Venezuela,1998,0.0158855520454273
Australia,1998,0.0186888717465027
Fiji,1998,0.0125918886595729
New Zealand,1998,0.0171057230025219
Papua New Guinea,1998,0.0087922032066839
Afghanistan,1998,...
Bangladesh,1998,0.0156753519839217
India,1998,0.0272731141679376
Nepal,1998,0.00755393438669459
Pakistan,1998,0.054150950442544
Sri Lanka,1998,0.0464346408117958
China,1998,0.0165508069090551
Japan,1998,0.00923513329235146
"Korea, North",1998,...
"Korea, South",1998,0.0279444200391705
Mongolia,1998,0.0190653754569999
Taiwan,1998,0.0329117783126571
Brunei,1998,0.0752984389348026
Cambodia,1998,0.0266204789979779
Indonesia,1998,0.0101911684387405
Laos,1998,0.0259421725390312
Malaysia,1998,0.0160533534809333
Myanmar,1998,0.0253962410781848
Philippines,1998,0.0169729337975318
Singapore,1998,0.0520979627795524
Thailand,1998,0.0185636828124458
Timor Leste,1998,...
Viet Nam,1998,...
Kazakhstan,1998,0.0114973828325921
Kyrgyz Republic,1998,0.0266756189038483
Tajikistan,1998,0.0171303160358954
Turkmenistan,1998,0.0311402734984911
Uzbekistan,1998,...
Albania,1998,0.0123824256064749
Bosnia and Herzegovina,1998,...
Bulgaria,1998,0.0213151621324202
Croatia,1998,0.0554555805177024
Czechia,1998,0.0173559766220784
Czechoslovakia,1998,xxx
Estonia,1998,0.0105677341127574
German Democratic Republic,1998,xxx
Hungary,1998,0.0126775175126137
Kosovo,1998,...
Latvia,1998,0.00604779500640058
Lithuania,1998,0.0122394047483022
North Macedonia,1998,0.0209823976120451
Montenegro,1998,...
Poland,1998,0.019916575833585
Romania,1998,0.0300417486391887
Serbia,1998,0.0305713147460424
Slovakia,1998,0.017353509879857
Slovenia,1998,0.0136530877958536
Yugoslavia,1998,xxx
Armenia,1998,0.0352809600318196
Azerbaijan,1998,0.0241235591259715
Belarus,1998,0.0149509870243434
Georgia,1998,0.0113697395615685
Moldova,1998,0.00624855228169175
Russia,1998,0.0273264908865687
Ukraine,1998,0.0324403179965191
USSR,1998,xxx
Austria,1998,0.0101807286299799
Belgium,1998,0.0141739581246631
Cyprus,1998,0.0467631794591642
Denmark,1998,0.0160907118109632
Finland,1998,0.0146317555780765
France,1998,0.022468089386267
Germany,1998,0.0138165698909139
Greece,1998,0.0345541464568208
Iceland,1998,...
Ireland,1998,0.00823067638264075
Italy,1998,0.0163621282256544
Luxembourg,1998,0.00641796393004664
Malta,1998,0.00725207281017275
Netherlands,1998,0.0155853398473808
Norway,1998,0.0215582766096953
Portugal,1998,0.0142301869395635
Spain,1998,0.0175731994886122
Sweden,1998,0.0185898135400003
Switzerland,1998,0.0118520390139366
United Kingdom,1998,0.0249596227501881
European Union,1998,xxx
Bahrain,1998,0.0533310395251817
Egypt,1998,0.0265938329094369
Iran,1998,0.0262907924769004
Iraq,1998,...
Israel,1998,0.0671359953153999
Jordan,1998,0.0627462165100982
Kuwait,1998,0.0879655979257573
Lebanon,1998,0.0402325225638672
Oman,1998,0.0821609216715177
Qatar,1998,...
Saudi Arabia,1998,0.143110374500593
Syria,1998,0.0580838111238747
Türkiye,1998,0.0318220800142332
United Arab Emirates,1998,0.0862972120984848
"Yemen, North",1998,xxx
Yemen,1998,0.0608156870413826
Algeria,1999,0.0375507998270644
Libya,1999,0.037838602447132
Morocco,1999,0.0242076323622306
Tunisia,1999,0.0155607575730874
Angola,1999,0.17334692213616
Benin,1999,0.00485389230497635
Botswana,1999,0.0309207375530236
Burkina Faso,1999,0.0123191199892624
Burundi,1999,0.0625764365683521
Cameroon,1999,0.0144385239060644
Cape Verde,1999,0.00838543201162953
Central African Republic,1999,...
Chad,1999,0.00885368766386186
"Congo, DR",1999,0.0115815066378512
"Congo, Republic",1999,...
Cote d'Ivoire,1999,...
Djibouti,1999,0.0547808971304258
Equatorial Guinea,1999,...
Eritrea,1999,0.343777684538841
Ethiopia,1999,0.0950694268259021
Gabon,1999,...
"Gambia, The",1999,0.00325833061382465
Ghana,1999,0.00333671099852227
Guinea,1999,0.0159513114331129
Guinea-Bissau,1999,...
Kenya,1999,0.0118697414805458
Lesotho,1999,0.0356245119166974
Liberia,1999,...
Madagascar,1999,0.0121022921655833
Malawi,1999,0.00332170301359544
Mali,1999,0.0149228992788343
Mauritania,1999,0.0227363788853198
Mauritius,1999,0.00208135283363803
Mozambique,1999,0.00899191140105439
Namibia,1999,0.0312403306903887
Niger,1999,0.0116690809592789
Nigeria,1999,0.00855415630326234
Rwanda,1999,0.0444810543657331
Senegal,1999,0.0120212680514523
Seychelles,1999,0.0178292544212037
Sierra Leone,1999,0.0109319455027975
Somalia,1999,...
South Africa,1999,0.0127205293062738
South Sudan,1999,...
Sudan,1999,0.0400975645811006
Eswatini,1999,0.0168450591336061
Tanzania,1999,0.0148766265966724
Togo,1999,...
Uganda,1999,0.0265573403225382
Zambia,1999,0.0164831846043945
Zimbabwe,1999,0.0223808309966862
Belize,1999,...
Costa Rica,1999,...
Cuba,1999,...
Dominican Republic,1999,0.0081624388755279
El Salvador,1999,0.00920549239593538
Guatemala,1999,0.00675600759866063
Haiti,1999,...
Honduras,1999,...
Jamaica,1999,0.00511051526418673
Mexico,1999,0.00420263793911023
Nicaragua,1999,0.0071949282543475
Panama,1999,0.00974136501313688
Trinidad and Tobago,1999,...
Canada,1999,0.0124170306410258
United States of America,1999,0.0308567678324746
Argentina,1999,0.0122035954754993
Bolivia,1999,0.0213328709491197
Brazil,1999,0.0164547466656987
Chile,1999,0.0270268274607335
Colombia,1999,0.0376274205786296
Ecuador,1999,0.0155598240646013
Guyana,1999,...
Paraguay,1999,0.0138876785203796
Peru,1999,0.0193063071870992
Uruguay,1999,0.023944609705068
Venezuela,1999,0.0143719900378467
Australia,1999,0.0188736164284382
Fiji,1999,0.0113180634323429
New Zealand,1999,0.0164847514924836
Papua New Guinea,1999,0.00691394522292367
Afghanistan,1999,...
Bangladesh,1999,0.0158483439104611
India,1999,0.0295719564743412
Nepal,1999,0.0077194600709259
Pakistan,1999,0.0518989926490607
Sri Lanka,1999,0.040301638395602
China,1999,0.0187146591412577
Japan,1999,0.00930179880124356
"Korea, North",1999,...
"Korea, South",1999,0.0249257721979611
Mongolia,1999,0.018350123058221
Taiwan,1999,0.0287518507953326
Brunei,1999,0.0613041835206517
Cambodia,1999,0.0251002908172038
Indonesia,1999,0.00810812654015076
Laos,1999,0.010577425788587
Malaysia,1999,0.0210148156029312
Myanmar,1999,0.021389500494262
Philippines,1999,0.0161577584612539
Singapore,1999,0.052072614143348
Thailand,1999,0.0162379763252113
Timor Leste,1999,...
Viet Nam,1999,...
Kazakhstan,1999,0.00819607059409027
Kyrgyz Republic,1999,0.0268520638437551
Tajikistan,1999,0.0139204460966543
Turkmenistan,1999,0.0290187475069805
Uzbekistan,1999,0.0130640163668501
Albania,1999,0.0124921009885957
Bosnia and Herzegovina,1999,...
Bulgaria,1999,0.0261950116392104
Croatia,1999,0.0438306728344479
Czechia,1999,0.0183868741109923
Czechoslovakia,1999,xxx
Estonia,1999,0.0128040294601413
German Democratic Republic,1999,xxx
Hungary,1999,0.0142990268770239
Kosovo,1999,...
Latvia,1999,0.00772368809222116
Lithuania,1999,0.00965770667320066
North Macedonia,1999,0.0171382060586219
Montenegro,1999,...
Poland,1999,0.0189014224685951
Romania,1999,0.0264025926740376
Serbia,1999,0.0353216202139944
Slovakia,1999,0.0156985344586326
Slovenia,1999,0.0121560860247362
Yugoslavia,1999,xxx
Armenia,1999,0.0369737423084246
Azerbaijan,1999,0.0262510993144516
Belarus,1999,0.0136676073838589
Georgia,1999,0.00924374855931971
Moldova,1999,0.00511299142949014
Russia,1999,0.0307328792235108
Ukraine,1999,0.0288352763946873
USSR,1999,xxx
Austria,1999,0.00980246123382213
Belgium,1999,0.0139393068975137
Cyprus,1999,0.0273385096955161
Denmark,1999,0.0156553651572988
Finland,1999,0.0122310377157804
France,1999,0.0219815329922308
Germany,1999,0.0138034779906259
Greece,1999,0.0349420868804542
Iceland,1999,...
Ireland,1999,0.0075007656936
Italy,1999,0.0167522558920443
Luxembourg,1999,0.0058038083885115
Malta,1999,0.0068064007256322
Netherlands,1999,0.0156975125135966
Norway,1999,0.0203788030128002
Portugal,1999,0.0142626993965458
Spain,1999,0.0175523458900652
Sweden,1999,0.0185215824084675
Switzerland,1999,0.0108621220546806
United Kingdom,1999,0.0242290959332375
European Union,1999,xxx
Bahrain,1999,0.0550362154366541
Egypt,1999,0.0256976747814276
Iran,1999,0.0240455173780106
Iraq,1999,...
Israel,1999,0.0630231351836919
Jordan,1999,0.0628223322141843
Kuwait,1999,0.0759022387888794
Lebanon,1999,0.0477043929225137
Oman,1999,0.0751678821932737
Qatar,1999,...
Saudi Arabia,1999,0.113819360225849
Syria,1999,0.0581058049645217
Türkiye,1999,0.0388141296380978
United Arab Emirates,1999,0.076695379976034
"Yemen, North",1999,xxx
Yemen,1999,0.0517272243639362
Algeria,2000,0.0343339396144052
Libya,2000,0.0314686367358096
Morocco,2000,0.0268517230679106
Tunisia,2000,0.015479040325129
Angola,2000,0.0639260315427404
Benin,2000,0.00412852302408383
Botswana,2000,0.0319124295081058
Burkina Faso,2000,0.0123804638062972
Burundi,2000,0.0486240221311558
Cameroon,2000,0.0132474886472414
Cape Verde,2000,0.0115402591313906
Central African Republic,2000,...
Chad,2000,0.00999606076289673
"Congo, DR",2000,0.00220260805193326
"Congo, Republic",2000,...
Cote d'Ivoire,2000,...
Djibouti,2000,0.0506910119132427
Equatorial Guinea,2000,...
Eritrea,2000,0.326556711938037
Ethiopia,2000,0.0769023859338487
Gabon,2000,0.0169170490588038
"Gambia, The",2000,0.0031579359886356
Ghana,2000,0.004436304
Guinea,2000,0.0153463751403247
Guinea-Bissau,2000,0.0262803036170707
Kenya,2000,0.0131374203224597
Lesotho,2000,0.0328492612837033
Liberia,2000,...
Madagascar,2000,0.0121751390900084
Malawi,2000,0.00275495027044514
Mali,2000,0.0147864974445751
Mauritania,2000,0.0292800544546355
Mauritius,2000,0.00200718816089576
Mozambique,2000,0.00933474909084702
Namibia,2000,0.0270673279864922
Niger,2000,0.0116461081638404
Nigeria,2000,0.00543531645186578
Rwanda,2000,0.0353550295857988
Senegal,2000,0.0104836027705155
Seychelles,2000,0.0167933282099451
Sierra Leone,2000,0.0157801055285861
Somalia,2000,...
South Africa,2000,0.0138728913141799
South Sudan,2000,...
Sudan,2000,0.0447129193686891
Eswatini,2000,0.0146023215821152
Tanzania,2000,0.0148726401206321
Togo,2000,...
Uganda,2000,0.0176460770822564
Zambia,2000,...
Zimbabwe,2000,0.0305379188712522
Belize,2000,0.00657400606900072
Costa Rica,2000,...
Cuba,2000,...
Dominican Republic,2000,0.0103009647155323
El Salvador,2000,0.00840331038102095
Guatemala,2000,0.00918401634718749
Haiti,2000,...
Honduras,2000,0.00729929060458941
Jamaica,2000,0.00486319761296974
Mexico,2000,0.004085181378342
Nicaragua,2000,0.00782751441383728
Panama,2000,...
Trinidad and Tobago,2000,...
Canada,2000,0.0111434980213748
United States of America,2000,0.0311224214697679
Argentina,2000,0.0114882267666887
Bolivia,2000,0.020629715134384
Brazil,2000,0.0173072614713627
Chile,2000,0.0268861587922595
Colombia,2000,0.0303168353865852
Ecuador,2000,0.0151733948117752
Guyana,2000,0.01765977248429
Paraguay,2000,0.0124493945384649
Peru,2000,0.0178896684869544
Uruguay,2000,0.0243597728787045
Venezuela,2000,0.0152657012884905
Australia,2000,0.018244056794188
Fiji,2000,0.0175624341841376
New Zealand,2000,0.0159661664300683
Papua New Guinea,2000,0.00639107654317662
Afghanistan,2000,...
Bangladesh,2000,0.013571191812402
India,2000,0.0294892990622572
Nepal,2000,0.00783989813425201
Pakistan,2000,0.0416872271381496
Sri Lanka,2000,0.0503387296841704
China,2000,0.0183575968454189
Japan,2000,0.0091598559605623
"Korea, North",2000,...
"Korea, South",2000,0.0230986337128191
Mongolia,2000,0.0202248060815309
Taiwan,2000,0.0265474927689962
Brunei,2000,0.0406920549004446
Cambodia,2000,0.0218580351927626
Indonesia,2000,0.00684483763500435
Laos,2000,0.00791543216650207
Malaysia,2000,0.0163467554804841
Myanmar,2000,0.0230851230754143
Philippines,2000,0.0160822662086796
Singapore,2000,0.0450757218998215
Thailand,2000,0.0148811161651995
Timor Leste,2000,...
Viet Nam,2000,...
Kazakhstan,2000,0.00784645080413813
Kyrgyz Republic,2000,0.0287889604776163
Tajikistan,2000,0.00598174532502226
Turkmenistan,2000,...
Uzbekistan,2000,0.0091880954113644
Albania,2000,0.0124636024189216
Bosnia and Herzegovina,2000,...
Bulgaria,2000,0.0265245576158903
Croatia,2000,0.030245823570935
Czechia,2000,0.0186147018377297
Czechoslovakia,2000,xxx
Estonia,2000,0.0137613232122576
German Democratic Republic,2000,xxx
Hungary,2000,0.0151420984744636
Kosovo,2000,...
Latvia,2000,0.00901766970575075
Lithuania,2000,0.0121549030890811
North Macedonia,2000,0.01850821459557
Montenegro,2000,...
Poland,2000,0.0181904535107873
Romania,2000,0.0249891418426016
Serbia,2000,0.0460092009205706
Slovakia,2000,0.0165370432455852
Slovenia,2000,0.011030903407362
Yugoslavia,2000,xxx
Armenia,2000,0.0356002487253697
Azerbaijan,2000,0.0226786206311863
Belarus,2000,0.0134698415075765
Georgia,2000,0.00615582490752135
Moldova,2000,0.00395141963645816
Russia,2000,0.0330702983667541
Ukraine,2000,0.0351108284883721
USSR,2000,xxx
Austria,2000,0.00983960897278692
Belgium,2000,0.0135086536826323
Cyprus,2000,0.0282209015133954
Denmark,2000,0.0145846561683975
Finland,2000,0.0124000997169797
France,2000,0.0209218901026309
Germany,2000,0.0134421581953972
Greece,2000,0.0359479870587568
Iceland,2000,...
Ireland,2000,0.00694961052162033
Italy,2000,0.017333974080779
Luxembourg,2000,0.00546329291336707
Malta,2000,0.00628078156689517
Netherlands,2000,0.0143342083323197
Norway,2000,0.0170442346991516
Portugal,2000,0.014070359633161
Spain,2000,0.0172551798839458
Sweden,2000,0.0181219616487946
Switzerland,2000,0.0102928011745958
United Kingdom,2000,0.023727966452319
European Union,2000,xxx
Bahrain,2000,0.0396167096884853
Egypt,2000,0.0255126513982739
Iran,2000,0.0229504222152572
Iraq,2000,...
Israel,2000,0.0610001984652015
Jordan,2000,0.0625655642564826
Kuwait,2000,0.0715014865654555
Lebanon,2000,0.0539210030383447
Oman,2000,0.0708570878292736
Qatar,2000,...
Saudi Arabia,2000,0.105344033130193
Syria,2000,0.0545365642119423
Türkiye,2000,0.0364342934046749
United Arab Emirates,2000,0.083237222448449
"Yemen, North",2000,xxx
Yemen,2000,0.0491539236509943
Algeria,2001,0.0352046284697011
Libya,2001,0.0241350785849837
Morocco,2001,0.0372613588276971
Tunisia,2001,0.0152111247336458
Angola,2001,0.0452435381521461
Benin,2001,0.00357971127306215
Botswana,2001,0.0383122303260369
Burkina Faso,2001,0.011555150239697
Burundi,2001,0.0607173715802774
Cameroon,2001,0.0129036003475657
Cape Verde,2001,0.00753615197231365
Central African Republic,2001,...
Chad,2001,0.0099371784003006
"Congo, DR",2001,...
"Congo, Republic",2001,0.0179222454052521
Cote d'Ivoire,2001,...
Djibouti,2001,...
Equatorial Guinea,2001,...
Eritrea,2001,0.221367915582472
Ethiopia,2001,0.0439265735424712
Gabon,2001,0.0179395209821725
"Gambia, The",2001,0.00234862058929382
Ghana,2001,0.00264452812963597
Guinea,2001,0.0310021054615164
Guinea-Bissau,2001,0.0162672677091596
Kenya,2001,0.0150475490196078
Lesotho,2001,0.0274417802299373
Liberia,2001,...
Madagascar,2001,0.0143584760245284
Malawi,2001,0.0030354064447686
Mali,2001,0.0129517222790027
Mauritania,2001,0.0400238442248896
Mauritius,2001,0.00194580389102996
Mozambique,2001,0.00895889123487939
Namibia,2001,0.0300874087986708
Niger,2001,0.0132015978285548
Nigeria,2001,0.00780315876986167
Rwanda,2001,0.0339622641509434
Senegal,2001,0.0111566749250516
Seychelles,2001,0.0177826552168784
Sierra Leone,2001,0.0172271852453079
Somalia,2001,...
South Africa,2001,0.0148316101798605
South Sudan,2001,...
Sudan,2001,0.0246931798617772
Eswatini,2001,0.0125574840528112
Tanzania,2001,0.0145160464399204
Togo,2001,...
Uganda,2001,0.0168324514574881
Zambia,2001,...
Zimbabwe,2001,0.0254980434009249
Belize,2001,0.00660133826570744
Costa Rica,2001,...
Cuba,2001,...
Dominican Republic,2001,0.0121349605211345
El Salvador,2001,0.0109067003863398
Guatemala,2001,0.0105206292918867
Haiti,2001,...
Honduras,2001,0.00822610515328626
Jamaica,2001,0.00504358949501446
Mexico,2001,0.00405679210443065
Nicaragua,2001,0.00683524520762284
Panama,2001,...
Trinidad and Tobago,2001,0.00155634799309892
Canada,2001,0.0113335628281332
United States of America,2001,0.0312380980266703
Argentina,2001,0.0118423354187058
Bolivia,2001,0.023204467435097
Brazil,2001,0.0195188244532532
Chile,2001,0.0264704914030913
Colombia,2001,0.0332387281880532
Ecuador,2001,0.0166039298461832
Guyana,2001,0.0201794562341177
Paraguay,2001,0.0107463481723327
Peru,2001,0.0175202012964839
Uruguay,2001,0.0250257766217716
Venezuela,2001,0.0155510791113255
Australia,2001,0.0186297632956383
Fiji,2001,0.0182458369041641
New Zealand,2001,0.0150037212395687
Papua New Guinea,2001,0.00547294852305232
Afghanistan,2001,...
Bangladesh,2001,0.0128842277551655
India,2001,0.029244355462896
Nepal,2001,0.00960767214148209
Pakistan,2001,0.0387893394479455
Sri Lanka,2001,0.0428699058949232
China,2001,0.0198308624365796
Japan,2001,0.00931672835040444
"Korea, North",2001,...
"Korea, South",2001,0.0228023381667517
Mongolia,2001,0.0178165840784985
Taiwan,2001,0.0265597974446285
Brunei,2001,0.038863976083707
Cambodia,2001,0.0170559956511647
Indonesia,2001,0.00572792652704213
Laos,2001,0.00717115235195965
Malaysia,2001,0.020849228116252
Myanmar,2001,0.0194785828446242
Philippines,2001,0.014713788325538
Singapore,2001,0.0479890680085725
Thailand,2001,0.0142988520327266
Timor Leste,2001,...
Viet Nam,2001,...
Kazakhstan,2001,0.0099981747947367
Kyrgyz Republic,2001,0.0234503697046559
Tajikistan,2001,0.00580783882496171
Turkmenistan,2001,...
Uzbekistan,2001,0.00665921193229433
Albania,2001,0.0130929137475594
Bosnia and Herzegovina,2001,...
Bulgaria,2001,0.0286251954387639
Croatia,2001,0.0270575135487786
Czechia,2001,0.0173552829284443
Czechoslovakia,2001,xxx
Estonia,2001,0.0150097699373087
German Democratic Republic,2001,xxx
Hungary,2001,0.0157074717283351
Kosovo,2001,...
Latvia,2001,0.0106180323433191
Lithuania,2001,0.0136102583365379
North Macedonia,2001,0.0610039562766158
Montenegro,2001,...
Poland,2001,0.0189270410859475
Romania,2001,0.024207451879196
Serbia,2001,0.036330301730712
Slovakia,2001,0.0184333774482959
Slovenia,2001,0.0131347656232859
Yugoslavia,2001,xxx
Armenia,2001,0.0312724938530975
Azerbaijan,2001,0.0231206260817217
Belarus,2001,0.0143829074692244
Georgia,2001,0.00740186005258763
Moldova,2001,0.00402592295464743
Russia,2001,0.0354631922908818
Ukraine,2001,0.0276926719545401
USSR,2001,xxx
Austria,2001,0.00911232125098393
Belgium,2001,0.0128352328807131
Cyprus,2001,0.0315322215947894
Denmark,2001,0.0153154262127753
Finland,2001,0.011431199131475
France,2001,0.0204148415280944
Germany,2001,0.0130789826898647
Greece,2001,0.0335627566229104
Iceland,2001,...
Ireland,2001,0.00702765014395844
Italy,2001,0.0166687444230505
Luxembourg,2001,0.00677211501251718
Malta,2001,0.00666190034371232
Netherlands,2001,0.0143475082877619
Norway,2001,0.0170223168580233
Portugal,2001,0.0144506185476172
Spain,2001,0.0162958403293613
Sweden,2001,0.0176644912426107
Switzerland,2001,0.00991880080138388
United Kingdom,2001,0.0241112210130721
European Union,2001,xxx
Bahrain,2001,0.0414808163198998
Egypt,2001,0.0298556856033807
Iran,2001,0.0241817929679324
Iraq,2001,...
Israel,2001,0.0629993225373241
Jordan,2001,0.0589307853514787
Kuwait,2001,0.0770062608489699
Lebanon,2001,0.0544789624491027
Oman,2001,0.0819564037118769
Qatar,2001,...
Saudi Arabia,2001,0.114190048869926
Syria,2001,0.0548055046775797
Türkiye,2001,0.0357667970794229
United Arab Emirates,2001,0.0561210552340521
"Yemen, North",2001,xxx
Yemen,2001,0.054810146916463
Algeria,2002,0.0341471973103319
Libya,2002,0.0206923852022456
Morocco,2002,0.0349178799247956
Tunisia,2002,0.0149264292624339
Angola,2002,0.0286993244512575
Benin,2002,0.00622819458209776
Botswana,2002,0.0411020648951656
Burkina Faso,2002,0.0117793497700006
Burundi,2002,0.0544167885941746
Cameroon,2002,0.0133850675603337
Cape Verde,2002,0.00665480290001653
Central African Republic,2002,0.0108695556960344
Chad,2002,0.0111881329019114
"Congo, DR",2002,...
"Congo, Republic",2002,0.0212335238350685
Cote d'Ivoire,2002,...
Djibouti,2002,...
Equatorial Guinea,2002,...
Eritrea,2002,0.206718783563252
Ethiopia,2002,0.0375673419834585
Gabon,2002,0.0178317027682097
"Gambia, The",2002,0.0024438080993324
Ghana,2002,0.00260305614783227
Guinea,2002,0.033246802439883
Guinea-Bissau,2002,0.015586028989376
Kenya,2002,0.0163240781121287
Lesotho,2002,0.025163929527429
Liberia,2002,...
Madagascar,2002,0.0131316157379668
Malawi,2002,0.00301011297279539
Mali,2002,0.0126885043144455
Mauritania,2002,0.0273938350984677
Mauritius,2002,0.00196270033883066
Mozambique,2002,0.0089920614095398
Namibia,2002,0.0261784537918538
Niger,2002,0.00963347955260515
Nigeria,2002,0.0095433804485135
Rwanda,2002,0.0304893350062735
Senegal,2002,0.0110124043617179
Seychelles,2002,0.0167737547090833
Sierra Leone,2002,0.0135970475391743
Somalia,2002,...
South Africa,2002,0.0152930955872386
South Sudan,2002,...
Sudan,2002,0.0267191557081833
Eswatini,2002,0.0139355489870954
Tanzania,2002,0.0130259845652854
Togo,2002,...
Uganda,2002,0.0163467473652418
Zambia,2002,...
Zimbabwe,2002,0.0630647414997671
Belize,2002,0.0065317934436876
Costa Rica,2002,...
Cuba,2002,...
Dominican Republic,2002,0.0105891921128922
El Salvador,2002,0.0113023872990524
Guatemala,2002,0.00762245026054294
Haiti,2002,...
Honduras,2002,0.00809187514419362
Jamaica,2002,0.00585431033566746
Mexico,2002,0.00391316389699324
Nicaragua,2002,0.00865165582304889
Panama,2002,...
Trinidad and Tobago,2002,0.00213074265946209
Canada,2002,0.0111686914736943
United States of America,2002,0.0344761809928778
Argentina,2002,0.0109188047859748
Bolivia,2002,0.0199033371462944
Brazil,2002,0.0189577119915617
Chile,2002,0.0253154295292261
Colombia,2002,0.0341712762358197
Ecuador,2002,0.0186662346180863
Guyana,2002,0.0229328668097935
Paraguay,2002,0.0097123693298858
Peru,2002,0.0154184022087652
Uruguay,2002,0.0253014006008996
Venezuela,2002,0.0115337359551171
Australia,2002,0.0186803152019821
Fiji,2002,0.015485667306433
New Zealand,2002,0.0140027526778768
Papua New Guinea,2002,0.00371637931460894
Afghanistan,2002,...
Bangladesh,2002,0.0104836646260037
India,2002,0.0282686683045838
Nepal,2002,0.0126633078093219
Pakistan,2002,0.0407377016787657
Sri Lanka,2002,0.0334258944021437
China,2002,0.0205936465293746
Japan,2002,0.00940357532610132
"Korea, North",2002,...
"Korea, South",2002,0.0216944775379075
Mongolia,2002,0.0179556721143698
Taiwan,2002,0.0243800136318356
Brunei,2002,0.0387078275829112
Cambodia,2002,0.0144629083177813
Indonesia,2002,0.00700120208801041
Laos,2002,0.00583934898389787
Malaysia,2002,0.0221913139689937
Myanmar,2002,0.0148187129901045
Philippines,2002,0.0147389018793368
Singapore,2002,0.0489323655491523
Thailand,2002,0.0132827955528117
Timor Leste,2002,...
Viet Nam,2002,...
Kazakhstan,2002,0.00998337701524197
Kyrgyz Republic,2002,0.027266980460491
Tajikistan,2002,0.0104883693330169
Turkmenistan,2002,...
Uzbekistan,2002,0.00476876688257673
Albania,2002,0.0132003449433204
Bosnia and Herzegovina,2002,0.039043729051368
Bulgaria,2002,0.0277967655484011
Croatia,2002,0.0270880829294998
Czechia,2002,0.0180901146474017
Czechoslovakia,2002,xxx
Estonia,2002,0.0165626054354887
German Democratic Republic,2002,xxx
Hungary,2002,0.015956687712714
Kosovo,2002,...
Latvia,2002,0.0159179944261207
Lithuania,2002,0.0127093846223477
North Macedonia,2002,0.0264559751876128
Montenegro,2002,...
Poland,2002,0.0189097402916196
Romania,2002,0.0228729607547664
Serbia,2002,0.037841026418813
Slovakia,2002,0.0177638869541757
Slovenia,2002,0.014084785163184
Yugoslavia,2002,xxx
Armenia,2002,0.0269771474886414
Azerbaijan,2002,0.0224331377031766
Belarus,2002,0.0140024580052512
Georgia,2002,0.0100053299706695
Moldova,2002,0.00419846605695363
Russia,2002,0.0375627739108018
Ukraine,2002,0.0267619950627408
USSR,2002,xxx
Austria,2002,0.00888297333812562
Belgium,2002,0.0122376131677303
Cyprus,2002,0.021301607353618
Denmark,2002,0.0150685882049485
Finland,2002,0.0115346267852331
France,2002,0.0205857264018165
Germany,2002,0.0131344033426945
Greece,2002,0.0316565671755075
Iceland,2002,...
Ireland,2002,0.0063383334613874
Italy,2002,0.0169394254893483
Luxembourg,2002,0.00588787408670377
Malta,2002,0.00637560681968479
Netherlands,2002,0.0142155215440017
Norway,2002,0.0207531910404726
Portugal,2002,0.014648125666589
Spain,2002,0.0145597370162444
Sweden,2002,0.0162865223371684
Switzerland,2002,0.00956388349764947
United Kingdom,2002,0.0248565967470705
European Union,2002,xxx
Bahrain,2002,0.0461110660635053
Egypt,2002,0.0327845479650374
Iran,2002,0.0217457636612743
Iraq,2002,...
Israel,2002,0.0636795930501003
Jordan,2002,0.0544601446661176
Kuwait,2002,0.0739919407029019
Lebanon,2002,0.0475330090340514
Oman,2002,0.0810066565457833
Qatar,2002,0.0392996992225186
Saudi Arabia,2002,0.0975806380053797
Syria,2002,0.0541250122273305
Türkiye,2002,0.0376709151041563
United Arab Emirates,2002,0.0487553180534483
"Yemen, North",2002,xxx
Yemen,2002,0.068956079503431
Algeria,2003,0.0300262450946501
Libya,2003,0.0207204807151526
Morocco,2003,0.0349420754151271
Tunisia,2003,0.0148388570363995
Angola,2003,0.0376147907354734
Benin,2003,0.00647223226808757
Botswana,2003,0.0400736658870518
Burkina Faso,2003,0.010730553376671
Burundi,2003,0.0553343538949835
Cameroon,2003,0.013838069976001
Cape Verde,2003,0.00648753558764804
Central African Republic,2003,0.0126385440119305
Chad,2003,0.0097060058970103
"Congo, DR",2003,0.00880645829020907
"Congo, Republic",2003,0.0243229339855318
Cote d'Ivoire,2003,0.010067518242091
Djibouti,2003,...
Equatorial Guinea,2003,...
Eritrea,2003,0.208657453093811
Ethiopia,2003,0.0329628763599851
Gabon,2003,0.0166832793289402
"Gambia, The",2003,0.00227388636213975
Ghana,2003,0.0030375830974791
Guinea,2003,0.0244118141486197
Guinea-Bissau,2003,0.0157542311053966
Kenya,2003,0.0165009984272562
Lesotho,2003,0.0236900091916458
Liberia,2003,...
Madagascar,2003,0.0132475732452129
Malawi,2003,0.00290335696389997
Mali,2003,0.014193331132051
Mauritania,2003,0.0399527571653134
Mauritius,2003,0.00187102773867202
Mozambique,2003,0.0090789369830672
Namibia,2003,0.0262491288264622
Niger,2003,0.00931763626554351
Nigeria,2003,0.00570707544874932
Rwanda,2003,0.0244712990936556
Senegal,2003,0.0111544277826225
Seychelles,2003,0.0173431637499016
Sierra Leone,2003,0.0127788496760216
Somalia,2003,...
South Africa,2003,0.014688112381823
South Sudan,2003,...
Sudan,2003,0.0186421215057236
Eswatini,2003,0.0147739784683142
Tanzania,2003,0.0107430696847071
Togo,2003,0.0136569983895261
Uganda,2003,0.0169168784576439
Zambia,2003,...
Zimbabwe,2003,0.0203467725088782
Belize,2003,0.00674810769936463
Costa Rica,2003,...
Cuba,2003,...
Dominican Republic,2003,0.00764145027120822
El Salvador,2003,0.00841381284888912
Guatemala,2003,0.00815655342525256
Haiti,2003,...
Honduras,2003,0.00998264922159563
Jamaica,2003,0.00581596297588658
Mexico,2003,0.00386714351968895
Nicaragua,2003,0.00860737429085598
Panama,2003,...
Trinidad and Tobago,2003,0.00294294112206887
Canada,2003,0.0111193730688338
United States of America,2003,0.0382716104473623
Argentina,2003,0.0106089505704838
Bolivia,2003,0.0214548339823865
Brazil,2003,0.0150347763554507
Chile,2003,0.0270297145376308
Colombia,2003,0.0346398869081496
Ecuador,2003,0.0238654946619875
Guyana,2003,0.0219971682743689
Paraguay,2003,0.00825755371784335
Peru,2003,0.015094994978724
Uruguay,2003,0.0223754532184395
Venezuela,2003,0.0118269062721142
Australia,2003,0.0184253577993579
Fiji,2003,0.0148650087420329
New Zealand,2003,0.0132758202233317
Papua New Guinea,2003,0.00345763181450338
Afghanistan,2003,...
Bangladesh,2003,0.0100263309760624
India,2003,0.0267777693222748
Nepal,2003,0.0139282050756047
Pakistan,2003,0.0409142718735613
Sri Lanka,2003,0.0286891182725842
China,2003,0.0199628893565843
Japan,2003,0.00940046602477998
"Korea, North",2003,...
"Korea, South",2003,0.0217524124529532
Mongolia,2003,0.0150969431652769
Taiwan,2003,0.0234545913821703
Brunei,2003,0.0371141961800389
Cambodia,2003,0.0133610258818851
Indonesia,2003,0.00909285036773652
Laos,2003,0.00492156926196989
Malaysia,2003,0.0261480673115727
Myanmar,2003,0.0207081478779187
Philippines,2003,0.0155084482917909
Singapore,2003,0.0483752738541917
Thailand,2003,0.0123290567713875
Timor Leste,2003,...
Viet Nam,2003,0.0212864112884164
Kazakhstan,2003,0.0102992745863145
Kyrgyz Republic,2003,0.0286586980182387
Tajikistan,2003,0.0111879149508362
Turkmenistan,2003,...
Uzbekistan,2003,0.00429913341474552
Albania,2003,0.0133684292419802
Bosnia and Herzegovina,2003,0.0241669769045157
Bulgaria,2003,0.0269120147161229
Croatia,2003,0.0202614735279736
Czechia,2003,0.0187752210665196
Czechoslovakia,2003,xxx
Estonia,2003,0.0173550917444736
German Democratic Republic,2003,xxx
Hungary,2003,0.0164521118628476
Kosovo,2003,...
Latvia,2003,0.0168220334950968
Lithuania,2003,0.0112083381901602
North Macedonia,2003,0.0234170115867248
Montenegro,2003,...
Poland,2003,0.0189890364834865
Romania,2003,0.0208848713354877
Serbia,2003,0.0309653595251624
Slovakia,2003,0.0184975289310525
Slovenia,2003,0.0141990505481164
Yugoslavia,2003,xxx
Armenia,2003,0.0272837221377968
Azerbaijan,2003,0.024263625550969
Belarus,2003,0.0129906390002339
Georgia,2003,0.0106848912472203
Moldova,2003,0.00416381264465176
Russia,2003,0.0367083808960104
Ukraine,2003,0.0274557877088929
USSR,2003,xxx
Austria,2003,0.00915451921068386
Belgium,2003,0.0122119401053058
Cyprus,2003,0.0198516312435716
Denmark,2003,0.0146466732860503
Finland,2003,0.0144547443507181
France,2003,0.021064709567846
Germany,2003,0.012986963477858
Greece,2003,0.0256278132746133
Iceland,2003,...
Ireland,2003,0.00587456023721602
Italy,2003,0.0169839951235756
Luxembourg,2003,0.00606265558712765
Malta,2003,0.00629824750823065
Netherlands,2003,0.0143794632366222
Norway,2003,0.0196940449912105
Portugal,2003,0.0143358027472409
Spain,2003,0.0142254439300681
Sweden,2003,0.0158816297928906
Switzerland,2003,0.00926630419400856
United Kingdom,2003,0.0255206201518244
European Union,2003,xxx
Bahrain,2003,0.0465883280302628
Egypt,2003,0.0317728527009726
Iran,2003,0.024050402653569
Iraq,2003,...
Israel,2003,0.0625286591975287
Jordan,2003,0.0600105948173936
Kuwait,2003,0.0654392425039453
Lebanon,2003,0.0467569110879715
Oman,2003,0.0796203498651595
Qatar,2003,0.0333399484024608
Saudi Arabia,2003,0.0868711846455737
Syria,2003,0.0624832427198928
Türkiye,2003,0.0326703119500148
United Arab Emirates,2003,0.0469230626722928
"Yemen, North",2003,xxx
Yemen,2003,0.0685455205201499
Algeria,2004,0.0304875701211848
Libya,2004,0.0207107445674837
Morocco,2004,0.0324946757487646
Tunisia,2004,0.0142590206296513
Angola,2004,0.0347118018672779
Benin,2004,0.00676149850432113
Botswana,2004,0.0350587404134874
Burkina Faso,2004,0.0120700576570117
Burundi,2004,0.0490326684339249
Cameroon,2004,0.014016038318718
Cape Verde,2004,0.0063097843761799
Central African Republic,2004,0.0115308800406955
Chad,2004,0.00742432609642281
"Congo, DR",2004,0.0133660440783123
"Congo, Republic",2004,0.0244017990277083
Cote d'Ivoire,2004,0.0109607344304215
Djibouti,2004,0.0560717905405405
Equatorial Guinea,2004,...
Eritrea,2004,...
Ethiopia,2004,0.0313053613053613
Gabon,2004,0.016131661692941
"Gambia, The",2004,0.00192621401787275
Ghana,2004,0.00277570912276859
Guinea,2004,0.0222856440980186
Guinea-Bissau,2004,...
Kenya,2004,0.0161419423692636
Lesotho,2004,0.0213166293812828
Liberia,2004,0.00504459308807135
Madagascar,2004,0.012482266720781
Malawi,2004,0.00448770022775966
Mali,2004,0.0142199884362637
Mauritania,2004,0.0383812011166649
Mauritius,2004,0.00166216849736244
Mozambique,2004,0.00978051637223721
Namibia,2004,0.025275896811078
Niger,2004,0.0109118729739427
Nigeria,2004,0.00490996769130759
Rwanda,2004,0.0197346600331675
Senegal,2004,0.0105782487014373
Seychelles,2004,0.0189764022742369
Sierra Leone,2004,0.00974909894000986
Somalia,2004,...
South Africa,2004,0.0135572857797827
South Sudan,2004,...
Sudan,2004,0.0465650965498174
Eswatini,2004,0.0157952007330623
Tanzania,2004,0.00994614572583098
Togo,2004,0.0140604809612512
Uganda,2004,0.0176615583020933
Zambia,2004,0.0158089960446516
Zimbabwe,2004,0.0270575805599577
Belize,2004,0.00699362422608098
Costa Rica,2004,...
Cuba,2004,...
Dominican Republic,2004,0.00687618052138186
El Salvador,2004,0.00810214431044768
Guatemala,2004,0.00479416089056921
Haiti,2004,...
Honduras,2004,0.00682692754206461
Jamaica,2004,0.0053596996755953
Mexico,2004,0.00348326583014086
Nicaragua,2004,0.00730793275300281
Panama,2004,...
Trinidad and Tobago,2004,0.0056332687432576
Canada,2004,0.0110418939142687
United States of America,2004,0.0401631273640692
Argentina,2004,0.00883295358833529
Bolivia,2004,0.0189650330503014
Brazil,2004,0.0146126840890621
Chile,2004,0.0271229041616156
Colombia,2004,0.0346501517406307
Ecuador,2004,0.0201733501271599
Guyana,2004,0.0280932483375126
Paraguay,2004,0.00877630063887399
Peru,2004,0.0138222353551043
Uruguay,2004,0.020407280132366
Venezuela,2004,0.0128830181236512
Australia,2004,0.0182208057125111
Fiji,2004,0.0158387595253995
New Zealand,2004,0.0117679545518528
Papua New Guinea,2004,0.00389122470657362
Afghanistan,2004,0.0243125378739118
Bangladesh,2004,0.0099885977372525
India,2004,0.0282875224798105
Nepal,2004,0.0156868123796311
Pakistan,2004,0.0395603411669147
Sri Lanka,2004,0.0299735847919569
China,2004,0.0193850823279804
Japan,2004,0.0092660402297468
"Korea, North",2004,...
"Korea, South",2004,0.0216578832442349
Mongolia,2004,0.0138273006263926
Taiwan,2004,0.0224727781521333
Brunei,2004,0.0253273008763096
Cambodia,2004,0.0117651607638203
Indonesia,2004,0.00945714621727218
Laos,2004,0.00433725286362231
Malaysia,2004,0.0226306196840826
Myanmar,2004,0.0192006952835836
Philippines,2004,0.0136062650970663
Singapore,2004,0.0438428661801237
Thailand,2004,0.0112835658834693
Timor Leste,2004,...
Viet Nam,2004,0.0201437983970519
Kazakhstan,2004,0.00988239740954479
Kyrgyz Republic,2004,0.0284851136977412
Tajikistan,2004,0.0113133632771605
Turkmenistan,2004,...
Uzbekistan,2004,...
Albania,2004,0.0138115794211088
Bosnia and Herzegovina,2004,0.018896028081156
Bulgaria,2004,0.023737116819405
Croatia,2004,0.0174038789534115
Czechia,2004,0.0169964346518547
Czechoslovakia,2004,xxx
Estonia,2004,0.0168718221150394
German Democratic Republic,2004,xxx
Hungary,2004,0.0147344940256568
Kosovo,2004,...
Latvia,2004,0.0165869012027526
Lithuania,2004,0.0119104062508646
North Macedonia,2004,0.0238010407130392
Montenegro,2004,...
Poland,2004,0.0186469356337462
Romania,2004,0.0200765756131918
Serbia,2004,0.0275341642219387
Slovakia,2004,0.0165576883362586
Slovenia,2004,0.0144379021070681
Yugoslavia,2004,xxx
Armenia,2004,0.0274199670493715
Azerbaijan,2004,0.0262948113760521
Belarus,2004,0.0135822231382833
Georgia,2004,0.0137383897186186
Moldova,2004,0.00360979036536125
Russia,2004,0.0330035364660483
Ukraine,2004,0.0250682433490703
USSR,2004,xxx
Austria,2004,0.00897058496971847
Belgium,2004,0.0115659439046667
Cyprus,2004,0.019557691617927
Denmark,2004,0.0142024015449579
Finland,2004,0.0146771855552706
France,2004,0.0211416633859403
Germany,2004,0.0125072808117217
Greece,2004,0.0267202808458836
Iceland,2004,...
Ireland,2004,0.00567899833158286
Italy,2004,0.0167228931403318
Luxembourg,2004,0.00605730957855837
Malta,2004,0.00663925031267677
Netherlands,2004,0.0142068916216587
Norway,2004,0.0184243477657857
Portugal,2004,0.0150609147993081
Spain,2004,0.0143022117967926
Sweden,2004,0.0143407694057924
Switzerland,2004,0.00888925074606932
United Kingdom,2004,0.0249782136751626
European Union,2004,xxx
Bahrain,2004,0.0404492884796012
Egypt,2004,0.0287753123653597
Iran,2004,0.0283455780463948
Iraq,2004,0.0167557807777108
Israel,2004,0.0613940696015944
Jordan,2004,0.0514172128874042
Kuwait,2004,0.0580446088589746
Lebanon,2004,0.0451119229815156
Oman,2004,0.0786037959717824
Qatar,2004,0.0243385968557379
Saudi Arabia,2004,0.0808155565898243
Syria,2004,0.0554183867581242
Türkiye,2004,0.0267100029372768
United Arab Emirates,2004,0.046114776396626
"Yemen, North",2004,xxx
Yemen,2004,0.05301366496456
Algeria,2005,0.0273228606749557
Libya,2005,0.0152811115994456
Morocco,2005,0.0325799678207968
Tunisia,2005,0.0145160141621028
Angola,2005,0.0369224094698531
Benin,2005,0.00680970684993479
Botswana,2005,0.0285800418504025
Burkina Faso,2005,0.012018948481342
Burundi,2005,0.0443619004108442
Cameroon,2005,0.0114390062434822
Cape Verde,2005,0.00649497233340122
Central African Republic,2005,0.0108975993344158
Chad,2005,0.00610589376245507
"Congo, DR",2005,0.0131013976084745
"Congo, Republic",2005,0.0151813794092809
Cote d'Ivoire,2005,0.0105806530751568
Djibouti,2005,0.0450775678258952
Equatorial Guinea,2005,...
Eritrea,2005,...
Ethiopia,2005,0.0281221837499407
Gabon,2005,0.0124868216929966
"Gambia, The",2005,0.00277027428909804
Ghana,2005,0.00260967076343411
Guinea,2005,...
Guinea-Bissau,2005,0.0189459928348781
Kenya,2005,0.0169058701379422
Lesotho,2005,0.020492596155836
Liberia,2005,0.00685063559322034
Madagascar,2005,0.0107194154854732
Malawi,2005,0.00742373659905014
Mali,2005,0.0138431204093435
Mauritania,2005,0.0305155577623304
Mauritius,2005,0.00160674051849869
Mozambique,2005,0.00701900109021606
Namibia,2005,0.026452053014553
Niger,2005,0.00715211768830327
Nigeria,2005,0.00397422937174069
Rwanda,2005,0.0174305555555556
Senegal,2005,0.0113046452910055
Seychelles,2005,0.0160235235107661
Sierra Leone,2005,0.00859492175206273
Somalia,2005,...
South Africa,2005,0.0123481125272958
South Sudan,2005,...
Sudan,2005,0.0331128145892401
Eswatini,2005,0.0203322402021397
Tanzania,2005,0.00823941300163293
Togo,2005,0.0145744020230587
Uganda,2005,0.0168432268847927
Zambia,2005,0.0184832294449392
Zimbabwe,2005,0.0145257572407694
Belize,2005,0.0075074714637425
Costa Rica,2005,...
Cuba,2005,...
Dominican Republic,2005,0.00766536371799736
El Salvador,2005,0.0090420465369438
Guatemala,2005,0.00383913656735458
Haiti,2005,...
Honduras,2005,0.00641478464457184
Jamaica,2005,0.00527663694618897
Mexico,2005,0.00340404650226474
Nicaragua,2005,0.00700404064217207
Panama,2005,...
Trinidad and Tobago,2005,0.00604538000333575
Canada,2005,0.011071054242081
United States of America,2005,0.0408923187524508
Argentina,2005,0.00847154783885961
Bolivia,2005,0.01717004422633
Brazil,2005,0.0152401346273319
Chile,2005,0.0253476302244179
Colombia,2005,0.0337467969392646
Ecuador,2005,0.0236848865849083
Guyana,2005,0.0141048583687429
Paraguay,2005,0.00721480399782029
Peru,2005,0.0158127268565483
Uruguay,2005,0.0200038586601038
Venezuela,2005,0.0183171374924625
Australia,2005,0.0179628773763805
Fiji,2005,0.0132359461422314
New Zealand,2005,0.0113990601161353
Papua New Guinea,2005,0.00416637769353025
Afghanistan,2005,0.0199206569856085
Bangladesh,2005,0.00972810090266113
India,2005,0.0291058750164482
Nepal,2005,0.0168753218051244
Pakistan,2005,0.0389701939256291
Sri Lanka,2005,0.026395333951407
China,2005,0.0187185802294835
Japan,2005,0.00916916827733627
"Korea, North",2005,...
"Korea, South",2005,0.0228040178931092
Mongolia,2005,0.0101728588491723
Taiwan,2005,0.0213111703777213
Brunei,2005,0.023494276381516
Cambodia,2005,0.0100419041063819
Indonesia,2005,0.00750789394004931
Laos,2005,0.00392508608502655
Malaysia,2005,0.0217392904054248
Myanmar,2005,0.0166965386990714
Philippines,2005,0.0127788393643261
Singapore,2005,0.0427504313120819
Thailand,2005,0.00986191840708362
Timor Leste,2005,0.017802292883409
Viet Nam,2005,0.0178096085234042
Kazakhstan,2005,0.0103632123942771
Kyrgyz Republic,2005,0.0307769239002886
Tajikistan,2005,...
Turkmenistan,2005,...
Uzbekistan,2005,...
Albania,2005,0.0135000497056322
Bosnia and Herzegovina,2005,0.0154421965764078
Bulgaria,2005,0.0223535026726367
Croatia,2005,0.0174403729145943
Czechia,2005,0.017772578503284
Czechoslovakia,2005,xxx
Estonia,2005,0.0144977185113693
German Democratic Republic,2005,xxx
Hungary,2005,0.014112437788596
Kosovo,2005,...
Latvia,2005,0.0167142105821102
Lithuania,2005,0.0116311841256451
North Macedonia,2005,0.0202926330577443
Montenegro,2005,0.0269436332580307
Poland,2005,0.0192065181170108
Romania,2005,0.0200699360911993
Serbia,2005,0.0222169563091897
Slovakia,2005,0.0168609625574848
Slovenia,2005,0.0143040814614095
Yugoslavia,2005,xxx
Armenia,2005,0.0287193136291811
Azerbaijan,2005,0.0229906967458575
Belarus,2005,0.0149845313530187
Georgia,2005,0.0333916979671741
Moldova,2005,0.00400235101204801
Russia,2005,0.0333123723441659
Ukraine,2005,0.0279248933066336
USSR,2005,xxx
Austria,2005,0.00855937301571622
Belgium,2005,0.0109664118158572
Cyprus,2005,0.0203746974323698
Denmark,2005,0.0130811146758176
Finland,2005,0.0146470451104851
France,2005,0.0202813701732743
Germany,2005,0.0123275583821682
Greece,2005,0.0290167987543818
Iceland,2005,...
Ireland,2005,0.00540612698817302
Italy,2005,0.0159516123663349
Luxembourg,2005,0.0058477615707441
Malta,2005,0.00822526574900827
Netherlands,2005,0.0139083240225484
Norway,2005,0.0157588467314326
Portugal,2005,0.0159379180313443
Spain,2005,0.0138717775355122
Sweden,2005,0.014088832755238
Switzerland,2005,0.0083306403652778
United Kingdom,2005,0.0242271607573388
European Union,2005,xxx
Bahrain,2005,0.0321438109533007
Egypt,2005,0.0271422040657605
Iran,2005,0.0303665449804817
Iraq,2005,0.0224258030532454
Israel,2005,0.0605115990349017
Jordan,2005,0.0479532278988433
Kuwait,2005,0.0434302594160701
Lebanon,2005,0.0447739527979241
Oman,2005,0.0771403410853305
Qatar,2005,0.0199301626863922
Saudi Arabia,2005,0.0773059887481948
Syria,2005,0.0502641990387935
Türkiye,2005,0.0238609105306995
United Arab Emirates,2005,0.0365647067832081
"Yemen, North",2005,xxx
Yemen,2005,0.048683170115889
Algeria,2006,0.0251370691443586
Libya,2006,0.0112033540648601
Morocco,2006,0.0310979654916899
Tunisia,2006,0.0144636242435988
Angola,2006,0.0376149530543532
Benin,2006,0.00665723323947751
Botswana,2006,0.0275454609516549
Burkina Faso,2006,0.0111032179719724
Burundi,2006,0.0351171845179021
Cameroon,2006,0.0122979394296967
Cape Verde,2006,0.00564741208222978
Central African Republic,2006,...
Chad,2006,0.0217784149012173
"Congo, DR",2006,0.013246033223691
"Congo, Republic",2006,0.0156934291857187
Cote d'Ivoire,2006,0.0108657956101875
Djibouti,2006,0.0458763424043374
Equatorial Guinea,2006,...
Eritrea,2006,...
Ethiopia,2006,0.0230714932404438
Gabon,2006,0.0128261921013258
"Gambia, The",2006,0.00260242378391835
Ghana,2006,0.00262213532811969
Guinea,2006,...
Guinea-Bissau,2006,...
Kenya,2006,0.0145517741016444
Lesotho,2006,0.0207422499066906
Liberia,2006,0.00351713255184851
Madagascar,2006,0.00977431205130634
Malawi,2006,0.00552309217409022
Mali,2006,0.0139141541039687
Mauritania,2006,0.0269364721669718
Mauritius,2006,0.00153856508278369
Mozambique,2006,0.00603997650979439
Namibia,2006,0.0250124939843779
Niger,2006,...
Nigeria,2006,0.00348375434095589
Rwanda,2006,0.0164391043145822
Senegal,2006,0.0127105687032274
Seychelles,2006,0.0141343002330889
Sierra Leone,2006,0.00890937353042299
Somalia,2006,...
South Africa,2006,0.0115387200554978
South Sudan,2006,...
Sudan,2006,0.0364051219402658
Eswatini,2006,0.0167289344815941
Tanzania,2006,0.00792124010730679
Togo,2006,...
Uganda,2006,0.0150342601664363
Zambia,2006,0.017439454502704
Zimbabwe,2006,0.0198624247635426
Belize,2006,0.00770603665352675
Costa Rica,2006,...
Cuba,2006,...
Dominican Republic,2006,0.00683423360678412
El Salvador,2006,0.00888131105901353
Guatemala,2006,0.0043182946456192
Haiti,2006,...
Honduras,2006,0.00692430000775615
Jamaica,2006,0.00608922318763779
Mexico,2006,0.00297483414235144
Nicaragua,2006,0.00551255993486822
Panama,2006,...
Trinidad and Tobago,2006,0.00621275873847403
Canada,2006,0.0112252472932052
United States of America,2006,0.0404134230166038
Argentina,2006,0.00788233877461469
Bolivia,2006,0.0146622698404757
Brazil,2006,0.0148108495636286
Chile,2006,0.0250608218939499
Colombia,2006,0.0329582499135229
Ecuador,2006,0.0207919490158198
Guyana,2006,0.00805815134799291
Paraguay,2006,0.00793455134933818
Peru,2006,0.0145621492625964
Uruguay,2006,0.0200617807800672
Venezuela,2006,0.019784922172232
Australia,2006,0.018177309027711
Fiji,2006,0.0160859901711712
New Zealand,2006,0.0124082789303303
Papua New Guinea,2006,0.00376920047262702
Afghanistan,2006,0.0189623399634252
Bangladesh,2006,0.00989838836982973
India,2006,0.0268038156022763
Nepal,2006,0.0153003259651123
Pakistan,2006,0.0364525520437771
Sri Lanka,2006,0.0279877359903086
China,2006,0.018695916362794
Japan,2006,0.009029884189667
"Korea, North",2006,...
"Korea, South",2006,0.0229892381866626
Mongolia,2006,0.00961656696108958
Taiwan,2006,0.0196743876969812
Brunei,2006,0.023039631946555
Cambodia,2006,0.00908700457988102
Indonesia,2006,0.0065870277762871
Laos,2006,0.00343162744772127
Malaysia,2006,0.0200759740140051
Myanmar,2006,...
Philippines,2006,0.012590953916093
Singapore,2006,0.0392291119365444
Thailand,2006,0.00950123246459469
Timor Leste,2006,0.0376928162185985
Viet Nam,2006,0.0193836458436365
Kazakhstan,2006,0.0097899879573514
Kyrgyz Republic,2006,0.0316889818198754
Tajikistan,2006,...
Turkmenistan,2006,...
Uzbekistan,2006,...
Albania,2006,0.0156776908873067
Bosnia and Herzegovina,2006,0.0138653346855639
Bulgaria,2006,0.0208176190777138
Croatia,2006,0.0166641016588365
Czechia,2006,0.0156811468416419
Czechoslovakia,2006,xxx
Estonia,2006,0.0138733380120574
German Democratic Republic,2006,xxx
Hungary,2006,0.0121974188828371
Kosovo,2006,...
Latvia,2006,0.0179995995043083
Lithuania,2006,0.0116779179996757
North Macedonia,2006,0.0183653768735825
Montenegro,2006,0.0229071316307389
Poland,2006,0.019136927914289
Romania,2006,0.0184512546001227
Serbia,2006,0.0211742898352372
Slovakia,2006,0.01594347802785
Slovenia,2006,0.0155085054600912
Yugoslavia,2006,xxx
Armenia,2006,0.0294761315625864
Azerbaijan,2006,0.0341775933255807
Belarus,2006,0.0170941249195756
Georgia,2006,0.0521830695097827
Moldova,2006,0.0048263447637712
Russia,2006,0.0324635723405838
Ukraine,2006,0.0277159181333191
USSR,2006,xxx
Austria,2006,0.00791400408855326
Belgium,2006,0.0105612306878486
Cyprus,2006,0.018999978625024
Denmark,2006,0.0137505574678224
Finland,2006,0.0144270225678265
France,2006,0.0197737744775679
Germany,2006,0.0117898651377886
Greece,2006,0.0282969288184234
Iceland,2006,...
Ireland,2006,0.00513151243889595
Italy,2006,0.0151434317166841
Luxembourg,2006,0.0052078771268481
Malta,2006,0.00655773991501952
Netherlands,2006,0.0138651514016655
Norway,2006,0.0144466802794409
Portugal,2006,0.0151208523296058
Spain,2006,0.0137000746147478
Sweden,2006,0.0131996199535912
Switzerland,2006,0.00753808477874928
United Kingdom,2006,0.0236967440284241
European Union,2006,xxx
Bahrain,2006,0.0310294772848129
Egypt,2006,0.0260621860261331
Iran,2006,0.0331519380033441
Iraq,2006,0.0189757172208062
Israel,2006,0.0585587278604162
Jordan,2006,0.0465932400854871
Kuwait,2006,0.0354264578632145
Lebanon,2006,0.0458143085334009
Oman,2006,0.0709909361868035
Qatar,2006,0.0175050764857182
Saudi Arabia,2006,0.0784836521143522
Syria,2006,0.0439444682311126
Türkiye,2006,0.0234016133817719
United Arab Emirates,2006,0.0322597447304637
"Yemen, North",2006,xxx
Yemen,2006,0.0430846709527936
Algeria,2007,0.0276932850304128
Libya,2007,0.00946677517254647
Morocco,2007,0.0304695366406602
Tunisia,2007,0.0126099385636655
Angola,2007,0.0311405449295742
Benin,2007,...
Botswana,2007,0.0290001468952761
Burkina Faso,2007,0.0141572652816375
Burundi,2007,0.0341459524778307
Cameroon,2007,0.0124159299291596
Cape Verde,2007,0.00481259814269355
Central African Republic,2007,0.010890772448248
Chad,2007,0.0324949802660511
"Congo, DR",2007,0.0110611627665862
"Congo, Republic",2007,0.019162889436872
Cote d'Ivoire,2007,0.011508330294867
Djibouti,2007,0.0290107489253439
Equatorial Guinea,2007,0.0150182586762037
Eritrea,2007,...
Ethiopia,2007,0.0189627732982541
Gabon,2007,...
"Gambia, The",2007,0.00355318377435937
Ghana,2007,0.00370332914572864
Guinea,2007,...
Guinea-Bissau,2007,...
Kenya,2007,0.0154791227998168
Lesotho,2007,0.0236815458611088
Liberia,2007,0.00214434523809524
Madagascar,2007,0.00961181513313121
Malawi,2007,0.00538318180673433
Mali,2007,0.0135503402826002
Mauritania,2007,...
Mauritius,2007,0.00142725039281222
Mozambique,2007,0.00634745730219107
Namibia,2007,0.0261042455712992
Niger,2007,...
Nigeria,2007,0.00370354831159892
Rwanda,2007,0.0136567834681042
Senegal,2007,0.013795917338401
Seychelles,2007,0.0146828358935559
Sierra Leone,2007,0.00842695620186599
Somalia,2007,...
South Africa,2007,0.0105851963686616
South Sudan,2007,...
Sudan,2007,0.040832306034626
Eswatini,2007,0.0164441175361171
Tanzania,2007,0.00762064569335019
Togo,2007,...
Uganda,2007,0.0139447189004469
Zambia,2007,0.0206370699223085
Zimbabwe,2007,...
Belize,2007,0.00804721615478068
Costa Rica,2007,...
Cuba,2007,...
Dominican Republic,2007,0.0062761905715381
El Salvador,2007,0.00973444824900437
Guatemala,2007,0.00398456601466993
Haiti,2007,...
Honduras,2007,0.00776008264862645
Jamaica,2007,0.0065245791026588
Mexico,2007,0.00383092431979546
Nicaragua,2007,0.0053172621458102
Panama,2007,...
Trinidad and Tobago,2007,0.00568668581528334
Canada,2007,0.0118579022996702
United States of America,2007,0.0407335051467688
Argentina,2007,0.00792548175031362
Bolivia,2007,0.014890475837354
Brazil,2007,0.0146629209992902
Chile,2007,0.0233098056175611
Colombia,2007,0.0328630170949445
Ecuador,2007,0.0262795079870115
Guyana,2007,0.00914399668478094
Paraguay,2007,0.00741436848396038
Peru,2007,0.0130393825370825
Uruguay,2007,0.0177716708828507
Venezuela,2007,0.0188899310620025
Australia,2007,0.0181127596229823
Fiji,2007,0.0223709999847122
New Zealand,2007,0.0118207112642705
Papua New Guinea,2007,0.00411602600339175
Afghanistan,2007,0.0256626735198569
Bangladesh,2007,0.00997091964413713
India,2007,0.0247824652803557
Nepal,2007,0.0135358169302232
Pakistan,2007,0.0351198610011098
Sri Lanka,2007,0.0326060835702917
China,2007,0.0175016458545192
Japan,2007,0.0088498737572599
"Korea, North",2007,...
"Korea, South",2007,0.0227093537515891
Mongolia,2007,0.0105327216611992
Taiwan,2007,0.0199820094785881
Brunei,2007,0.0238015224434092
Cambodia,2007,0.00780175183344973
Indonesia,2007,0.0071236193115127
Laos,2007,0.00312173796332908
Malaysia,2007,0.0195850253260823
Myanmar,2007,...
Philippines,2007,0.0129142591630931
Singapore,2007,0.03602552791077
Thailand,2007,0.0101918920071311
Timor Leste,2007,0.0437269712601326
Viet Nam,2007,0.0230475733676407
Kazakhstan,2007,0.0129687682152726
Kyrgyz Republic,2007,0.0305750079106286
Tajikistan,2007,...
Turkmenistan,2007,...
Uzbekistan,2007,...
Albania,2007,0.018207653435572
Bosnia and Herzegovina,2007,0.0123615289583956
Bulgaria,2007,0.0222853990097534
Croatia,2007,0.0161077866472529
Czechia,2007,0.014247883319863
Czechoslovakia,2007,xxx
Estonia,2007,0.0165723646617002
German Democratic Republic,2007,xxx
Hungary,2007,0.012677875208247
Kosovo,2007,...
Latvia,2007,0.0163649936606571
Lithuania,2007,0.01112731351206
North Macedonia,2007,0.0195006969471653
Montenegro,2007,0.0174405848731746
Poland,2007,0.0199879774345695
Romania,2007,0.0149361825981328
Serbia,2007,0.0216443130635595
Slovakia,2007,0.0147798320217802
Slovenia,2007,0.0144855400639896
Yugoslavia,2007,xxx
Armenia,2007,0.0304257470127966
Azerbaijan,2007,0.0286419491898944
Belarus,2007,0.0164976591437478
Georgia,2007,0.0915911651704757
Moldova,2007,0.00516193541658915
Russia,2007,0.031185420747754
Ukraine,2007,0.0287000281658483
USSR,2007,xxx
Austria,2007,0.00906103987717548
Belgium,2007,0.0109801876439276
Cyprus,2007,0.0168459965831751
Denmark,2007,0.0130402280174653
Finland,2007,0.0128760998478864
France,2007,0.0191095777789429
Germany,2007,0.0115279236258074
Greece,2007,0.0271917513817491
Iceland,2007,...
Ireland,2007,0.00508754794256741
Italy,2007,0.0144091823807458
Luxembourg,2007,0.0050162400683642
Malta,2007,0.00618983130615608
Netherlands,2007,0.0134687487455341
Norway,2007,0.0145917207799086
Portugal,2007,0.0137790810197484
Spain,2007,0.0136310631227691
Sweden,2007,0.0130317126242131
Switzerland,2007,0.00718232323663411
United Kingdom,2007,0.0237465777127738
European Union,2007,xxx
Bahrain,2007,0.0295699023434392
Egypt,2007,0.0237963467509709
Iran,2007,0.0265398282115891
Iraq,2007,0.0223992802514507
Israel,2007,0.0616232982826306
Jordan,2007,0.0585128256624216
Kuwait,2007,0.0359032675886877
Lebanon,2007,0.0464100507400197
Oman,2007,0.0671756431693885
Qatar,2007,0.0195984159971877
Saudi Arabia,2007,0.0852704997826892
Syria,2007,0.0410054365333056
Türkiye,2007,0.0219980660446648
United Arab Emirates,2007,0.0328052136989454
"Yemen, North",2007,xxx
Yemen,2007,0.0485072305945547
Algeria,2008,0.0286740578765417
Libya,2008,0.0148985108130425
Morocco,2008,0.0318350142755722
Tunisia,2008,0.0129062492574542
Angola,2008,0.0357312038062707
Benin,2008,0.00663958979626467
Botswana,2008,0.030976203987662
Burkina Faso,2008,0.0124291260830384
Burundi,2008,0.0272089052653941
Cameroon,2008,0.012555907411193
Cape Verde,2008,0.0054860127368837
Central African Republic,2008,0.0154988099383057
Chad,2008,0.0427645851757143
"Congo, DR",2008,0.00697347863400989
"Congo, Republic",2008,0.0179027941022784
Cote d'Ivoire,2008,0.011017046812579
Djibouti,2008,0.0262758252462798
Equatorial Guinea,2008,0.0148230906749545
Eritrea,2008,...
Ethiopia,2008,0.0151584796368311
Gabon,2008,...
"Gambia, The",2008,0.0109491765751865
Ghana,2008,0.00294033500427925
Guinea,2008,...
Guinea-Bissau,2008,...
Kenya,2008,0.0161585029427424
Lesotho,2008,0.01547920805645
Liberia,2008,0.00292064439140811
Madagascar,2008,0.00962892092840992
Malawi,2008,0.00593494429088422
Mali,2008,0.0146571486807421
Mauritania,2008,0.03059333957503
Mauritius,2008,0.0015595207103506
Mozambique,2008,0.00647887786238704
Namibia,2008,0.031372615742466
Niger,2008,0.0073944643123804
Nigeria,2008,0.00489084134608938
Rwanda,2008,0.0130649717514124
Senegal,2008,0.0129196686871926
Seychelles,2008,0.0115019319695979
Sierra Leone,2008,0.00603658478631646
Somalia,2008,...
South Africa,2008,0.0103941759302272
South Sudan,2008,0.0576128903307145
Sudan,2008,0.0497892177814511
Eswatini,2008,0.0199882032667877
Tanzania,2008,0.00698278989715238
Togo,2008,0.0172218624355757
Uganda,2008,0.0134734497189712
Zambia,2008,0.0208008787697224
Zimbabwe,2008,...
Belize,2008,0.0107408006688025
Costa Rica,2008,...
Cuba,2008,...
Dominican Republic,2008,0.00699861657175699
El Salvador,2008,0.00961811831487238
Guatemala,2008,0.00468231102914397
Haiti,2008,...
Honduras,2008,0.00953978556250972
Jamaica,2008,0.00953354273523125
Mexico,2008,0.0037317675556547
Nicaragua,2008,0.00502058376769716
Panama,2008,...
Trinidad and Tobago,2008,0.00493375226495272
Canada,2008,0.0124551836677548
United States of America,2008,0.0444659552156261
Argentina,2008,0.00762756475390461
Bolivia,2008,0.0219395160882894
Brazil,2008,0.0144192408837717
Chile,2008,0.0258365229486108
Colombia,2008,0.0373724698565115
Ecuador,2008,0.026922066648737
Guyana,2008,0.0100888107540392
Paraguay,2008,0.00683124275184385
Peru,2008,0.0124669488192926
Uruguay,2008,0.0186952468832085
Venezuela,2008,0.0179355285179574
Australia,2008,0.0179619704962465
Fiji,2008,0.0152095281013957
New Zealand,2008,0.0115276441116352
Papua New Guinea,2008,0.00337014470677837
Afghanistan,2008,0.02335545701939
Bangladesh,2008,0.00938215291633285
India,2008,0.0263146078124112
Nepal,2008,0.013995740545118
Pakistan,2008,0.0345937100362745
Sri Lanka,2008,0.0324360178402603
China,2008,0.0171604254580499
Japan,2008,0.00907855045566342
"Korea, North",2008,...
"Korea, South",2008,0.0238850767922871
Mongolia,2008,0.00823306745414827
Taiwan,2008,0.021473733836719
Brunei,2008,0.0226179236887845
Cambodia,2008,0.00678731132114834
Indonesia,2008,0.00578945804493387
Laos,2008,0.00273820907156906
Malaysia,2008,0.0182484376549945
Myanmar,2008,...
Philippines,2008,0.0125032908798354
Singapore,2008,0.0385002679403201
Thailand,2008,0.0125266188719419
Timor Leste,2008,0.0364703161141095
Viet Nam,2008,0.0215637292727254
Kazakhstan,2008,0.0115466850608291
Kyrgyz Republic,2008,0.0290487239077854
Tajikistan,2008,0.0102218713975002
Turkmenistan,2008,...
Uzbekistan,2008,...
Albania,2008,0.0198486885667765
Bosnia and Herzegovina,2008,0.012206120604463
Bulgaria,2008,0.0213186398257533
Croatia,2008,0.0182315444519083
Czechia,2008,0.0123408817792114
Czechoslovakia,2008,xxx
Estonia,2008,0.0176710636308365
German Democratic Republic,2008,xxx
Hungary,2008,0.0118049340457337
Kosovo,2008,0.000163027941392356
Latvia,2008,0.017043587604961
Lithuania,2008,0.0113081118398085
North Macedonia,2008,0.0174234086894233
Montenegro,2008,0.0187218246206494
Poland,2008,0.0174555706324845
Romania,2008,0.0139998436558161
Serbia,2008,0.0205019989253683
Slovakia,2008,0.0146010645649302
Slovenia,2008,0.0150018334060673
Yugoslavia,2008,xxx
Armenia,2008,0.0339557936270657
Azerbaijan,2008,0.0329121114577001
Belarus,2008,0.0145349285157346
Georgia,2008,0.0852011839531126
Moldova,2008,0.006085356171256
Russia,2008,0.0314948602002222
Ukraine,2008,0.0267292227463357
USSR,2008,xxx
Austria,2008,0.00876420517647602
Belgium,2008,0.0122191451658895
Cyprus,2008,0.0162970494449745
Denmark,2008,0.0134882681237568
Finland,2008,0.0139102532971688
France,2008,0.0189934504679172
Germany,2008,0.011888700534429
Greece,2008,0.0302372412926418
Iceland,2008,...
Ireland,2008,0.0057698781953157
Italy,2008,0.0153005124720846
Luxembourg,2008,0.00364912794964823
Malta,2008,0.00613354639613187
Netherlands,2008,0.0129710010302488
Norway,2008,0.0137033371660879
Portugal,2008,0.0141594674624287
Spain,2008,0.0136762048450666
Sweden,2008,0.0117073406588482
Switzerland,2008,0.00722484412265189
United Kingdom,2008,0.024871500848402
European Union,2008,xxx
Bahrain,2008,0.0280016136873791
Egypt,2008,0.0218078548537016
Iran,2008,0.0268334192055637
Iraq,2008,0.0236775982414374
Israel,2008,0.0623951148308826
Jordan,2008,0.0599497156149729
Kuwait,2008,0.0300607272121515
Lebanon,2008,0.0401624119377376
Oman,2008,0.0496024822382651
Qatar,2008,0.0201050092711317
Saudi Arabia,2008,0.0735343646797829
Syria,2008,0.035523398057458
Türkiye,2008,0.0218178699504167
United Arab Emirates,2008,0.036680226492701
"Yemen, North",2008,xxx
Yemen,2008,0.0444582924481359
Algeria,2009,0.035129603834668
Libya,2009,...
Morocco,2009,0.0328865184646812
Tunisia,2009,0.012949496088007
Angola,2009,0.0470961004832072
Benin,2009,...
Botswana,2009,0.0326282073750534
Burkina Faso,2009,0.0135276497598007
Burundi,2009,...
Cameroon,2009,0.0123383418917622
Cape Verde,2009,0.00449908484432209
Central African Republic,2009,0.0174797074081845
Chad,2009,0.0570148439592454
"Congo, DR",2009,0.00651615938486403
"Congo, Republic",2009,...
Cote d'Ivoire,2009,0.0125173572577555
Djibouti,2009,...
Equatorial Guinea,2009,0.0247492960390331
Eritrea,2009,...
Ethiopia,2009,0.0120460157802807
Gabon,2009,...
"Gambia, The",2009,0.00482205427892009
Ghana,2009,0.00336757870912986
Guinea,2009,...
Guinea-Bissau,2009,0.0155025769160365
Kenya,2009,0.0136507571681354
Lesotho,2009,0.02722681670282
Liberia,2009,0.00381841359773371
Madagascar,2009,0.00738132953446095
Malawi,2009,0.006745044979156
Mali,2009,0.0141866425479876
Mauritania,2009,0.0313532417025639
Mauritius,2009,0.00167777183674029
Mozambique,2009,0.00687406495551449
Namibia,2009,0.0337436368373618
Niger,2009,0.00735262361389119
Nigeria,2009,0.00505855627592204
Rwanda,2009,0.0132690239867659
Senegal,2009,0.0133587587609685
Seychelles,2009,0.0102087833561425
Sierra Leone,2009,0.00695771445150757
Somalia,2009,...
South Africa,2009,0.0108950470906387
South Sudan,2009,0.0496846263299849
Sudan,2009,0.0545391875825013
Eswatini,2009,0.0209112187510159
Tanzania,2009,0.00757193066304469
Togo,2009,0.0163801256321406
Uganda,2009,0.0143231723283534
Zambia,2009,0.0173163534710359
Zimbabwe,2009,...
Belize,2009,0.0102025947294782
Costa Rica,2009,...
Cuba,2009,0.0338096005154639
Dominican Republic,2009,0.00667461170274579
El Salvador,2009,0.0107887821146881
Guatemala,2009,0.00395326073511874
Haiti,2009,...
Honduras,2009,0.0107491069621038
Jamaica,2009,0.00947227444976472
Mexico,2009,0.00478488795822754
Nicaragua,2009,0.00502751000926974
Panama,2009,...
Trinidad and Tobago,2009,0.00709658644481144
Canada,2009,0.0137755563107525
United States of America,2009,0.0487576835879774
Argentina,2009,0.00886508576686385
Bolivia,2009,0.0176136075631536
Brazil,2009,0.0153862567601211
Chile,2009,0.0227650789887703
Colombia,2009,0.0388696383706353
Ecuador,2009,0.0324319951406484
Guyana,2009,0.00981015648111865
Paraguay,2009,0.00753483712105124
Peru,2009,0.0152962572422539
Uruguay,2009,0.0182261337958887
Venezuela,2009,0.0123107041540807
Australia,2009,0.0192365517034008
Fiji,2009,0.0178657925681224
New Zealand,2009,0.0121981164874631
Papua New Guinea,2009,0.00447943023146847
Afghanistan,2009,0.0208741255278385
Bangladesh,2009,0.0102893954845227
India,2009,0.0312938472737472
Nepal,2009,0.0143935498107438
Pakistan,2009,0.0326522399322955
Sri Lanka,2009,0.0316189871004304
China,2009,0.0189352379603523
Japan,2009,0.00972969565505525
"Korea, North",2009,...
"Korea, South",2009,0.0249990153790778
Mongolia,2009,0.00629698225139809
Taiwan,2009,0.0232609094822731
Brunei,2009,0.0294107203176036
Cambodia,2009,0.0109246347000704
Indonesia,2009,0.00571133891996423
Laos,2009,0.00217194753335539
Malaysia,2009,0.0187148694418887
Myanmar,2009,...
Philippines,2009,0.012023233937147
Singapore,2009,0.0388242334748021
Thailand,2009,0.0154034760915174
Timor Leste,2009,0.0501870958866419
Viet Nam,2009,0.0226520866993266
Kazakhstan,2009,0.0110303324145897
Kyrgyz Republic,2009,0.0317610058298534
Tajikistan,2009,0.00954768508640922
Turkmenistan,2009,...
Uzbekistan,2009,...
Albania,2009,0.015172171395597
Bosnia and Herzegovina,2009,0.0137658621151299
Bulgaria,2009,0.0173951150062383
Croatia,2009,0.0177217858246391
Czechia,2009,0.0131349218921279
Czechoslovakia,2009,xxx
Estonia,2009,0.0179897241682054
German Democratic Republic,2009,xxx
Hungary,2009,0.0112823884115794
Kosovo,2009,0.00481597270513536
Latvia,2009,0.0141593498753712
Lithuania,2009,0.0107973512828669
North Macedonia,2009,0.0168816456224776
Montenegro,2009,0.0184376127299691
Poland,2009,0.0179268764302392
Romania,2009,0.0127806961233722
Serbia,2009,0.0207489736839956
Slovakia,2009,0.0151744260464589
Slovenia,2009,0.0160495226217918
Yugoslavia,2009,xxx
Armenia,2009,0.0415704990783508
Azerbaijan,2009,0.0332542168167072
Belarus,2009,0.0137257698145111
Georgia,2009,0.0560659705141182
Moldova,2009,0.00457886649076119
Russia,2009,0.0392406340302834
Ukraine,2009,0.028403538702613
USSR,2009,xxx
Austria,2009,0.00838531947457704
Belgium,2009,0.0116353003394252
Cyprus,2009,0.0181681950779024
Denmark,2009,0.0134441225473678
Finland,2009,0.0156084541207723
France,2009,0.0209877791453034
Germany,2009,0.012847898688108
Greece,2009,0.0326904009456305
Iceland,2009,...
Ireland,2009,0.00601169019780089
Italy,2009,0.0154748909606347
Luxembourg,2009,0.00371311757115607
Malta,2009,0.00676723897394339
Netherlands,2009,0.0138580992838475
Norway,2009,0.0159690979918941
Portugal,2009,0.0153406376621365
Spain,2009,0.0135835383696039
Sweden,2009,0.011657412674695
Switzerland,2009,0.0073179337674355
United Kingdom,2009,0.0264772453259797
European Union,2009,xxx
Bahrain,2009,0.0361053524967651
Egypt,2009,0.0203264504307225
Iran,2009,0.0304770554917662
Iraq,2009,0.0289914007639814
Israel,2009,0.0597664891131294
Jordan,2009,0.0639138388037152
Kuwait,2009,0.0397180632341079
Lebanon,2009,0.0402886758468434
Oman,2009,0.0607257047519031
Qatar,2009,0.0199221317692269
Saudi Arabia,2009,0.0961719999229391
Syria,2009,0.0402770775856936
Türkiye,2009,0.0247155127527395
United Arab Emirates,2009,0.0545710777311036
"Yemen, North",2009,xxx
Yemen,2009,0.0565364869262807
Algeria,2010,0.0318998154667367
Libya,2010,...
Morocco,2010,0.0339079610106242
Tunisia,2010,0.0123617052057621
Angola,2010,0.041775845224338
Benin,2010,...
Botswana,2010,0.0275907988033428
Burkina Faso,2010,0.0122478599330692
Burundi,2010,...
Cameroon,2010,0.0128837517696819
Cape Verde,2010,0.00451425943343675
Central African Republic,2010,0.0240996017514635
Chad,2010,0.0431747390688638
"Congo, DR",2010,0.00821258594589643
"Congo, Republic",2010,0.016625904477394
Cote d'Ivoire,2010,0.0112710510056221
Djibouti,2010,...
Equatorial Guinea,2010,...
Eritrea,2010,...
Ethiopia,2010,0.0115394252706819
Gabon,2010,0.0187162256589575
"Gambia, The",2010,...
Ghana,2010,0.00282687655236928
Guinea,2010,...
Guinea-Bissau,2010,0.0182387957578709
Kenya,2010,0.013699852575929
Lesotho,2010,0.0316252874160214
Liberia,2010,0.00456866734486267
Madagascar,2010,0.00570214687272478
Malawi,2010,0.00510085444003662
Mali,2010,0.0137456680820104
Mauritania,2010,...
Mauritius,2010,0.00148689589780391
Mozambique,2010,0.00869180245993684
Namibia,2010,0.0351474397546307
Niger,2010,0.0087650323651909
Nigeria,2010,0.00539231118131693
Rwanda,2010,0.0121679268178848
Senegal,2010,0.012153093310459
Seychelles,2010,0.00737915363270446
Sierra Leone,2010,0.00600434938929684
Somalia,2010,...
South Africa,2010,0.0100348106887351
South Sudan,2010,0.0414063254299941
Sudan,2010,...
Eswatini,2010,0.0236677016665611
Tanzania,2010,0.00896024084275438
Togo,2010,0.0165885798813081
Uganda,2010,0.0246009387698207
Zambia,2010,0.0138259276517524
Zimbabwe,2010,0.00816251453246969
Belize,2010,0.00876347006335822
Costa Rica,2010,...
Cuba,2010,0.0332685611242383
Dominican Republic,2010,0.006675317048534
El Salvador,2010,0.0108955372746629
Guatemala,2010,0.00441382604389834
Haiti,2010,...
Honduras,2010,0.0107445720815541
Jamaica,2010,0.00874179484221201
Mexico,2010,0.00433229899207479
Nicaragua,2010,0.00505472679188859
Panama,2010,...
Trinidad and Tobago,2010,0.00635217366605715
Canada,2010,0.0119433833839121
United States of America,2010,0.0490402300595835
Argentina,2010,0.00814878118220695
Bolivia,2010,0.0278500726887326
Brazil,2010,0.0153940698128362
Chile,2010,0.0225424093293149
Colombia,2010,0.0363691504613462
Ecuador,2010,0.0307257396611835
Guyana,2010,0.00905210395614708
Paraguay,2010,0.00750544858772042
Peru,2010,0.0147697203873093
Uruguay,2010,0.0187580785777619
Venezuela,2010,0.0101348862784929
Australia,2010,0.0185259869583961
Fiji,2010,0.0160512894075313
New Zealand,2010,0.0120991906751486
Papua New Guinea,2010,0.0032514450867052
Afghanistan,2010,0.0194583569418812
Bangladesh,2010,0.0118438401700177
India,2010,0.0288946327164641
Nepal,2010,0.0136781608986268
Pakistan,2010,0.0304189326480607
Sri Lanka,2010,0.0270074784039336
China,2010,0.0173351986212832
Japan,2010,0.0094903257605427
"Korea, North",2010,...
"Korea, South",2010,0.0236122792330691
Mongolia,2010,0.00762997245666295
Taiwan,2010,0.0203764941522932
Brunei,2010,0.0285048790060089
Cambodia,2010,0.0121559876300051
Indonesia,2010,0.00617587091951932
Laos,2010,0.00204567128983702
Malaysia,2010,0.0149021010582112
Myanmar,2010,...
Philippines,2010,0.0117013220060251
Singapore,2010,0.0338139843984389
Thailand,2010,0.015225558657538
Timor Leste,2010,0.029926287139941
Viet Nam,2010,0.0181539587772715
Kazakhstan,2010,0.0101441556484772
Kyrgyz Republic,2010,0.038461743536872
Tajikistan,2010,0.0095285512473335
Turkmenistan,2010,...
Uzbekistan,2010,...
Albania,2010,0.0155859189302349
Bosnia and Herzegovina,2010,0.0128034144398166
Bulgaria,2010,0.0164246152423714
Croatia,2010,0.0166618616230333
Czechia,2010,0.0118289778802227
Czechoslovakia,2010,xxx
Estonia,2010,0.0170034915217706
German Democratic Republic,2010,xxx
Hungary,2010,0.0102413363369774
Kosovo,2010,0.00722607027057869
Latvia,2010,0.0110611728003503
Lithuania,2010,0.00890423906680536
North Macedonia,2010,0.0138215461102863
Montenegro,2010,0.0181434774678489
Poland,2010,0.0183851836437415
Romania,2010,0.0122697660697606
Serbia,2010,0.0200369125521031
Slovakia,2010,0.0124987774042242
Slovenia,2010,0.0161704968465109
Yugoslavia,2010,xxx
Armenia,2010,0.0426564605593771
Azerbaijan,2010,0.0279100435652891
Belarus,2010,0.013413834329232
Georgia,2010,0.0365484993224496
Moldova,2010,0.00262879174562087
Russia,2010,0.0358508572012112
Ukraine,2010,0.0274199654235065
USSR,2010,xxx
Austria,2010,0.00826388366920392
Belgium,2010,0.0109018110220613
Cyprus,2010,0.0185292455056688
Denmark,2010,0.0139710181036952
Finland,2010,0.0149172644486325
France,2010,0.0196864375039496
Germany,2010,0.0124181027958074
Greece,2010,0.0275678087939637
Iceland,2010,...
Ireland,2010,0.00574574154033988
Italy,2010,0.0149431312454622
Luxembourg,2010,0.00441009496679635
Malta,2010,0.00646212685652893
Netherlands,2010,0.0131752879372712
Norway,2010,0.0150762795492815
Portugal,2010,0.0148615299877848
Spain,2010,0.013816644927099
Sweden,2010,0.0119449893581106
Switzerland,2010,0.00687220165933277
United Kingdom,2010,0.0256799960467203
European Union,2010,xxx
Bahrain,2010,0.0327782374844849
Egypt,2010,0.0195296705174529
Iran,2010,0.027865480606164
Iraq,2010,0.0270935227972459
Israel,2010,0.0578907528727422
Jordan,2010,0.0574149982771799
Kuwait,2010,0.037561481418781
Lebanon,2010,0.0412394687168443
Oman,2010,0.0564885516492993
Qatar,2010,0.0147390908321736
Saudi Arabia,2010,0.0856567729417753
Syria,2010,0.0405614173609585
Türkiye,2010,0.0227171515093383
United Arab Emirates,2010,0.0603859220826788
"Yemen, North",2010,xxx
Yemen,2010,0.0468555712379286
Algeria,2011,0.039628827473348
Libya,2011,...
Morocco,2011,0.0329749523520352
Tunisia,2011,0.0148625780102894
Angola,2011,0.0325566035129376
Benin,2011,...
Botswana,2011,0.0240443003238577
Burkina Faso,2011,0.0115090587793045
Burundi,2011,...
Cameroon,2011,0.0113588889236589
Cape Verde,2011,0.00476996486976338
Central African Republic,2011,0.0204840124780659
Chad,2011,0.0375931302180558
"Congo, DR",2011,0.00904759163497381
"Congo, Republic",2011,...
Cote d'Ivoire,2011,0.0100705786228658
Djibouti,2011,...
Equatorial Guinea,2011,...
Eritrea,2011,...
Ethiopia,2011,0.0109070647415251
Gabon,2011,0.0146243422997043
"Gambia, The",2011,...
Ghana,2011,0.0043515452267479
Guinea,2011,...
Guinea-Bissau,2011,0.0151613050510836
Kenya,2011,0.0137974304585955
Lesotho,2011,0.0225552295756199
Liberia,2011,0.00535918803418803
Madagascar,2011,0.00623191026336477
Malawi,2011,0.00468557773532063
Mali,2011,0.012410333300729
Mauritania,2011,...
Mauritius,2011,0.00152035252096647
Mozambique,2011,0.00813112431836901
Namibia,2011,0.035745889549471
Niger,2011,0.00976041978774068
Nigeria,2011,0.00579227031040921
Rwanda,2011,0.0109493104282603
Senegal,2011,0.0129386015954483
Seychelles,2011,0.00855504063317464
Sierra Leone,2011,0.00530893039714345
Somalia,2011,...
South Africa,2011,0.0100265340405471
South Sudan,2011,0.0609441532228387
Sudan,2011,...
Eswatini,2011,0.0221867209215692
Tanzania,2011,0.00903150747306732
Togo,2011,0.0152606374846498
Uganda,2011,0.02538786699798
Zambia,2011,0.013176391076812
Zimbabwe,2011,0.01407162104666
Belize,2011,0.00842255994312455
Costa Rica,2011,...
Cuba,2011,0.0308450500072474
Dominican Republic,2011,0.00602928060143009
El Salvador,2011,0.0108806149544119
Guatemala,2011,0.00459619447723005
Haiti,2011,...
Honduras,2011,0.0113130910330426
Jamaica,2011,0.00925165752936644
Mexico,2011,0.00447386999972132
Nicaragua,2011,0.00526411336509848
Panama,2011,...
Trinidad and Tobago,2011,0.00566437190906244
Canada,2011,0.0119329189549638
United States of America,2011,0.0482244197600452
Argentina,2011,0.00764287095310235
Bolivia,2011,0.0168412265690433
Brazil,2011,0.0141185115924524
Chile,2011,0.0226361278130337
Colombia,2011,0.0307710698956258
Ecuador,2011,0.0310647440690889
Guyana,2011,0.00878175345601621
Paraguay,2011,0.00844603850849582
Peru,2011,0.0137118305528699
Uruguay,2011,0.0171974893241654
Venezuela,2011,0.0113040534078431
Australia,2011,0.0175526613878209
Fiji,2011,0.0161040391811109
New Zealand,2011,0.0116234930052697
Papua New Guinea,2011,0.00356925097321889
Afghanistan,2011,0.0182134545354632
Bangladesh,2011,0.0121766894947597
India,2011,0.0270448222276966
Nepal,2011,0.0135067285523943
Pakistan,2011,0.0291924318438144
Sri Lanka,2011,0.0268531865302989
China,2011,0.0165908251595704
Japan,2011,0.00974823565427991
"Korea, North",2011,...
"Korea, South",2011,0.0237114288990647
Mongolia,2011,0.00837270236688781
Taiwan,2011,0.0205829991196322
Brunei,2011,0.0224224141990167
Cambodia,2011,0.011985526648033
Indonesia,2011,0.00653776702606807
Laos,2011,0.00212126552452257
Malaysia,2011,0.0155285313376988
Myanmar,2011,...
Philippines,2011,0.0115341455205701
Singapore,2011,0.0319387456850782
Thailand,2011,0.0139063450331731
Timor Leste,2011,0.0196949347659248
Viet Nam,2011,0.0155654936250578
Kazakhstan,2011,0.0093651358475802
Kyrgyz Republic,2011,0.0339883593465625
Tajikistan,2011,0.0109380663999495
Turkmenistan,2011,...
Uzbekistan,2011,...
Albania,2011,0.0152826633776627
Bosnia and Herzegovina,2011,0.0113643026444417
Bulgaria,2011,0.0131400025609446
Croatia,2011,0.0173660237614066
Czechia,2011,0.0106914296806992
Czechoslovakia,2011,xxx
Estonia,2011,0.0167245488569073
German Democratic Republic,2011,xxx
Hungary,2011,0.0103876980779352
Kosovo,2011,0.00804774182927632
Latvia,2011,0.011073762662641
Lithuania,2011,0.00797082443059276
North Macedonia,2011,0.0126218709982742
Montenegro,2011,0.0174896930267889
Poland,2011,0.0179131485643585
Romania,2011,0.0123556866931776
Serbia,2011,0.0192573079525961
Slovakia,2011,0.0106939130819127
Slovenia,2011,0.0130187924610493
Yugoslavia,2011,xxx
Armenia,2011,0.0385394644115574
Azerbaijan,2011,0.0467013555547022
Belarus,2011,0.0122449510976582
Georgia,2011,0.030291791684272
Moldova,2011,0.00272949600366091
Russia,2011,0.0343304383760131
Ukraine,2011,0.0225828771122262
USSR,2011,xxx
Austria,2011,0.00795931958980622
Belgium,2011,0.0104450113453523
Cyprus,2011,0.0173783209097559
Denmark,2011,0.013123392890178
Finland,2011,0.0149199362525613
France,2011,0.0188794614981494
Germany,2011,0.0118233731589884
Greece,2011,0.0252021146748907
Iceland,2011,...
Ireland,2011,0.00539508228229788
Italy,2011,0.0146829220552997
Luxembourg,2011,0.00376775588804359
Malta,2011,0.00571705680644883
Netherlands,2011,0.0127726127378573
Norway,2011,0.0144252755140788
Portugal,2011,0.0148992161044294
Spain,2011,0.0132573618168037
Sweden,2011,0.0110855139297702
Switzerland,2011,0.00694782257657599
United Kingdom,2011,0.0249903987829525
European Union,2011,xxx
Bahrain,2011,0.0359149722735675
Egypt,2011,0.0183702551137618
Iran,2011,0.0238163454250427
Iraq,2011,0.0230344021962536
Israel,2011,0.0563236402188698
Jordan,2011,0.0540164163067694
Kuwait,2011,0.0350139726568748
Lebanon,2011,0.0407375676942933
Oman,2011,0.0645275108066004
Qatar,2011,...
Saudi Arabia,2011,0.0717239914861776
Syria,2011,...
Türkiye,2011,0.020275060358965
United Arab Emirates,2011,0.0546631452753061
"Yemen, North",2011,xxx
Yemen,2011,0.0492646180284206
Algeria,2012,0.0410589825804389
Libya,2012,0.0374560382719202
Morocco,2012,0.0346275007931538
Tunisia,2012,0.0143987394498013
Angola,2012,0.0323665949921649
Benin,2012,0.00702056157787745
Botswana,2012,0.0234377212582193
Burkina Faso,2012,0.0117602847916222
Burundi,2012,0.025271777075949
Cameroon,2012,0.0117534857560788
Cape Verde,2012,0.00506009716198007
Central African Republic,2012,0.0170284520206217
Chad,2012,...
"Congo, DR",2012,0.0110722925521469
"Congo, Republic",2012,...
Cote d'Ivoire,2012,0.0110066387533087
Djibouti,2012,...
Equatorial Guinea,2012,...
Eritrea,2012,...
Ethiopia,2012,0.00868361507077892
Gabon,2012,0.0161980464787095
"Gambia, The",2012,0.00792325301857297
Ghana,2012,0.00593208552483374
Guinea,2012,0.0224508735704069
Guinea-Bissau,2012,0.0233372193259001
Kenya,2012,0.0148957729008126
Lesotho,2012,0.0214823978786685
Liberia,2012,0.00567439252336449
Madagascar,2012,0.00592764957720632
Malawi,2012,0.00543771636934602
Mali,2012,0.0119640574526633
Mauritania,2012,0.0211497466612287
Mauritius,2012,0.0014279440115901
Mozambique,2012,0.00833531162295525
Namibia,2012,0.0316654259121144
Niger,2012,0.0162398436872309
Nigeria,2012,0.00504264930204985
Rwanda,2012,0.0104224962789709
Senegal,2012,0.0111347959476351
Seychelles,2012,0.00936679584641367
Sierra Leone,2012,0.00517911005474655
Somalia,2012,...
South Africa,2012,0.0103352274081458
South Sudan,2012,0.0877114861951039
Sudan,2012,...
Eswatini,2012,0.0191455696202532
Tanzania,2012,0.0091379934806313
Togo,2012,0.0162464311756716
Uganda,2012,0.0117612274538488
Zambia,2012,0.013578688500397
Zimbabwe,2012,0.0185949988315027
Belize,2012,0.00796165416080834
Costa Rica,2012,...
Cuba,2012,0.0393759997812444
Dominican Republic,2012,0.00653151461976632
El Salvador,2012,0.0104880962679117
Guatemala,2012,0.00475870730886697
Haiti,2012,...
Honduras,2012,0.0113179437578958
Jamaica,2012,0.00929536056664277
Mexico,2012,0.00455502051174913
Nicaragua,2012,0.00665903553721293
Panama,2012,...
Trinidad and Tobago,2012,0.00641229257894688
Canada,2012,0.0111840459807104
United States of America,2012,0.044617099699335
Argentina,2012,0.00784824735364742
Bolivia,2012,0.0184560643919497
Brazil,2012,0.0137865646470437
Chile,2012,0.0204588028294284
Colombia,2012,0.0315600586340429
Ecuador,2012,0.0295181465866835
Guyana,2012,0.00825543220373685
Paraguay,2012,0.00964506788033691
Peru,2012,0.0148351279277452
Uruguay,2012,0.0160724459656554
Venezuela,2012,0.0134147173233053
Australia,2012,0.0167028165223311
Fiji,2012,0.0149096169403815
New Zealand,2012,0.0111637221213693
Papua New Guinea,2012,0.00519471738934463
Afghanistan,2012,0.0117541612009987
Bangladesh,2012,0.0118089723364654
India,2012,0.0261816634758562
Nepal,2012,0.0124370217046399
Pakistan,2012,0.0309577353673779
Sri Lanka,2012,0.0215519951243996
China,2012,0.0170094267160117
Japan,2012,0.00956761841659896
"Korea, North",2012,...
"Korea, South",2012,0.0239205949733254
Mongolia,2012,0.00924305618490081
Taiwan,2012,0.0211652953784728
Brunei,2012,0.0215903448896045
Cambodia,2012,0.0121900137646164
Indonesia,2012,0.00711549473406383
Laos,2012,0.00199455064976167
Malaysia,2012,0.0141333070740643
Myanmar,2012,0.0412480380212694
Philippines,2012,0.0110670418975985
Singapore,2012,0.0310816619008299
Thailand,2012,0.0138988888346862
Timor Leste,2012,0.0287728369527749
Viet Nam,2012,0.0171831331991755
Kazakhstan,2012,0.0104690637071706
Kyrgyz Republic,2012,0.0320725902845126
Tajikistan,2012,0.00999142722822931
Turkmenistan,2012,...
Uzbekistan,2012,...
Albania,2012,0.0148708257655216
Bosnia and Herzegovina,2012,0.0114557192089501
Bulgaria,2012,0.0132981896505284
Croatia,2012,0.0165593775106979
Czechia,2012,0.0105560770651415
Czechoslovakia,2012,xxx
Estonia,2012,0.0187984897526434
German Democratic Republic,2012,xxx
Hungary,2012,0.010292472545828
Kosovo,2012,0.00703950801287396
Latvia,2012,0.00942934638140067
Lithuania,2012,0.00769173393857888
North Macedonia,2012,0.0122531966171625
Montenegro,2012,0.0165646177250839
Poland,2012,0.0180404649861118
Romania,2012,0.0117392522752233
Serbia,2012,0.0191798161392813
Slovakia,2012,0.010769371641209
Slovenia,2012,0.0117717193840362
Yugoslavia,2012,xxx
Armenia,2012,0.0358376691873744
Azerbaijan,2012,0.0465861825196324
Belarus,2012,0.0122921872178113
Georgia,2012,0.0291212426772649
Moldova,2012,0.0027407991661782
Russia,2012,0.0368924043459907
Ukraine,2012,0.0235345197687142
USSR,2012,xxx
Austria,2012,0.00783538525853244
Belgium,2012,0.010370296665755
Cyprus,2012,0.0165475170209627
Denmark,2012,0.0135329314051826
Finland,2012,0.0153160526604717
France,2012,0.0187154409463222
Germany,2012,0.0121725965761789
Greece,2012,0.0247639628901893
Iceland,2012,...
Ireland,2012,0.00509289132793347
Italy,2012,0.0141946238544527
Luxembourg,2012,0.00358937251707305
Malta,2012,0.00519475728040563
Netherlands,2012,0.0122552534668627
Norway,2012,0.0139318999611811
Portugal,2012,0.0140383146309083
Spain,2012,0.0141695174735802
Sweden,2012,0.0113574610579856
Switzerland,2012,0.00669001710434324
United Kingdom,2012,0.0241781748358099
European Union,2012,xxx
Bahrain,2012,0.038444905725653
Egypt,2012,0.0164817579267929
Iran,2012,0.0268660846849974
Iraq,2012,0.0189956836613945
Israel,2012,0.0551022054656508
Jordan,2012,0.0465572090662121
Kuwait,2012,0.0341374157981372
Lebanon,2012,0.0399214379436289
Oman,2012,0.105832031528957
Qatar,2012,...
Saudi Arabia,2012,0.0761580760228465
Syria,2012,...
Türkiye,2012,0.0200944811786941
United Arab Emirates,2012,0.0507555649376756
"Yemen, North",2012,xxx
Yemen,2012,0.0457388404478979
Algeria,2013,0.0442382453876042
Libya,2013,0.0763933084825893
Morocco,2013,0.0380578290120645
Tunisia,2013,0.015597373837127
Angola,2013,0.0445523942155109
Benin,2013,0.00687239683496254
Botswana,2013,0.021471710497407
Burkina Faso,2013,0.0123609025726906
Burundi,2013,0.024824131147541
Cameroon,2013,0.0116504114303499
Cape Verde,2013,0.0048366416567439
Central African Republic,2013,0.0283390827023391
Chad,2013,0.0429488547231355
"Congo, DR",2013,0.0107353188499408
"Congo, Republic",2013,0.0204447551898046
Cote d'Ivoire,2013,0.00995019119922897
Djibouti,2013,...
Equatorial Guinea,2013,...
Eritrea,2013,...
Ethiopia,2013,0.00806417193723534
Gabon,2013,0.0160404717948982
"Gambia, The",2013,0.00754494266076443
Ghana,2013,0.00400294579040699
Guinea,2013,0.0238618429535759
Guinea-Bissau,2013,0.019570423918299
Kenya,2013,0.0139539650803677
Lesotho,2013,0.0202653187465999
Liberia,2013,0.00496435611038108
Madagascar,2013,0.00578559931839726
Malawi,2013,0.00809790589117754
Mali,2013,0.0116137913160626
Mauritania,2013,0.0199659728958967
Mauritius,2013,0.00188733237769964
Mozambique,2013,0.00918079927497185
Namibia,2013,0.0320641632429402
Niger,2013,0.010452311825973
Nigeria,2013,0.00469695304520636
Rwanda,2013,0.0105488528481013
Senegal,2013,0.0125170125603319
Seychelles,2013,0.0103655893266994
Sierra Leone,2013,0.00469957196664839
Somalia,2013,0.00443857556653604
South Africa,2013,0.0102779402383821
South Sudan,2013,0.0656986369718549
Sudan,2013,...
Eswatini,2013,0.0195189144736842
Tanzania,2013,0.00972362603264413
Togo,2013,0.0167620536115859
Uganda,2013,0.00937840989830747
Zambia,2013,0.0135973638684875
Zimbabwe,2013,0.0186822395642382
Belize,2013,0.00874010589302631
Costa Rica,2013,...
Cuba,2013,0.0351272878104423
Dominican Republic,2013,0.00611824773045351
El Salvador,2013,0.0107998923193894
Guatemala,2013,0.00471272593167646
Haiti,2013,0.000303030932089833
Honduras,2013,0.013795353155606
Jamaica,2013,0.00898967963739861
Mexico,2013,0.0048764287589738
Nicaragua,2013,0.00678614215031222
Panama,2013,...
Trinidad and Tobago,2013,0.0076306904134769
Canada,2013,0.0100236720047397
United States of America,2013,0.0402370560438155
Argentina,2013,0.0083773642721392
Bolivia,2013,0.0184124031434345
Brazil,2013,0.0132944608382557
Chile,2013,0.0199462247217943
Colombia,2013,0.0327226285651869
Ecuador,2013,0.0283298697009902
Guyana,2013,0.00843693300095089
Paraguay,2013,0.00964167260244977
Peru,2013,0.0164306905104789
Uruguay,2013,0.0168721815702608
Venezuela,2013,0.0166955178280415
Australia,2013,0.0163819651223089
Fiji,2013,0.0138677744785356
New Zealand,2013,0.0104392336294516
Papua New Guinea,2013,0.00494549266247379
Afghanistan,2013,0.0107694976762403
Bangladesh,2013,0.0111372942922328
India,2013,0.025488248901417
Nepal,2013,0.013407258743985
Pakistan,2013,0.0308802003540329
Sri Lanka,2013,0.0215404824269909
China,2013,0.017143409229625
Japan,2013,0.00940538501428935
"Korea, North",2013,...
"Korea, South",2013,0.0239128707318548
Mongolia,2013,0.00822311489894261
Taiwan,2013,0.0194278150634835
Brunei,2013,0.0227750759504916
Cambodia,2013,0.0122920405585317
Indonesia,2013,0.00918769839183066
Laos,2013,0.00189895181780941
Malaysia,2013,0.0149929579850642
Myanmar,2013,0.0411633459177026
Philippines,2013,0.0118950172893764
Singapore,2013,0.0303849114883637
Thailand,2013,0.0134525091985427
Timor Leste,2013,0.0227036904335364
Viet Nam,2013,0.0174407703676771
Kazakhstan,2013,0.0107808460394627
Kyrgyz Republic,2013,0.0319620405364784
Tajikistan,2013,...
Turkmenistan,2013,...
Uzbekistan,2013,...
Albania,2013,0.0140898210141146
Bosnia and Herzegovina,2013,0.0108705579799922
Bulgaria,2013,0.0145404283053363
Croatia,2013,0.0160780875391152
Czechia,2013,0.0100870446252121
Czechoslovakia,2013,xxx
Estonia,2013,0.0188381591331462
German Democratic Republic,2013,xxx
Hungary,2013,0.00943669886878651
Kosovo,2013,0.00721739287326993
Latvia,2013,0.00972846248892055
Lithuania,2013,0.00766528272772994
North Macedonia,2013,0.0116943718855289
Montenegro,2013,0.0145226142609027
Poland,2013,0.017900581767381
Romania,2013,0.0129223076714816
Serbia,2013,0.0184757469294627
Slovakia,2013,0.00976653153261356
Slovenia,2013,0.0105894724003693
Yugoslavia,2013,xxx
Armenia,2013,0.0399724455730484
Azerbaijan,2013,0.0454092330961466
Belarus,2013,0.0127079665150066
Georgia,2013,0.0252250044602568
Moldova,2013,0.00281261545863777
Russia,2013,0.0385404258314373
Ukraine,2013,0.023928953083474
USSR,2013,xxx
Austria,2013,0.00757180192579996
Belgium,2013,0.010045200869807
Cyprus,2013,0.0160700908951525
Denmark,2013,0.0122352490397164
Finland,2013,0.0154007184381097
France,2013,0.0184711648361859
Germany,2013,0.0116213791467872
Greece,2013,0.0239130807647224
Iceland,2013,...
Ireland,2013,0.0049161342312128
Italy,2013,0.0139167747666985
Luxembourg,2013,0.00358492375793951
Malta,2013,0.00498340372182382
Netherlands,2013,0.011572088159419
Norway,2013,0.0140525218139781
Portugal,2013,0.0143957267155316
Spain,2013,0.0126618872678062
Sweden,2013,0.0111768901606678
Switzerland,2013,0.00712636242390875
United Kingdom,2013,0.0229232047399432
European Union,2013,xxx
Bahrain,2013,0.0414139762975071
Egypt,2013,0.0161005697699419
Iran,2013,0.0218077190909837
Iraq,2013,0.0331583096149399
Israel,2013,0.0544373442389891
Jordan,2013,0.0419373981956594
Kuwait,2013,0.0327153182701652
Lebanon,2013,0.0412908273269169
Oman,2013,0.0974727260107489
Qatar,2013,...
Saudi Arabia,2013,0.0889019141193183
Syria,2013,...
Türkiye,2013,0.0192395966496054
United Arab Emirates,2013,0.0603468625064444
"Yemen, North",2013,xxx
Yemen,2013,0.0407952717554633
Algeria,2014,0.0496487829782902
Libya,2014,0.154795763013832
Morocco,2014,0.0339845864113579
Tunisia,2014,0.018068874807375
Angola,2014,0.0469845451564414
Benin,2014,0.00700924948797968
Botswana,2014,0.0221199714449013
Burkina Faso,2014,0.0127234195224905
Burundi,2014,0.0229794559090695
Cameroon,2014,0.0110497962306915
Cape Verde,2014,0.00492596173932618
Central African Republic,2014,0.0202965439546462
Chad,2014,0.0215784238896733
"Congo, DR",2014,0.0088969520971371
"Congo, Republic",2014,0.0394035726748698
Cote d'Ivoire,2014,0.010677761217949
Djibouti,2014,...
Equatorial Guinea,2014,0.00766177996343115
Eritrea,2014,...
Ethiopia,2014,0.00768407756190907
Gabon,2014,0.0114481839629997
"Gambia, The",2014,0.0118750912674762
Ghana,2014,0.00484989051455069
Guinea,2014,0.0227643791059905
Guinea-Bissau,2014,0.0189380436110046
Kenya,2014,0.0119943336712808
Lesotho,2014,0.0195379607639772
Liberia,2014,0.00470258899676375
Madagascar,2014,0.00556391260884791
Malawi,2014,0.00580771278154093
Mali,2014,0.0151593383195421
Mauritania,2014,0.0219709519242621
Mauritius,2014,0.00151017482159405
Mozambique,2014,0.0096645825007793
Namibia,2014,0.0432586724007944
Niger,2014,0.0133859819740079
Nigeria,2014,0.00414718776586509
Rwanda,2014,0.0110273875155611
Senegal,2014,0.0121336600293871
Seychelles,2014,0.0222757343262158
Sierra Leone,2014,0.00747309962312162
Somalia,2014,0.00935247555486575
South Africa,2014,0.0102189399625968
South Sudan,2014,0.0857452320335879
Sudan,2014,...
Eswatini,2014,0.0182286935337352
Tanzania,2014,0.010157610032095
Togo,2014,0.0181828886251592
Uganda,2014,0.00924476429892299
Zambia,2014,0.016338689575111
Zimbabwe,2014,0.0188778911739064
Belize,2014,0.00931313121713426
Costa Rica,2014,...
Cuba,2014,0.0353600476096013
Dominican Republic,2014,0.00651437855543241
El Salvador,2014,0.0103525487674093
Guatemala,2014,0.00424656428368739
Haiti,2014,0.000355624820363801
Honduras,2014,0.0119271597688079
Jamaica,2014,0.00872784216786518
Mexico,2014,0.00495321031372806
Nicaragua,2014,0.00685091959091359
Panama,2014,...
Trinidad and Tobago,2014,0.00656301051048555
Canada,2014,0.00989925299438868
United States of America,2014,0.0367891817387645
Argentina,2014,0.00878100924236765
Bolivia,2014,0.0189691504477836
Brazil,2014,0.01330244423168
Chile,2014,0.019671068502734
Colombia,2014,0.0310825884811044
Ecuador,2014,0.0271279094772759
Guyana,2014,0.00951652170035393
Paraguay,2014,0.00986605391734507
Peru,2014,0.0160248762240244
Uruguay,2014,0.0174099456885648
Venezuela,2014,0.0116181680999136
Australia,2014,0.0177241725032578
Fiji,2014,0.0153977309916003
New Zealand,2014,0.00998146779850979
Papua New Guinea,2014,0.00484413309982487
Afghanistan,2014,0.0129801287790022
Bangladesh,2014,0.011364432719278
India,2014,0.0254398176462257
Nepal,2014,0.0143375979820575
Pakistan,2014,0.0309657969704779
Sri Lanka,2014,0.0241264701190051
China,2014,0.0173840928794394
Japan,2014,0.00957800914762225
"Korea, North",2014,...
"Korea, South",2014,0.0241327231110109
Mongolia,2014,0.0085972525833079
Taiwan,2014,0.0184770607012097
Brunei,2014,0.0308686095781185
Cambodia,2014,0.0126114158531483
Indonesia,2014,0.00777855178232831
Laos,2014,...
Malaysia,2014,0.0145511301633341
Myanmar,2014,0.0378953444074754
Philippines,2014,0.0104312706559466
Singapore,2014,0.0304786038477706
Thailand,2014,0.0137997604796617
Timor Leste,2014,0.0204684585089477
Viet Nam,2014,0.0182295771785959
Kazakhstan,2014,0.010416921334727
Kyrgyz Republic,2014,0.0337589282594698
Tajikistan,2014,0.011283850454994
Turkmenistan,2014,...
Uzbekistan,2014,...
Albania,2014,0.0134651599128914
Bosnia and Herzegovina,2014,0.0102582688734534
Bulgaria,2014,0.0130960223173333
Croatia,2014,0.0180811715937665
Czechia,2014,0.00959115722257081
Czechoslovakia,2014,xxx
Estonia,2014,0.0189535477779564
German Democratic Republic,2014,xxx
Hungary,2014,0.00857233093600132
Kosovo,2014,0.00758327843608571
Latvia,2014,0.00978038880665435
Lithuania,2014,0.00883731669079507
North Macedonia,2014,0.0109296080025624
Montenegro,2014,0.0147227234869517
Poland,2014,0.0190822735552002
Romania,2014,0.013476637836228
Serbia,2014,0.018702430512257
Slovakia,2014,0.00982206647396956
Slovenia,2014,0.00983232647144707
Yugoslavia,2014,xxx
Armenia,2014,0.0394337826474581
Azerbaijan,2014,0.0455501312398224
Belarus,2014,0.0104232763587955
Georgia,2014,0.0231346741070778
Moldova,2014,0.00293185445408591
Russia,2014,0.0411299297822323
Ukraine,2014,0.0296736825853937
USSR,2014,xxx
Austria,2014,0.0075464957585912
Belgium,2014,0.00966272329768275
Cyprus,2014,0.0154260195978916
Denmark,2014,0.011497978040996
Finland,2014,0.0145927959000267
France,2014,0.0185952906556899
Germany,2014,0.0112769949450115
Greece,2014,0.0236784026258467
Iceland,2014,...
Ireland,2014,0.00447668415911946
Italy,2014,0.0127633070266495
Luxembourg,2014,0.00366856825936978
Malta,2014,0.00476026297334065
Netherlands,2014,0.0114761127983414
Norway,2014,0.0146227942776465
Portugal,2014,0.0130668261277534
Spain,2014,0.0124625944103127
Sweden,2014,0.011347022453612
Switzerland,2014,0.00634898338463689
United Kingdom,2014,0.0218448549185402
European Union,2014,xxx
Bahrain,2014,0.0441851202803887
Egypt,2014,0.0168969483568075
Iran,2014,0.0211655706144949
Iraq,2014,0.029506139914123
Israel,2014,0.0563057461102748
Jordan,2014,0.0420345261907888
Kuwait,2014,0.0358561842128005
Lebanon,2014,0.0471994151384666
Oman,2014,0.0886041181394662
Qatar,2014,...
Saudi Arabia,2014,0.105350604637453
Syria,2014,...
Türkiye,2014,0.0187196639443904
United Arab Emirates,2014,0.0564365135247024
"Yemen, North",2014,xxx
Yemen,2014,0.0396689083277903
Algeria,2015,0.0555074215961894
Libya,2015,...
Morocco,2015,0.0295999792230728
Tunisia,2015,0.0213959162946471
Angola,2015,0.0310542629308278
Benin,2015,0.00798485297889781
Botswana,2015,0.0282519449903662
Burkina Faso,2015,0.0125078088033268
Burundi,2015,0.0213131991459474
Cameroon,2015,0.0109889864309409
Cape Verde,2015,0.00510089039086437
Central African Republic,2015,0.0157531677890907
Chad,2015,0.0152397076587984
"Congo, DR",2015,0.0122338305167721
"Congo, Republic",2015,...
Cote d'Ivoire,2015,0.0124391728133935
Djibouti,2015,...
Equatorial Guinea,2015,0.0104143202034015
Eritrea,2015,...
Ethiopia,2015,0.0070541465068261
Gabon,2015,0.0118502560854907
"Gambia, The",2015,0.0100885846696253
Ghana,2015,0.00392915126090548
Guinea,2015,0.025177315199509
Guinea-Bissau,2015,0.0147900420224188
Kenya,2015,0.0120316940776845
Lesotho,2015,0.0186575300076387
Liberia,2015,0.00478622250970246
Madagascar,2015,0.00520469241195104
Malawi,2015,0.00450825277879302
Mali,2015,0.0236017445199795
Mauritania,2015,0.0215557240363879
Mauritius,2015,0.00142301917631184
Mozambique,2015,0.00826910016335521
Namibia,2015,0.0452800016778678
Niger,2015,...
Nigeria,2015,0.00417636537730714
Rwanda,2015,0.0121369473342003
Senegal,2015,0.012090991706832
Seychelles,2015,0.0126370471979916
Sierra Leone,2015,0.00581670050305266
Somalia,2015,0.00681391609413828
South Africa,2015,0.0100692862196088
South Sudan,2015,0.0860365296803653
Sudan,2015,0.0271294023315842
Eswatini,2015,0.0174960240174858
Tanzania,2015,0.0109136986722986
Togo,2015,0.0167442289494562
Uganda,2015,0.00986680287683281
Zambia,2015,0.0175323445099498
Zimbabwe,2015,0.0188630877860684
Belize,2015,0.00892830505973699
Costa Rica,2015,...
Cuba,2015,0.0308379144526184
Dominican Republic,2015,0.00643674978238558
El Salvador,2015,0.0105682005889035
Guatemala,2015,0.00405967931287061
Haiti,2015,0.000399858125348653
Honduras,2015,0.0135173104039659
Jamaica,2015,0.00872353476007681
Mexico,2015,0.0045074282393045
Nicaragua,2015,0.00775537371941149
Panama,2015,...
Trinidad and Tobago,2015,0.00752974392707466
Canada,2015,0.0115270937445521
United States of America,2015,0.0346449292564277
Argentina,2015,0.00850128597463815
Bolivia,2015,0.0175943591545975
Brazil,2015,0.0136551715396161
Chile,2015,0.019096233898132
Colombia,2015,0.0310996008410671
Ecuador,2015,0.026720726618256
Guyana,2015,0.0108486547097887
Paraguay,2015,0.0106744934908852
Peru,2015,0.0174508054943009
Uruguay,2015,0.0176584061733326
Venezuela,2015,0.00941375968866619
Australia,2015,0.0195232628501993
Fiji,2015,0.00910147310120732
New Zealand,2015,0.00987950412435414
Papua New Guinea,2015,0.00459900166389351
Afghanistan,2015,0.00994575822723645
Bangladesh,2015,0.0120851710681525
India,2015,0.0245745006060163
Nepal,2015,0.0136813102427041
Pakistan,2015,0.0316298664508296
Sri Lanka,2015,0.0241701116575955
China,2015,0.0177677106896806
Japan,2015,0.00947283532698529
"Korea, North",2015,...
"Korea, South",2015,0.023763712275445
Mongolia,2015,0.00875507832442284
Taiwan,2015,0.0186645758522873
Brunei,2015,0.0327929046083748
Cambodia,2015,0.0134520463175237
Indonesia,2015,0.00882266734481239
Laos,2015,...
Malaysia,2015,0.0150389842704146
Myanmar,2015,0.0430136045141842
Philippines,2015,0.0108846303958172
Singapore,2015,0.0304671265935693
Thailand,2015,0.0133732679725458
Timor Leste,2015,0.0232446540880503
Viet Nam,2015,0.0190702805588388
Kazakhstan,2015,0.011097215472116
Kyrgyz Republic,2015,0.0345165293268545
Tajikistan,2015,0.0128197181934631
Turkmenistan,2015,...
Uzbekistan,2015,...
Albania,2015,0.0116230386432234
Bosnia and Herzegovina,2015,0.00988857622509173
Bulgaria,2015,0.0124593360652028
Croatia,2015,0.017487025038306
Czechia,2015,0.00941202924537164
Czechoslovakia,2015,xxx
Estonia,2015,0.0198944501754528
German Democratic Republic,2015,xxx
Hungary,2015,0.00904216708106145
Kosovo,2015,0.00794280304031609
Latvia,2015,0.0107352247572393
Lithuania,2015,0.0113486085095513
North Macedonia,2015,0.0099342769175221
Montenegro,2015,0.0140371759825531
Poland,2015,0.0212742384353358
Romania,2015,0.0145071824376782
Serbia,2015,0.0169548003219134
Slovakia,2015,0.0110604733307789
Slovenia,2015,0.00938787933833639
Yugoslavia,2015,xxx
Armenia,2015,0.0423922578573229
Azerbaijan,2015,0.0546487679293858
Belarus,2015,0.0113806602416355
Georgia,2015,0.0196739841458037
Moldova,2015,0.00295624500989931
Russia,2015,0.0487151474680202
Ukraine,2015,0.0384784847607093
USSR,2015,xxx
Austria,2015,0.00702576919833039
Belgium,2015,0.00911829965009217
Cyprus,2015,0.0164766762744388
Denmark,2015,0.0111481302624419
Finland,2015,0.0145819060668341
France,2015,0.0186973268204402
Germany,2015,0.0111541840455009
Greece,2015,0.0247743424261411
Iceland,2015,...
Ireland,2015,0.00329854616599638
Italy,2015,0.0120247316488401
Luxembourg,2015,0.00415571527949753
Malta,2015,0.00456932902032034
Netherlands,2015,0.0111786033539529
Norway,2015,0.0149812327266489
Portugal,2015,0.0132892803352448
Spain,2015,0.0125969265356283
Sweden,2015,0.0107374144708625
Switzerland,2015,0.00651341082840214
United Kingdom,2015,0.0204890800410498
European Union,2015,xxx
Bahrain,2015,0.046441113490364
Egypt,2015,0.0172314742829085
Iran,2015,0.0255709080686915
Iraq,2015,0.0541292532011925
Israel,2015,0.0542297442402595
Jordan,2015,0.041851629472753
Kuwait,2015,0.050074693972269
Lebanon,2015,0.0448517082491055
Oman,2015,0.0957116730321235
Qatar,2015,...
Saudi Arabia,2015,0.13022838193007
Syria,2015,...
Türkiye,2015,0.0181284855723729
United Arab Emirates,2015,...
"Yemen, North",2015,xxx
Yemen,2015,...
Algeria,2016,0.0565271835420787
Libya,2016,...
Morocco,2016,0.0298211832955753
Tunisia,2016,0.0222498472970201
Angola,2016,0.0273333494465123
Benin,2016,0.00673596727016815
Botswana,2016,0.0341066258273304
Burkina Faso,2016,0.0116533335437179
Burundi,2016,0.022431638636818
Cameroon,2016,0.0114642434992604
Cape Verde,2016,0.00550048040403016
Central African Republic,2016,0.0147163796004867
Chad,2016,0.0231170355001725
"Congo, DR",2016,0.0102563437176754
"Congo, Republic",2016,0.0459480614297478
Cote d'Ivoire,2016,0.0124585910179804
Djibouti,2016,...
Equatorial Guinea,2016,0.0123948977462594
Eritrea,2016,...
Ethiopia,2016,0.00683567210395797
Gabon,2016,0.0144754580418175
"Gambia, The",2016,...
Ghana,2016,0.00291412454265461
Guinea,2016,0.0188200742269539
Guinea-Bissau,2016,0.0126454587592398
Kenya,2016,0.0124730980077159
Lesotho,2016,0.0196388842698486
Liberia,2016,0.00451842751842752
Madagascar,2016,0.00501387044175783
Malawi,2016,0.00452047625154312
Mali,2016,0.0258613087357125
Mauritania,2016,0.0214548780076745
Mauritius,2016,0.00174701755953711
Mozambique,2016,0.00919413170302599
Namibia,2016,0.0397104492479212
Niger,2016,0.0159964624315915
Nigeria,2016,0.00432947784673169
Rwanda,2016,0.0124050679129546
Senegal,2016,0.0160209745363896
Seychelles,2016,0.0139771684213413
Sierra Leone,2016,0.00714168280060902
Somalia,2016,0.006454606954404
South Africa,2016,0.00971046764986093
South Sudan,2016,0.0484674935905441
Sudan,2016,0.0227850721551928
Eswatini,2016,0.0207382569653681
Tanzania,2016,0.0109369193376988
Togo,2016,0.0136106759176365
Uganda,2016,0.0100333547376504
Zambia,2016,0.0142930472392762
Zimbabwe,2016,0.0174198491851131
Belize,2016,0.0096275814780823
Costa Rica,2016,...
Cuba,2016,0.0307218792501319
Dominican Republic,2016,0.0063403055291349
El Salvador,2016,0.0102350295230491
Guatemala,2016,0.00440496512523365
Haiti,2016,0.000492315360368918
Honduras,2016,0.0153155567439147
Jamaica,2016,0.00954831298098327
Mexico,2016,0.00480046272445401
Nicaragua,2016,0.00639876675817232
Panama,2016,...
Trinidad and Tobago,2016,0.00914265892901233
Canada,2016,0.0116416156719089
United States of America,2016,0.0340260233575118
Argentina,2016,0.00809245362717563
Bolivia,2016,0.0153046784866919
Brazil,2016,0.0134797541299482
Chile,2016,0.0192415844717468
Colombia,2016,0.0307113102611539
Ecuador,2016,0.0257311675623471
Guyana,2016,0.0115412827584568
Paraguay,2016,0.00950953301628568
Peru,2016,0.0132190839942957
Uruguay,2016,0.018091708739885
Venezuela,2016,0.00454046014282467
Australia,2016,0.020896214779767
Fiji,2016,0.0110379290217157
New Zealand,2016,0.0103552843699621
Papua New Guinea,2016,0.00381076923076923
Afghanistan,2016,0.00956772140958855
Bangladesh,2016,0.0122590049912782
India,2016,0.0254315152114541
Nepal,2016,0.0146937461345505
Pakistan,2016,0.0320377671550622
Sri Lanka,2016,0.0197935533284589
China,2016,0.017688865902507
Japan,2016,0.00929516775505971
"Korea, North",2016,...
"Korea, South",2016,0.023357998421426
Mongolia,2016,0.00863910995114833
Taiwan,2016,0.0182081689662001
Brunei,2016,0.0353938463904119
Cambodia,2016,0.0143955694700576
Indonesia,2016,0.00792220213496852
Laos,2016,...
Malaysia,2016,0.013843347942822
Myanmar,2016,0.0408929730356682
Philippines,2016,0.0104558514673889
Singapore,2016,0.0309531096262441
Thailand,2016,0.0132516695969445
Timor Leste,2016,0.0159859756097561
Viet Nam,2016,0.0195056176952778
Kazakhstan,2016,0.00933551765285713
Kyrgyz Republic,2016,0.0334401777586688
Tajikistan,2016,0.0120806716554116
Turkmenistan,2016,...
Uzbekistan,2016,...
Albania,2016,0.0110358100880452
Bosnia and Herzegovina,2016,0.00922772270069199
Bulgaria,2016,0.0124384580804927
Croatia,2016,0.0158922538500355
Czechia,2016,0.00986634400365061
Czechoslovakia,2016,xxx
Estonia,2016,0.0202803563355143
German Democratic Republic,2016,xxx
Hungary,2016,0.00999116487545317
Kosovo,2016,0.00777866853947473
Latvia,2016,0.0150174457900413
Lithuania,2016,0.0148013833220254
North Macedonia,2016,0.00970115977909212
Montenegro,2016,0.0141128063506996
Poland,2016,0.0193589358828699
Romania,2016,0.0142770454147789
Serbia,2016,0.0185741974312422
Slovakia,2016,0.0111122582751499
Slovenia,2016,0.0101508115640424
Yugoslavia,2016,xxx
Armenia,2016,0.0409034921699325
Azerbaijan,2016,0.0368852730317814
Belarus,2016,0.0152328091923032
Georgia,2016,0.0204079266789767
Moldova,2016,0.00344191282076352
Russia,2016,0.0542514770504505
Ukraine,2016,0.0366861786886462
USSR,2016,xxx
Austria,2016,0.0073372291194157
Belgium,2016,0.00898085290562566
Cyprus,2016,0.0140455761221209
Denmark,2016,0.0115107146564238
Finland,2016,0.0143150516649128
France,2016,0.0185171809616119
Germany,2016,0.0112912506140277
Greece,2016,0.0257279833754101
Iceland,2016,...
Ireland,2016,0.00327907586700795
Italy,2016,0.0132773387933426
Luxembourg,2016,0.00378949157263331
Malta,2016,0.00496660141239844
Netherlands,2016,0.0114449960079147
Norway,2016,0.0161734383599671
Portugal,2016,0.0154200474856982
Spain,2016,0.0112848106845526
Sweden,2016,0.0105595798245271
Switzerland,2016,0.00664750475412517
United Kingdom,2016,0.0198449096820719
European Union,2016,xxx
Bahrain,2016,0.0467063531353135
Egypt,2016,0.0166660515243227
Iran,2016,0.0279643556281004
Iraq,2016,0.0355013476903527
Israel,2016,0.0541748768749926
Jordan,2016,0.0443550630070496
Kuwait,2016,0.0589351944288143
Lebanon,2016,0.0509598055264963
Oman,2016,0.105631262289399
Qatar,2016,...
Saudi Arabia,2016,0.0956048239449097
Syria,2016,...
Türkiye,2016,0.0205032437865497
United Arab Emirates,2016,...
"Yemen, North",2016,xxx
Yemen,2016,...
Algeria,2017,0.0530711492252911
Libya,2017,...
Morocco,2017,0.0294588992031474
Tunisia,2017,0.0203182932622148
Angola,2017,0.0250798280550579
Benin,2017,0.00920613124425981
Botswana,2017,0.0324857919499091
Burkina Faso,2017,0.0136362970468668
Burundi,2017,0.0200270990259373
Cameroon,2017,0.0113837382188187
Cape Verde,2017,0.00470518534467026
Central African Republic,2017,0.0134269739488284
Chad,2017,0.0165961164003921
"Congo, DR",2017,0.0074157072807359
"Congo, Republic",2017,0.0317813469269901
Cote d'Ivoire,2017,0.00965894036488091
Djibouti,2017,...
Equatorial Guinea,2017,0.0112893709401034
Eritrea,2017,...
Ethiopia,2017,0.00675310715716932
Gabon,2017,0.0181138276957815
"Gambia, The",2017,...
Ghana,2017,0.00312701278609545
Guinea,2017,0.0176492717450729
Guinea-Bissau,2017,0.0130856549036791
Kenya,2017,0.0123759400127025
Lesotho,2017,0.0227081453102287
Liberia,2017,0.004015507377296
Madagascar,2017,0.00506222289767563
Malawi,2017,0.00530100138963233
Mali,2017,0.0302860111373814
Mauritania,2017,0.0212109845694596
Mauritius,2017,0.0016537629451361
Mozambique,2017,0.00984570977671917
Namibia,2017,0.0352238850010305
Niger,2017,0.0180984292435405
Nigeria,2017,0.00430671218863917
Rwanda,2017,0.0124889524304653
Senegal,2017,0.0147106251742975
Seychelles,2017,0.0132734497333997
Sierra Leone,2017,0.00676969771194224
Somalia,2017,0.00749066892874455
South Africa,2017,0.00943568494750462
South Sudan,2017,0.039933777725745
Sudan,2017,0.0328580390103889
Eswatini,2017,0.0192445503522586
Tanzania,2017,0.0105581731620716
Togo,2017,0.0139797941282441
Uganda,2017,0.0103901851871998
Zambia,2017,0.0130136750851783
Zimbabwe,2017,0.0147256736668559
Belize,2017,0.0101066786730984
Costa Rica,2017,...
Cuba,2017,0.0287240323946139
Dominican Republic,2017,0.006660634439633
El Salvador,2017,0.0104446940079198
Guatemala,2017,0.00383850245049506
Haiti,2017,0.0004364592592778
Honduras,2017,0.0158983296006831
Jamaica,2017,0.00973433068165328
Mexico,2017,0.00424849155540147
Nicaragua,2017,0.00626510067010078
Panama,2017,...
Trinidad and Tobago,2017,0.00845376415248969
Canada,2017,0.0135189646465708
United States of America,2017,0.032977234873792
Argentina,2017,0.0084775481125944
Bolivia,2017,0.0153642735273655
Brazil,2017,0.0141402166797586
Chile,2017,0.0194059250989466
Colombia,2017,0.0320809672439436
Ecuador,2017,0.0235738419773924
Guyana,2017,0.0125334268912328
Paraguay,2017,0.00892663231219253
Peru,2017,0.012652396703256
Uruguay,2017,0.0191114379023487
Venezuela,2017,0.0223333219917076
Australia,2017,0.0200509517581937
Fiji,2017,0.014048380780238
New Zealand,2017,0.0105195301181686
Papua New Guinea,2017,0.00355034482758621
Afghanistan,2017,0.00945226799939516
Bangladesh,2017,0.0112758125325097
India,2017,0.0253151136056791
Nepal,2017,0.0148497718496345
Pakistan,2017,0.0336444910317801
Sri Lanka,2017,0.0197692843257215
China,2017,0.0171124264388853
Japan,2017,0.00913229479099801
"Korea, North",2017,...
"Korea, South",2017,0.0229813107276094
Mongolia,2017,0.00762153816975996
Taiwan,2017,0.0182339791058034
Brunei,2017,0.0286512850957169
Cambodia,2017,0.0156181647470424
Indonesia,2017,0.00865191376221992
Laos,2017,...
Malaysia,2017,0.0110033460723613
Myanmar,2017,0.0364194876170774
Philippines,2017,0.0116796083355235
Singapore,2017,0.0297201085878766
Thailand,2017,0.0133627619959584
Timor Leste,2017,0.0160517350157729
Viet Nam,2017,0.0180387228671057
Kazakhstan,2017,0.00831894968007788
Kyrgyz Republic,2017,0.0310489070193562
Tajikistan,2017,0.0103718533693392
Turkmenistan,2017,...
Uzbekistan,2017,...
Albania,2017,0.0110915100558884
Bosnia and Herzegovina,2017,0.00852593562264982
Bulgaria,2017,0.0122220854798635
Croatia,2017,0.0163316629446653
Czechia,2017,0.00943984411925526
Czechoslovakia,2017,xxx
Estonia,2017,0.0196988670547821
German Democratic Republic,2017,xxx
Hungary,2017,0.0119169678184034
Kosovo,2017,0.00802900990332654
Latvia,2017,0.0165275736814609
Lithuania,2017,0.0171214117320754
North Macedonia,2017,0.00895041406541028
Montenegro,2017,0.0136277677368932
Poland,2017,0.0188828727046187
Romania,2017,0.0173375510218939
Serbia,2017,0.0175424084910469
Slovakia,2017,0.0110051309804795
Slovenia,2017,0.00990668071759246
Yugoslavia,2017,xxx
Armenia,2017,0.0384973057654684
Azerbaijan,2017,0.0375630173249661
Belarus,2017,0.0137200444073753
Georgia,2017,0.01942197699613
Moldova,2017,0.00324532007174344
Russia,2017,0.0424899605173948
Ukraine,2017,0.0324149291547879
USSR,2017,xxx
Austria,2017,0.00761540652203723
Belgium,2017,0.00886837200658898
Cyprus,2017,0.0156810293907547
Denmark,2017,0.011399854112558
Finland,2017,0.0136088933984851
France,2017,0.018523088187904
Germany,2017,0.0113126090102098
Greece,2017,0.02556623889921
Iceland,2017,...
Ireland,2017,0.00296120745416758
Italy,2017,0.0135122350161336
Luxembourg,2017,0.00495110917223231
Malta,2017,0.00456702678272601
Netherlands,2017,0.0113721447777951
Norway,2017,0.0170515328594991
Portugal,2017,0.0123983975869036
Spain,2017,0.0122211082849583
Sweden,2017,0.010325978685581
Switzerland,2017,0.0066568455676088
United Kingdom,2017,0.0195002885979327
European Union,2017,xxx
Bahrain,2017,0.0432073774179037
Egypt,2017,0.0142203170028818
Iran,2017,0.028443384495596
Iraq,2017,0.0390898492056515
Israel,2017,0.0542682730712043
Jordan,2017,0.046843537414966
Kuwait,2017,0.0560744536433338
Lebanon,2017,0.0460339736802672
Oman,2017,0.0841324995212154
Qatar,2017,...
Saudi Arabia,2017,0.0984622692397792
Syria,2017,...
Türkiye,2017,0.0205006599219326
United Arab Emirates,2017,...
"Yemen, North",2017,xxx
Yemen,2017,...
Algeria,2018,0.0492992700311609
Libya,2018,...
Morocco,2018,0.0290288871579444
Tunisia,2018,0.0197644872011962
Angola,2018,0.0195578680987962
Benin,2018,0.006328575401476
Botswana,2018,0.0292475944543875
Burkina Faso,2018,0.0192538455062898
Burundi,2018,0.0214941956621913
Cameroon,2018,0.0107600981816736
Cape Verde,2018,0.00485896540748011
Central African Republic,2018,0.0133998903358031
Chad,2018,0.0165270267984506
"Congo, DR",2018,0.0061234655603641
"Congo, Republic",2018,0.0197928115025179
Cote d'Ivoire,2018,0.0103921408235247
Djibouti,2018,...
Equatorial Guinea,2018,0.0114208303034219
Eritrea,2018,...
Ethiopia,2018,0.00645850962685811
Gabon,2018,0.0155363446931116
"Gambia, The",2018,0.0068699671133711
Ghana,2018,0.0032587623925291
Guinea,2018,0.0167017173427376
Guinea-Bissau,2018,0.0137872156165153
Kenya,2018,0.0120738536752593
Lesotho,2018,0.0199938292931215
Liberia,2018,0.00405300245098039
Madagascar,2018,0.00532102174287315
Malawi,2018,0.00589501502223623
Mali,2018,0.0282359553728652
Mauritania,2018,0.0213128230977177
Mauritius,2018,0.00156385299781821
Mozambique,2018,0.0130860718971448
Namibia,2018,0.0333269228396146
Niger,2018,0.0179380881698289
Nigeria,2018,0.00506944517393582
Rwanda,2018,0.0123514702337913
Senegal,2018,0.0166692756826471
Seychelles,2018,0.0120539204484215
Sierra Leone,2018,0.00465679597167025
Somalia,2018,0.00972462847707354
South Africa,2018,0.00894757064750116
South Sudan,2018,0.047742494592124
Sudan,2018,0.0177892402693237
Eswatini,2018,0.0209604400864986
Tanzania,2018,0.0110090687427422
Togo,2018,0.0146839079223187
Uganda,2018,0.0115245192326926
Zambia,2018,0.0143749939178333
Zimbabwe,2018,0.0117941734860884
Belize,2018,0.0101132122816519
Costa Rica,2018,...
Cuba,2018,0.0287620737245072
Dominican Republic,2018,0.00693991110098086
El Salvador,2018,0.0113220727885334
Guatemala,2018,0.00372491637911365
Haiti,2018,0.000611986488105247
Honduras,2018,0.0148969667029328
Jamaica,2018,0.0133284679598136
Mexico,2018,0.00464611544931539
Nicaragua,2018,0.0062717222145559
Panama,2018,...
Trinidad and Tobago,2018,0.00694747131148301
Canada,2018,0.013176781061648
United States of America,2018,0.033040005391035
Argentina,2018,0.00732300347538541
Bolivia,2018,0.0149690260690782
Brazil,2018,0.0146967772350671
Chile,2018,0.0187761395069212
Colombia,2018,0.030332327385044
Ecuador,2018,0.0237199911152844
Guyana,2018,0.0129081562879598
Paraguay,2018,0.00961156152749535
Peru,2018,0.0118979117011669
Uruguay,2018,0.0207741613248953
Venezuela,2018,0.00150853892569221
Australia,2018,0.0189562007676709
Fiji,2018,0.0145588315236828
New Zealand,2018,0.0110543396326223
Papua New Guinea,2018,0.00330226700251889
Afghanistan,2018,0.0100674585570556
Bangladesh,2018,0.0115395749092166
India,2018,0.0242428452604417
Nepal,2018,0.0134998219265679
Pakistan,2018,0.0358696176378502
Sri Lanka,2018,0.0173469354853576
China,2018,0.0167357820944542
Japan,2018,0.00962497363778907
"Korea, North",2018,...
"Korea, South",2018,0.0236150967895845
Mongolia,2018,0.00668952463384853
Taiwan,2018,0.0174296896497148
Brunei,2018,0.0263661248533021
Cambodia,2018,0.0163716525982655
Indonesia,2018,0.00718928190476345
Laos,2018,...
Malaysia,2018,0.00960104126677078
Myanmar,2018,0.023597905591242
Philippines,2018,0.0118424717696738
Singapore,2018,0.0280776039122786
Thailand,2018,0.0132639351547521
Timor Leste,2018,0.013245501285347
Viet Nam,2018,0.0180650138874311
Kazakhstan,2018,0.00835625758457601
Kyrgyz Republic,2018,0.0302854515463686
Tajikistan,2018,0.0104856527674186
Turkmenistan,2018,...
Uzbekistan,2018,0.0286661981035524
Albania,2018,0.0116054478505068
Bosnia and Herzegovina,2018,0.0084004735664614
Bulgaria,2018,0.0145106212373153
Croatia,2018,0.0154234055565076
Czechia,2018,0.0107552668819544
Czechoslovakia,2018,xxx
Estonia,2018,0.0197061311743188
German Democratic Republic,2018,xxx
Hungary,2018,0.0100220452852258
Kosovo,2018,0.00804420588442497
Latvia,2018,0.0213473002218592
Lithuania,2018,0.0194787932963701
North Macedonia,2018,0.00943108732670231
Montenegro,2018,0.0136929487275714
Poland,2018,0.0202472821822818
Romania,2018,0.0179144423500295
Serbia,2018,0.0201722347053086
Slovakia,2018,0.0121627211246117
Slovenia,2018,0.00986759717956076
Yugoslavia,2018,xxx
Armenia,2018,0.0411988615256896
Azerbaijan,2018,0.0354929331269041
Belarus,2018,0.0153799428873681
Georgia,2018,0.0186470954721815
Moldova,2018,0.00332323743240549
Russia,2018,0.0371982243956434
Ukraine,2018,0.0363516607992805
USSR,2018,xxx
Austria,2018,0.00748993468286285
Belgium,2018,0.00892442476666613
Cyprus,2018,0.0174983319036456
Denmark,2018,0.0128310489294024
Finland,2018,0.0137168236993597
France,2018,0.0184604257144589
Germany,2018,0.0114814145777047
Greece,2018,0.0270054108209766
Iceland,2018,...
Ireland,2018,0.00280112255033866
Italy,2018,0.0135443317948295
Luxembourg,2018,0.00500655642661875
Malta,2018,0.00414176632611117
Netherlands,2018,0.011961416179648
Norway,2018,0.0171529737478335
Portugal,2018,0.0134147881873726
Spain,2018,0.0124562475871831
Sweden,2018,0.0104000297143706
Switzerland,2018,0.00652876569793988
United Kingdom,2018,0.0194455569473457
European Union,2018,xxx
Bahrain,2018,0.0404108625299001
Egypt,2018,0.0124996619642133
Iran,2018,0.0235629488324383
Iraq,2018,0.0275172485497662
Israel,2018,0.0528819717558874
Jordan,2018,0.0456009087117148
Kuwait,2018,0.0519085473728776
Lebanon,2018,0.0505552097445632
Oman,2018,0.0826760144238502
Qatar,2018,...
Saudi Arabia,2018,0.0881333517624339
Syria,2018,...
Türkiye,2018,0.0252209022414858
United Arab Emirates,2018,...
"Yemen, North",2018,xxx
Yemen,2018,...
Algeria,2019,0.0532695853750995
Libya,2019,...
Morocco,2019,0.0286579837978571
Tunisia,2019,0.0238327777746153
Angola,2019,0.0176791430458684
Benin,2019,0.00473313905552082
Botswana,2019,0.0308122244554008
Burkina Faso,2019,0.022125520849195
Burundi,2019,0.028078168112503
Cameroon,2019,0.0106457837839838
Cape Verde,2019,0.00431864983823163
Central African Republic,2019,0.0178989988276583
Chad,2019,0.0157360148213511
"Congo, DR",2019,0.00694017431863738
"Congo, Republic",2019,0.0214627657925685
Cote d'Ivoire,2019,0.00887657865631757
Djibouti,2019,...
Equatorial Guinea,2019,0.0130805287179895
Eritrea,2019,...
Ethiopia,2019,0.00579949536835092
Gabon,2019,0.0158168890147569
"Gambia, The",2019,0.00797324578818787
Ghana,2019,0.00343818178617089
Guinea,2019,0.0147320213579399
Guinea-Bissau,2019,0.0149375034588535
Kenya,2019,0.011125711791299
Lesotho,2019,0.0187540421655185
Liberia,2019,0.00418863636363636
Madagascar,2019,0.00545343037675691
Malawi,2019,0.00760781549256416
Mali,2019,0.0275271658139503
Mauritania,2019,0.0199633301217738
Mauritius,2019,0.00148796738188038
Mozambique,2019,0.0138807982041907
Namibia,2019,0.0329742631401913
Niger,2019,0.0191733600650351
Nigeria,2019,0.00459170524387093
Rwanda,2019,0.0119793121977431
Senegal,2019,0.0152473710605653
Seychelles,2019,0.011603964906236
Sierra Leone,2019,0.0037632567182809
Somalia,2019,0.00828653957250144
South Africa,2019,0.00882430271670915
South Sudan,2019,0.0380125272262975
Sudan,2019,0.0162906799271331
Eswatini,2019,0.0189047734248605
Tanzania,2019,0.0106113270582911
Togo,2019,0.0236248167773665
Uganda,2019,0.0171775245377408
Zambia,2019,0.0125568409370479
Zimbabwe,2019,0.00653123880490076
Belize,2019,0.0101662701573035
Costa Rica,2019,...
Cuba,2019,...
Dominican Republic,2019,0.00689583054746984
El Salvador,2019,0.0118000962074512
Guatemala,2019,0.00430070763358893
Haiti,2019,0.000859315095445588
Honduras,2019,0.0157817708956802
Jamaica,2019,0.0168152578167608
Mexico,2019,0.00509337628297564
Nicaragua,2019,0.00605020089397565
Panama,2019,...
Trinidad and Tobago,2019,0.00733109759963043
Canada,2019,0.0128451224366918
United States of America,2019,0.0340921408383721
Argentina,2019,0.00699696134379197
Bolivia,2019,0.0145127092717043
Brazil,2019,0.0138279724638797
Chile,2019,0.0186471710953666
Colombia,2019,0.0314565669372153
Ecuador,2019,0.0218038189769994
Guyana,2019,0.0129961278504611
Paraguay,2019,0.00973840384070445
Peru,2019,0.0120589146228792
Uruguay,2019,0.020057166464094
Venezuela,2019,0.0179230375763991
Australia,2019,0.0188000240626833
Fiji,2019,0.0144512747814401
New Zealand,2019,0.0129326329516102
Papua New Guinea,2019,0.00362698688154268
Afghanistan,2019,0.0117096838242129
Bangladesh,2019,0.0124410082330294
India,2019,0.025459982314359
Nepal,2019,0.0123581135255825
Pakistan,2019,0.0350584031595126
Sri Lanka,2019,0.0175219928060225
China,2019,0.0168291101151296
Japan,2019,0.00992231472747577
"Korea, North",2019,...
"Korea, South",2019,0.0251931997944066
Mongolia,2019,0.00661538119118052
Taiwan,2019,0.0181512959768591
Brunei,2019,0.0307858724948281
Cambodia,2019,0.0162193704891153
Indonesia,2019,0.00728563743551525
Laos,2019,...
Malaysia,2019,0.00893413280938052
Myanmar,2019,0.0218974000019248
Philippines,2019,0.0113133132483668
Singapore,2019,0.0275970653894344
Thailand,2019,0.0132729814008386
Timor Leste,2019,0.0169208066896212
Viet Nam,2019,...
Kazakhstan,2019,0.0102091636689134
Kyrgyz Republic,2019,0.0271068623481534
Tajikistan,2019,0.00996966249525976
Turkmenistan,2019,...
Uzbekistan,2019,...
Albania,2019,0.0128080596201472
Bosnia and Herzegovina,2019,0.00807324224885322
Bulgaria,2019,0.0314495072906354
Croatia,2019,0.016036107424916
Czechia,2019,0.0113323967641325
Czechoslovakia,2019,xxx
Estonia,2019,0.0199845018670744
German Democratic Republic,2019,xxx
Hungary,2019,0.0132782522734016
Kosovo,2019,0.00831725992996201
Latvia,2019,0.0209016802211357
Lithuania,2019,0.0198419011931355
North Macedonia,2019,0.0115911628553257
Montenegro,2019,0.0133441196432034
Poland,2019,0.0195338318505019
Romania,2019,0.0183079024096076
Serbia,2019,0.0218222737795041
Slovakia,2019,0.01702848063096
Slovenia,2019,0.0106257823971417
Yugoslavia,2019,xxx
Armenia,2019,0.0478770584078564
Azerbaijan,2019,0.038490186357853
Belarus,2019,0.0139642297566801
Georgia,2019,0.0175963279056275
Moldova,2019,0.00362122379105516
Russia,2019,0.0386033750437073
Ukraine,2019,0.0406793765037597
USSR,2019,xxx
Austria,2019,0.00753133437614439
Belgium,2019,0.00887004950933882
Cyprus,2019,0.0176959353705638
Denmark,2019,0.0129920660644454
Finland,2019,0.0136132283517387
France,2019,0.0185288520696513
Germany,2019,0.0124014846331417
Greece,2019,0.0259648367110305
Iceland,2019,...
Ireland,2019,0.00273293508559262
Italy,2019,0.0130611671363832
Luxembourg,2019,0.00546198379988419
Malta,2019,0.00491258185670287
Netherlands,2019,0.0129180842332848
Norway,2019,0.0184373537818427
Portugal,2019,0.0137395750042211
Spain,2019,0.0122464525288942
Sweden,2019,0.0109692312001944
Switzerland,2019,0.00696324324760463
United Kingdom,2019,0.0198525373099586
European Union,2019,xxx
Bahrain,2019,0.0402986101554975
Egypt,2019,0.0118097179684711
Iran,2019,0.0214694745014838
Iraq,2019,0.0323719485045446
Israel,2019,0.0507212719116893
Jordan,2019,0.0456623750321627
Kuwait,2019,0.0532311669292361
Lebanon,2019,0.0473938277788589
Oman,2019,0.0743921190765759
Qatar,2019,...
Saudi Arabia,2019,0.0779458844216861
Syria,2019,...
Türkiye,2019,0.0268985897943633
United Arab Emirates,2019,...
"Yemen, North",2019,xxx
Yemen,2019,...
Algeria,2020,0.0588614822110901
Libya,2020,...
Morocco,2020,0.0397969764255599
Tunisia,2020,0.0271275567542328
Angola,2020,0.0181042916830117
Benin,2020,0.00458762015150415
Botswana,2020,0.0333478768726661
Burkina Faso,2020,0.021142418147419
Burundi,2020,0.0218591328366483
Cameroon,2020,0.0096440732254506
Cape Verde,2020,0.00618818770532046
Central African Republic,2020,0.018589727247233
Chad,2020,0.0221192688117357
"Congo, DR",2020,0.00729735329108429
"Congo, Republic",2020,0.0260118726630221
Cote d'Ivoire,2020,0.00963119470642636
Djibouti,2020,...
Equatorial Guinea,2020,0.0164082995887433
Eritrea,2020,...
Ethiopia,2020,0.00780754838260967
Gabon,2020,0.0171695248466736
"Gambia, The",2020,0.00816569761733964
Ghana,2020,0.00350949233772808
Guinea,2020,0.0146963829052972
Guinea-Bissau,2020,0.0151874963824343
Kenya,2020,0.0110843419595019
Lesotho,2020,0.0188146803172144
Liberia,2020,0.00424794204807376
Madagascar,2020,0.00673153896375499
Malawi,2020,0.00834281207531417
Mali,2020,0.0339955821425498
Mauritania,2020,0.0238926918122421
Mauritius,2020,0.00161615351006251
Mozambique,2020,0.0202272611905463
Namibia,2020,0.0348015259214476
Niger,2020,0.0173360752172491
Nigeria,2020,0.00632022913474166
Rwanda,2020,0.0147371574450349
Senegal,2020,0.0140872642077366
Seychelles,2020,0.0136712279790406
Sierra Leone,2020,0.00486095493916065
Somalia,2020,0.011376518312471
South Africa,2020,0.00956510732317856
South Sudan,2020,0.0186635872996114
Sudan,2020,0.00975842222955387
Eswatini,2020,0.0185505471294042
Tanzania,2020,0.0107713241782149
Togo,2020,0.0216399918335325
Uganda,2020,0.0246768517919382
Zambia,2020,0.0116572196732911
Zimbabwe,2020,0.00974989311324521
Belize,2020,0.0126623781790202
Costa Rica,2020,...
Cuba,2020,...
Dominican Republic,2020,0.00746231922011371
El Salvador,2020,0.0137995002386364
Guatemala,2020,0.00440993296513657
Haiti,2020,0.00103094179098955
Honduras,2020,0.014667972724004
Jamaica,2020,0.0170647069948671
Mexico,2020,0.00717690608258695
Nicaragua,2020,0.00629971870953776
Panama,2020,...
Trinidad and Tobago,2020,0.00812607258583509
Canada,2020,0.0139399340787119
United States of America,2020,0.0364518757294704
Argentina,2020,0.00734111593948744
Bolivia,2020,0.0139204744468967
Brazil,2020,0.0132666026860555
Chile,2020,0.0206553058219768
Colombia,2020,0.0353440413219336
Ecuador,2020,0.0245792351121034
Guyana,2020,0.0140257741131547
Paraguay,2020,0.0102757342677333
Peru,2020,0.0131677830419866
Uruguay,2020,0.0205692189335606
Venezuela,2020,0.0157552271230291
Australia,2020,0.0200738622102391
Fiji,2020,0.0160530458182017
New Zealand,2020,0.013399501211388
Papua New Guinea,2020,0.00393261831182209
Afghanistan,2020,0.0135885692738929
Bangladesh,2020,0.0124468950875224
India,2020,0.0280361581112679
Nepal,2020,0.0132338446484361
Pakistan,2020,0.0348667909020303
Sri Lanka,2020,0.0173988733298184
China,2020,0.0175669947098837
Japan,2020,0.0101676127140466
"Korea, North",2020,...
"Korea, South",2020,0.0264297706902012
Mongolia,2020,0.00709909468541962
Taiwan,2020,0.018968408169444
Brunei,2020,0.0363429176862407
Cambodia,2020,0.0178010501633067
Indonesia,2020,0.00886277728854897
Laos,2020,...
Malaysia,2020,0.00999653920235799
Myanmar,2020,0.0312332883859715
Philippines,2020,0.0129724003910725
Singapore,2020,0.0280306272990798
Thailand,2020,0.0146077928107965
Timor Leste,2020,0.0177790106333796
Viet Nam,2020,...
Kazakhstan,2020,0.00907188676192723
Kyrgyz Republic,2020,0.0310718371407588
Tajikistan,2020,0.00947973986993497
Turkmenistan,2020,...
Uzbekistan,2020,...
Albania,2020,0.0129583570269739
Bosnia and Herzegovina,2020,0.00827298283159884
Bulgaria,2020,0.0158561827051115
Croatia,2020,0.0169659501985338
Czechia,2020,0.01295406324775
Czechoslovakia,2020,xxx
Estonia,2020,0.0226136428332919
German Democratic Republic,2020,xxx
Hungary,2020,0.0174628152413286
Kosovo,2020,0.0102303890223714
Latvia,2020,0.0222759521686375
Lithuania,2020,0.0204915558023028
North Macedonia,2020,0.0124058656980426
Montenegro,2020,0.0173802726045562
Poland,2020,0.0226305371895405
Romania,2020,0.0200415209230412
Serbia,2020,0.0229536613396667
Slovakia,2020,0.019041442947824
Slovenia,2020,0.010654982010929
Yugoslavia,2020,xxx
Armenia,2020,0.0498254372367497
Azerbaijan,2020,0.0524152602506817
Belarus,2020,0.0140325859867166
Georgia,2020,0.0178655575876457
Moldova,2020,0.00385463275729941
Russia,2020,0.0414471713241985
Ukraine,2020,0.0440031470276707
USSR,2020,xxx
Austria,2020,0.00885811629497475
Belgium,2020,0.0100592796693225
Cyprus,2020,0.0189553437845021
Denmark,2020,0.0137376885314973
Finland,2020,0.0143578115547809
France,2020,0.0202167455284232
Germany,2020,0.0135598993512329
Greece,2020,0.0302310765728834
Iceland,2020,...
Ireland,2020,0.00262684777602834
Italy,2020,0.0172984958969454
Luxembourg,2020,0.00578077082223964
Malta,2020,0.00527674290511624
Netherlands,2020,0.0140607718904592
Norway,2020,0.0196598369239436
Portugal,2020,0.0142613611053982
Spain,2020,0.0135429599703865
Sweden,2020,0.0115009466283262
Switzerland,2020,0.00772558973227674
United Kingdom,2020,0.0216304030547387
European Union,2020,xxx
Bahrain,2020,0.0405746865109248
Egypt,2020,0.0112247550332399
Iran,2020,0.0217701027609522
Iraq,2020,0.0311217889939661
Israel,2020,0.0527626408809404
Jordan,2020,0.0470457117239125
Kuwait,2020,0.0647217283542021
Lebanon,2020,0.0302665836499332
Oman,2020,0.0803024250539625
Qatar,2020,...
Saudi Arabia,2020,0.087921741101353
Syria,2020,...
Türkiye,2020,0.0219555218691023
United Arab Emirates,2020,...
"Yemen, North",2020,xxx
Yemen,2020,...
Algeria,2021,0.0489003270596997
Libya,2021,...
Morocco,2021,0.0374975618124605
Tunisia,2021,0.0262965981069507
Angola,2021,0.0139322266365773
Benin,2021,0.00550883648806243
Botswana,2021,0.0304556932426419
Burkina Faso,2021,0.0233362863136249
Burundi,2021,0.0204300976329884
Cameroon,2021,0.00985208787517684
Cape Verde,2021,0.00546659834120196
Central African Republic,2021,0.0214924843936704
Chad,2021,0.0207913556881174
"Congo, DR",2021,0.00533178814847647
"Congo, Republic",2021,0.0234034890602655
Cote d'Ivoire,2021,0.00876213826792915
Djibouti,2021,...
Equatorial Guinea,2021,0.0134533764165546
Eritrea,2021,...
Ethiopia,2021,0.0160917093329444
Gabon,2021,0.0160218113320742
"Gambia, The",2021,0.00775165384461361
Ghana,2021,0.00382741906430833
Guinea,2021,0.0154641182201592
Guinea-Bissau,2021,0.0146036445301284
Kenya,2021,0.0107720025210221
Lesotho,2021,0.0153556597959744
Liberia,2021,0.00847050441721288
Madagascar,2021,0.0067886477563931
Malawi,2021,0.00730315165462018
Mali,2021,0.0338177520702573
Mauritania,2021,0.0229399489807024
Mauritius,2021,0.00171377098585721
Mozambique,2021,0.0191141353069573
Namibia,2021,0.032264092268075
Niger,2021,0.0135730093120168
Nigeria,2021,0.0101270192678284
Rwanda,2021,0.015121767339852
Senegal,2021,0.0175617528439428
Seychelles,2021,0.0246023265148376
Sierra Leone,2021,0.00600261617809604
Somalia,2021,0.0117069801771404
South Africa,2021,0.00805965112062888
South Sudan,2021,0.0151129459315632
Sudan,2021,0.00925377247984565
Eswatini,2021,0.0167850436407438
Tanzania,2021,0.0112240771800076
Togo,2021,0.0238551286600829
Uganda,2021,0.0233814515074458
Zambia,2021,0.00982237890875063
Zimbabwe,2021,0.0156777878168608
Belize,2021,0.010975102664713
Costa Rica,2021,...
Cuba,2021,...
Dominican Republic,2021,0.00647239948925026
El Salvador,2021,0.0121053697201576
Guatemala,2021,0.00390634304160435
Haiti,2021,0.00153942307239608
Honduras,2021,0.0149821773541885
Jamaica,2021,0.0146676867767402
Mexico,2021,0.00659404192954647
Nicaragua,2021,0.00549759399022683
Panama,2021,...
Trinidad and Tobago,2021,0.00859057055256023
Canada,2021,0.0125420081409628
United States of America,2021,0.0340451991574826
Argentina,2021,0.00631788619254705
Bolivia,2021,0.0132579943750687
Brazil,2021,0.0114903763026142
Chile,2021,0.016474241515743
Colombia,2021,0.031957582534691
Ecuador,2021,0.0224210709535338
Guyana,2021,0.00954930861063661
Paraguay,2021,0.0091821461942659
Peru,2021,0.011644987739258
Uruguay,2021,0.0226205420416101
Venezuela,2021,0.00313630729266034
Australia,2021,0.0197847691589702
Fiji,2021,0.0159594278733602
New Zealand,2021,0.0116477544956865
Papua New Guinea,2021,0.00329678128303653
Afghanistan,2021,0.01827933856217
Bangladesh,2021,0.0116873060016575
India,2021,0.0246874153034185
Nepal,2021,0.0121581594858048
Pakistan,2021,0.0338923879613996
Sri Lanka,2021,0.0171265688710699
China,2021,0.0160525971842503
Japan,2021,0.0106384050244526
"Korea, North",2021,...
"Korea, South",2021,0.0261904941244001
Mongolia,2021,0.00619505072530135
Taiwan,2021,0.0187384825140194
Brunei,2021,0.0323636748209722
Cambodia,2021,0.0170160776824328
Indonesia,2021,0.00741525844917975
Laos,2021,...
Malaysia,2021,0.00982646998395369
Myanmar,2021,0.0407092298980473
Philippines,2021,0.0140682254131819
Singapore,2021,0.0253704638803611
Thailand,2021,0.0141836848663438
Timor Leste,2021,0.0108198620689655
Viet Nam,2021,...
Kazakhstan,2021,0.00819281683646492
Kyrgyz Republic,2021,0.02840273087853
Tajikistan,2021,0.0100261189599905
Turkmenistan,2021,...
Uzbekistan,2021,...
Albania,2021,0.0124298808396067
Bosnia and Herzegovina,2021,0.00886133600491203
Bulgaria,2021,0.015107237100085
Croatia,2021,0.0197150113166485
Czechia,2021,0.0135325325729994
Czechoslovakia,2021,xxx
Estonia,2021,0.0201231933389152
German Democratic Republic,2021,xxx
Hungary,2021,0.0131520993597457
Kosovo,2021,0.00845929878221182
Latvia,2021,0.0215577987505149
Lithuania,2021,0.0194955292042791
North Macedonia,2021,0.0145370889108625
Montenegro,2021,0.0155528019503059
Poland,2021,0.0221716328801834
Romania,2021,0.0184762902286434
Serbia,2021,0.0272904089938996
Slovakia,2021,0.0171243604796751
Slovenia,2021,0.0123984465824347
Yugoslavia,2021,xxx
Armenia,2021,0.0446514475903396
Azerbaijan,2021,0.0493051740712765
Belarus,2021,0.0136528926554311
Georgia,2021,0.0159240624613036
Moldova,2021,0.00370579924924369
Russia,2021,0.0357591678846302
Ukraine,2021,0.0342549199562857
USSR,2021,xxx
Austria,2021,0.00873515488270759
Belgium,2021,0.0104263994220028
Cyprus,2021,0.0178406744246115
Denmark,2021,0.0129155763565745
Finland,2021,0.0130243925969996
France,2021,0.0198022225807935
Germany,2021,0.0129982374349238
Greece,2021,0.0380247367841764
Iceland,2021,...
Ireland,2021,0.00238637692712824
Italy,2021,0.0166286387777873
Luxembourg,2021,0.0047124923612019
Malta,2021,0.00446085155562138
Netherlands,2021,0.0136537490886658
Norway,2021,0.0167632184694899
Portugal,2021,0.0151644104082545
Spain,2021,0.0133768901652321
Sweden,2021,0.0118992635880485
Switzerland,2021,0.0067289247365512
United Kingdom,2021,0.0207241748249759
European Union,2021,xxx
Bahrain,2021,0.0351979682208909
Egypt,2021,0.0112200927143154
Iran,2021,0.0222394282528392
Iraq,2021,0.0226111174702371
Israel,2021,0.049349458892043
Jordan,2021,0.0470182146525246
Kuwait,2021,0.0635158136559629
Lebanon,2021,0.0160905429967969
Oman,2021,0.0662317519939364
Qatar,2021,0.064523551123317
Saudi Arabia,2021,0.0722921983667662
Syria,2021,...
Türkiye,2021,0.0185888321091456
United Arab Emirates,2021,...
"Yemen, North",2021,xxx
Yemen,2021,...
Algeria,2022,0.0405748811460294
Libya,2022,0.0434666046441666
Morocco,2022,0.0381341286888659
Tunisia,2022,0.025712401122127
Angola,2022,0.01410163657162
Benin,2022,0.00632087491743063
Botswana,2022,0.0251778285669486
Burkina Faso,2022,0.0298161566942536
Burundi,2022,0.0259858091417074
Cameroon,2022,0.00939352946747924
Cape Verde,2022,0.00456081005090828
Central African Republic,2022,0.0171086224316852
Chad,2022,0.020442448086408
"Congo, DR",2022,0.00567707215239695
"Congo, Republic",2022,0.0190798488893194
Cote d'Ivoire,2022,0.00865226904910508
Djibouti,2022,...
Equatorial Guinea,2022,0.013031878031878
Eritrea,2022,...
Ethiopia,2022,0.0150594072756186
Gabon,2022,0.013582460776711
"Gambia, The",2022,0.00705923163360025
Ghana,2022,0.00337946355940024
Guinea,2022,0.0218865717393084
Guinea-Bissau,2022,0.0139829187831807
Kenya,2022,0.0101020520038813
Lesotho,2022,0.0147290152655986
Liberia,2022,0.0131348766985405
Madagascar,2022,0.00653151211221591
Malawi,2022,0.00933234952541455
Mali,2022,0.0309091717190995
Mauritania,2022,0.0205903871155909
Mauritius,2022,0.00138698687184487
Mozambique,2022,0.0220848120068367
Namibia,2022,0.0291089959085182
Niger,2022,0.015729764923811
Nigeria,2022,0.00650166691789414
Rwanda,2022,0.0133346574344023
Senegal,2022,0.0152411336065101
Seychelles,2022,0.011392449640985
Sierra Leone,2022,0.00582258374348818
Somalia,2022,0.0116300107811428
South Africa,2022,0.00798457056094626
South Sudan,2022,0.0157467379753671
Sudan,2022,...
Eswatini,2022,0.0165499533493805
Tanzania,2022,0.0119134153738855
Togo,2022,0.0414153649480957
Uganda,2022,0.0184520857089792
Zambia,2022,0.011165478995702
Zimbabwe,2022,0.00994988109351456
Belize,2022,0.00979173785897568
Costa Rica,2022,...
Cuba,2022,...
Dominican Republic,2022,0.00679073001629194
El Salvador,2022,0.0143329011743175
Guatemala,2022,0.00461665961921935
Haiti,2022,0.000687408576027912
Honduras,2022,0.0146557698015697
Jamaica,2022,0.012899994472516
Mexico,2022,0.00685819352028866
Nicaragua,2022,0.00537113968209365
Panama,2022,...
Trinidad and Tobago,2022,0.00765634931845469
Canada,2022,0.0116713259486345
United States of America,2022,0.0330947715843109
Argentina,2022,0.00684586409291956
Bolivia,2022,0.00973250888476219
Brazil,2022,0.0105240083845945
Chile,2022,0.0154099069337002
Colombia,2022,0.0279798282722927
Ecuador,2022,0.0221851529975547
Guyana,2022,0.00601394233025198
Paraguay,2022,0.00871127145265658
Peru,2022,0.01135133506685
Uruguay,2022,0.0204278364297671
Venezuela,2022,0.00649886788939365
Australia,2022,0.0188329708969124
Fiji,2022,0.0136090769946015
New Zealand,2022,0.0117089864666233
Papua New Guinea,2022,0.00420977241775767
Afghanistan,2022,...
Bangladesh,2022,0.00990983394484057
India,2022,0.0238309809835882
Nepal,2022,0.0115743842490309
Pakistan,2022,0.0317683202352522
Sri Lanka,2022,0.013433273089473
China,2022,0.0163053389156959
Japan,2022,0.0100994395391657
"Korea, North",2022,...
"Korea, South",2022,0.0257642560395009
Mongolia,2022,0.00513936273012978
Taiwan,2022,0.0196609967182211
Brunei,2022,0.0261193002463948
Cambodia,2022,0.0154188348947322
Indonesia,2022,0.0076801260357697
Laos,2022,...
Malaysia,2022,0.00902025405170821
Myanmar,2022,0.0417058942838215
Philippines,2022,0.0131630135538263
Singapore,2022,0.0240634363671921
Thailand,2022,0.0124105269630565
Timor Leste,2022,0.0138083515113743
Viet Nam,2022,...
Kazakhstan,2022,0.00517435849596282
Kyrgyz Republic,2022,0.0290437000597407
Tajikistan,2022,0.0193089624067946
Turkmenistan,2022,...
Uzbekistan,2022,...
Albania,2022,0.0120878861551122
Bosnia and Herzegovina,2022,0.00752028730749218
Bulgaria,2022,0.0158707500372134
Croatia,2022,0.0180285265162096
Czechia,2022,0.0132690210545667
Czechoslovakia,2022,xxx
Estonia,2022,0.0213485210963824
German Democratic Republic,2022,xxx
Hungary,2022,0.0183314817173654
Kosovo,2022,0.0115004614573509
Latvia,2022,0.0225461931057619
Lithuania,2022,0.0244457587877222
North Macedonia,2022,0.0158059754666542
Montenegro,2022,0.0157303708395214
Poland,2022,0.0220458906428882
Romania,2022,0.0175011695275109
Serbia,2022,0.0217267406821898
Slovakia,2022,0.0180127696639016
Slovenia,2022,0.0129505522763484
Yugoslavia,2022,xxx
Armenia,2022,0.0408174595925594
Azerbaijan,2022,0.0379537025080483
Belarus,2022,0.0164869313490861
Georgia,2022,0.0160787681983081
Moldova,2022,0.00360059008856848
Russia,2022,0.0460728884010235
Ukraine,2022,0.256424104715416
USSR,2022,xxx
Austria,2022,0.00766706008326772
Belgium,2022,0.0116246551287247
Cyprus,2022,0.0172118847605333
Denmark,2022,0.0136156457421085
Finland,2022,0.0158854518946055
France,2022,0.0195772067476703
Germany,2022,0.0135030514561756
Greece,2022,0.0400035246143373
Iceland,2022,...
Ireland,2022,0.00212502380914468
Italy,2022,0.0165164252620196
Luxembourg,2022,0.00625325775260002
Malta,2022,0.00411834981751042
Netherlands,2022,0.0130419995572639
Norway,2022,0.0146436961628818
Portugal,2022,0.0138999857860246
Spain,2022,0.014055469125943
Sweden,2022,0.0133147661923348
Switzerland,2022,0.00682061302644033
United Kingdom,2022,0.0205691855462534
European Union,2022,6.22168491479947e-05
Bahrain,2022,0.0342339334548769
Egypt,2022,0.0101475596559521
Iran,2022,0.0211062130699384
Iraq,2022,0.0164001134527485
Israel,2022,0.0443301220057923
Jordan,2022,0.04798376906378
Kuwait,2022,0.0451075426849442
Lebanon,2022,0.0139503764342103
Oman,2022,0.052647590817834
Qatar,2022,0.0650020565272303
Saudi Arabia,2022,0.0639742215278992
Syria,2022,...
Türkiye,2022,0.0165879843534611
United Arab Emirates,2022,...
"Yemen, North",2022,xxx
Yemen,2022,...
Algeria,2023,0.0739039327356489
Libya,2023,0.0528705130951195
Morocco,2023,0.0359263420161027
Tunisia,2023,0.0248712212584858
Angola,2023,0.0140725542077164
Benin,2023,0.00757551382919002
Botswana,2023,0.0245625898216649
Burkina Faso,2023,0.040787117239204
Burundi,2023,0.034315771103264
Cameroon,2023,0.00926490469517272
Cape Verde,2023,0.00566494134671967
Central African Republic,2023,0.0237720659578149
Chad,2023,0.0211758982875058
"Congo, DR",2023,0.0111885996027452
"Congo, Republic",2023,0.0197625641072141
Cote d'Ivoire,2023,0.00864878467778842
Djibouti,2023,...
Equatorial Guinea,2023,0.0151867240610434
Eritrea,2023,...
Ethiopia,2023,0.00882490047359025
Gabon,2023,0.0132324399735374
"Gambia, The",2023,0.00581008845800962
Ghana,2023,0.00398080247565807
Guinea,2023,0.0213309701622161
Guinea-Bissau,2023,0.012348847572106
Kenya,2023,0.00975388127956637
Lesotho,2023,0.016252797841757
Liberia,2023,0.0142410022779043
Madagascar,2023,0.00647758015406905
Malawi,2023,0.0116535783959732
Mali,2023,0.0377364142226059
Mauritania,2023,0.0226048047574852
Mauritius,2023,0.0014048907662346
Mozambique,2023,0.0192823085749343
Namibia,2023,0.0274670698895234
Niger,2023,0.0197616000981122
Nigeria,2023,0.00842654277365197
Rwanda,2023,0.0125231620743593
Senegal,2023,0.0147655823980403
Seychelles,2023,0.014864216122769
Sierra Leone,2023,0.00603276275520294
Somalia,2023,0.0128520375603975
South Africa,2023,0.00754561053349382
South Sudan,2023,0.0209613379474333
Sudan,2023,...
Eswatini,2023,0.0138354667632574
Tanzania,2023,0.01210113658261
Togo,2023,0.0304669540490777
Uganda,2023,0.0180686571158733
Zambia,2023,0.0133879038934617
Zimbabwe,2023,0.00209793581326229
Belize,2023,0.00992933768484191
Costa Rica,2023,...
Cuba,2023,...
Dominican Republic,2023,0.00779308679345321
El Salvador,2023,0.0133693500391086
Guatemala,2023,0.0041898209578954
Haiti,2023,0.000540804620761845
Honduras,2023,0.0152388630538342
Jamaica,2023,0.0118599590352408
Mexico,2023,0.00660371879752505
Nicaragua,2023,0.00554656019996368
Panama,2023,...
Trinidad and Tobago,2023,0.00959389724160016
Canada,2023,0.0125316567875902
United States of America,2023,0.03304441637598
Argentina,2023,0.0075569413987974
Bolivia,2023,0.0130430837360161
Brazil,2023,0.0100237538990131
Chile,2023,0.0163026388670905
Colombia,2023,0.0296545217971359
Ecuador,2023,0.022651385614971
Guyana,2023,0.00640353101540134
Paraguay,2023,0.00922071975751778
Peru,2023,0.0123585995220031
Uruguay,2023,0.0211561237275002
Venezuela,2023,0.00500704497643446
Australia,2023,0.0186157133456052
Fiji,2023,0.0133351782363525
New Zealand,2023,0.0122064828880902
Papua New Guinea,2023,0.00336863761991679
Afghanistan,2023,...
Bangladesh,2023,0.00919471499049507
India,2023,0.0235679426678262
Nepal,2023,0.0107154635588773
Pakistan,2023,0.0288079974069692
Sri Lanka,2023,0.0164003079587098
China,2023,0.0166484889659813
Japan,2023,0.0113954641785041
"Korea, North",2023,...
"Korea, South",2023,0.0259925771052554
Mongolia,2023,0.00542565742478439
Taiwan,2023,0.0213849411742984
Brunei,2023,0.0297601749693804
Cambodia,2023,0.015448976529505
Indonesia,2023,0.00821108120466812
Laos,2023,...
Malaysia,2023,0.00981466758859051
Myanmar,2023,0.0375371612518577
Philippines,2023,0.0117630268153778
Singapore,2023,0.0283014132029943
Thailand,2023,0.011309417952786
Timor Leste,2023,0.0264956730769231
Viet Nam,2023,...
Kazakhstan,2023,0.00440775673081948
Kyrgyz Republic,2023,0.0345490593195541
Tajikistan,2023,0.0239642126155182
Turkmenistan,2023,...
Uzbekistan,2023,...
Albania,2023,0.017407334644623
Bosnia and Herzegovina,2023,0.00717630060649091
Bulgaria,2023,0.0194458310651254
Croatia,2023,0.0170663158780592
Czechia,2023,0.0147176821017418
Czechoslovakia,2023,xxx
Estonia,2023,0.0299572297522503
German Democratic Republic,2023,xxx
Hungary,2023,0.0204951096796972
Kosovo,2023,0.0127351351798076
Latvia,2023,0.0297016956920808
Lithuania,2023,0.0271300052887971
North Macedonia,2023,0.0169322815512816
Montenegro,2023,0.0151875139564723
Poland,2023,0.0326980459253118
Romania,2023,0.0160357956167259
Serbia,2023,0.0220807318692135
Slovakia,2023,0.0183861085562872
Slovenia,2023,0.0132131919558764
Yugoslavia,2023,xxx
Armenia,2023,0.0550629814850566
Azerbaijan,2023,0.0492241403839666
Belarus,2023,0.0202344784419461
Georgia,2023,0.0165864808405362
Moldova,2023,0.00570612660188445
Russia,2023,0.0540231844120686
Ukraine,2023,0.365281725077224
USSR,2023,xxx
Austria,2023,0.00870829952423219
Belgium,2023,0.0118422875211757
Cyprus,2023,0.016506068333336
Denmark,2023,0.0199961332917573
Finland,2023,0.020075369530221
France,2023,0.0195099683800051
Germany,2023,0.0148796332620564
Greece,2023,0.0288325472633445
Iceland,2023,...
Ireland,2023,0.00230374711003044
Italy,2023,0.0160646040928357
Luxembourg,2023,0.0077317942181024
Malta,2023,0.00504866253628109
Netherlands,2023,0.0144136515676766
Norway,2023,0.0181314737150102
Portugal,2023,0.0146642848168082
Spain,2023,0.014715775760116
Sweden,2023,0.0150126036606591
Switzerland,2023,0.00705659021596424
United Kingdom,2023,0.0223063973904322
European Union,2023,8.51824394119927e-05
Bahrain,2023,0.0352083573819693
Egypt,2023,0.00808918707093165
Iran,2023,0.0235179187276968
Iraq,2023,0.0226269486919183
Israel,2023,0.0538479973351622
Jordan,2023,0.0481224565580192
Kuwait,2023,0.0476885841726812
Lebanon,2023,0.0162409234575544
Oman,2023,0.0552596096461175
Qatar,2023,...
Saudi Arabia,2023,0.0728424248969983
Syria,2023,...
Türkiye,2023,0.0171991880187465
United Arab Emirates,2023,...
"Yemen, North",2023,xxx
Yemen,2023,...
Algeria,2024,0.0797145723551219
Libya,2024,...
Morocco,2024,0.0351575374206256
Tunisia,2024,0.0250636792573464
Angola,2024,0.0100049213337543
Benin,2024,0.00720549619940377
Botswana,2024,0.0283392800595041
Burkina Faso,2024,0.0467973196943363
Burundi,2024,0.0380127919699841
Cameroon,2024,0.0100912763032385
Cape Verde,2024,0.00623903407592831
Central African Republic,2024,0.0251969119903231
Chad,2024,0.0298484990097129
"Congo, DR",2024,0.0122855267131451
"Congo, Republic",2024,0.0118596121569308
Cote d'Ivoire,2024,0.00762358993041457
Djibouti,2024,...
Equatorial Guinea,2024,0.00982185856511218
Eritrea,2024,...
Ethiopia,2024,0.00650506448320295
Gabon,2024,0.01538206793748
"Gambia, The",2024,0.00574440350261863
Ghana,2024,0.00383994182354107
Guinea,2024,0.0205370337042453
Guinea-Bissau,2024,...
Kenya,2024,0.00999546585264659
Lesotho,2024,0.0156745014441231
Liberia,2024,0.00711206896551724
Madagascar,2024,0.00708648145396825
Malawi,2024,0.0102496048269861
Mali,2024,0.041981465701254
Mauritania,2024,0.0215504682070845
Mauritius,2024,0.00149590857574221
Mozambique,2024,0.0199330115632931
Namibia,2024,0.0273490195432496
Niger,2024,0.0224177586841643
Nigeria,2024,0.00555429367236392
Rwanda,2024,0.0124772078121775
Senegal,2024,0.0156647768181405
Seychelles,2024,0.0117906851761683
Sierra Leone,2024,0.00462539633893509
Somalia,2024,0.0158578050121769
South Africa,2024,0.00700150834276412
South Sudan,2024,0.019617070809135
Sudan,2024,...
Eswatini,2024,0.014440675502379
Tanzania,2024,0.01154617473534
Togo,2024,0.0199877193389434
Uganda,2024,0.0188159798311992
Zambia,2024,0.0133268361976463
Zimbabwe,2024,0.00351195023855751
Belize,2024,0.00898885869151742
Costa Rica,2024,...
Cuba,2024,...
Dominican Republic,2024,0.00782420068931067
El Salvador,2024,0.0118611916982816
Guatemala,2024,0.00367622067360881
Haiti,2024,0.00068443100204951
Honduras,2024,0.0157536270602411
Jamaica,2024,0.0127385736005958
Mexico,2024,0.00893257529320534
Nicaragua,2024,0.00545131278321867
Panama,2024,...
Trinidad and Tobago,2024,0.00921416388185832
Canada,2024,0.0131303419578919
United States of America,2024,0.0341921653228044
Argentina,2024,0.00618350391157195
Bolivia,2024,0.0137066364312669
Brazil,2024,0.00972774559040702
Chile,2024,0.0157780388625485
Colombia,2024,0.0335903368303836
Ecuador,2024,0.0222194770434425
Guyana,2024,0.00868162254451279
Paraguay,2024,0.00933106143624753
Peru,2024,0.00909288680359786
Uruguay,2024,0.0231053827798918
Venezuela,2024,...
Australia,2024,0.018837883329175
Fiji,2024,0.013128793789726
New Zealand,2024,0.0119404695449297
Papua New Guinea,2024,0.00307995782327758
Afghanistan,2024,...
Bangladesh,2024,0.00941321120606305
India,2024,0.022712033218142
Nepal,2024,0.00979452474186084
Pakistan,2024,0.0266760037007452
Sri Lanka,2024,0.0142539087177796
China,2024,0.0171129740345228
Japan,2024,0.0137139689580634
"Korea, North",2024,...
"Korea, South",2024,0.0256205259386748
Mongolia,2024,0.00742307300960191
Taiwan,2024,0.020981143723022
Brunei,2024,0.0357781609529419
Cambodia,2024,0.0152066451977199
Indonesia,2024,0.00779216788275608
Laos,2024,...
Malaysia,2024,0.00987556748730683
Myanmar,2024,0.0679452485229039
Philippines,2024,0.0132426895346612
Singapore,2024,0.028417655746547
Thailand,2024,0.0107876078016919
Timor Leste,2024,0.0266415662650602
Viet Nam,2024,...
Kazakhstan,2024,0.0042842846956594
Kyrgyz Republic,2024,0.0296620373701758
Tajikistan,2024,0.0184774975839365
Turkmenistan,2024,...
Uzbekistan,2024,...
Albania,2024,0.0203786228936679
Bosnia and Herzegovina,2024,0.00747079920408854
Bulgaria,2024,0.0214947328244853
Croatia,2024,0.0179323424509814
Czechia,2024,0.0191680849222604
Czechoslovakia,2024,xxx
Estonia,2024,0.0337400221824601
German Democratic Republic,2024,xxx
Hungary,2024,0.0215630980446665
Kosovo,2024,0.0147659639574127
Latvia,2024,0.0325799154535171
Lithuania,2024,0.0311817486440289
North Macedonia,2024,0.0210352863426818
Montenegro,2024,0.0183253539270475
Poland,2024,0.0415439387975356
Romania,2024,0.0229815245791591
Serbia,2024,0.0259513983105714
Slovakia,2024,0.0201078152849676
Slovenia,2024,0.0131001116486788
Yugoslavia,2024,xxx
Armenia,2024,0.0548174920349075
Azerbaijan,2024,0.0499292395978321
Belarus,2024,0.0207364910790144
Georgia,2024,0.0186402941794564
Moldova,2024,0.00597780838491135
Russia,2024,0.0705233864500366
Ukraine,2024,0.344815297701892
USSR,2024,xxx
Austria,2024,0.00999843177036641
Belgium,2024,0.012770531266155
Cyprus,2024,0.0164735214954921
Denmark,2024,0.0241617454160591
Finland,2024,0.0229979173712597
France,2024,0.0205257687860637
Germany,2024,0.0189190377205494
Greece,2024,0.0312797536550149
Iceland,2024,...
Ireland,2024,0.00239096332495524
Italy,2024,0.0160924561245844
Luxembourg,2024,0.00962679157025622
Malta,2024,0.00451123319487248
Netherlands,2024,0.0191642541759119
Norway,2024,0.0209124111193175
Portugal,2024,0.0153226822745255
Spain,2024,0.0143210737406914
Sweden,2024,0.0199771738810168
Switzerland,2024,0.00717812077671144
United Kingdom,2024,0.022786177901127
European Union,2024,7.70944711000724e-05
Bahrain,2024,0.028946654057963
Egypt,2024,0.00665263620234986
Iran,2024,0.0201043175751636
Iraq,2024,0.0235714058035714
Israel,2024,0.0877671668977531
Jordan,2024,0.0480018703722722
Kuwait,2024,0.0484093247384389
Lebanon,2024,0.0258828538225203
Oman,2024,0.0559419531945284
Qatar,2024,...
Saudi Arabia,2024,0.072981029390103
Syria,2024,...
Türkiye,2024,0.0192255231276371
United Arab Emirates,2024,...
"Yemen, North",2024,xxx
Yemen,2024,...
